customerid,subscription_start_date,subscription_type,renewal_date,plan_type,contract_type,cancellation_date,cancellation_reason,monthly_charges,cltv,churn_score,churn_flag,customer_name,country,state,gender,dob,complaint_date,escalations,csat_score,complaint_count
0002-ORFBO,2021-03-15,Refferal,2025-03-15,Standard,Annual,,,13.99,627,12,0,keshav,India,Maharashtra,Male,1982-04-12 00:00:00,,,,
0003-MKNFE,2020-08-01,Paid,2024-08-01,Premium,Annual,2024-09-10,Switched to competitor,12.99,1150,91,1,raghav,India,Karnataka,Male,1995-11-23 00:00:00,2024-08-28,N,60.0,2.0
0004-TLHLJ,2022-11-20,Organic,2025-11-20,Basic,Monthly,,,6.99,210,34,0,lalita,India,Delhi,Female,1978-02-15 00:00:00,,,,
0011-IGKFF,2019-05-10,Paid,2025-05-10,Premium,Annual,,,22.99,1725,8,0,mohan,India,Nagaland,Male,2001-08-30 00:00:00,,,,
0013-EXCHZ,2023-01-05,Refferal,2024-01-05,Standard,Monthly,2024-02-28,Too expensive,13.99,195,88,1,mira,India,Delhi,Female,1990-05-05 00:00:00,2024-01-20,Y,20.0,1.0
0013-MHZWF,2022-06-18,Paid,2025-06-18,Standard,Annual,,,17.99,720,22,0,durga,India,Delhi,Female,1988-12-10 00:00:00,2025-03-18,N,90.0,1.0
0013-SMEOE,2021-09-30,Refferal,2024-09-30,Basic,Monthly,2024-11-15,Not enough content,8.99,230,79,1,mina,India,Meghalaya,Female,1976-09-21 00:00:00,2024-11-01,N,30.0,1.0
0014-BMAQU,2020-02-14,Organic,2025-02-14,Premium,Annual,,,22.99,1840,5,0,madan,India,Rajasthan,Male,1999-03-14 00:00:00,,,,
0015-UOCOJ,2023-07-22,Organic,2024-07-22,Standard,Monthly,,,13.99,240,34,0,maya,Nepal,Kathmandu,Female,1985-07-07 00:00:00,,,,
0016-QLJIS,2022-04-03,Organic,2025-04-03,Basic,Annual,,,6.99,335,41,0,arjun,Nepal,Kathmandu,Male,1993-10-29 00:00:00,,,,
0017-DINOC,2021-12-01,Organic,2025-12-01,Premium,Annual,,,22.99,1610,14,0,shiva,India,Maharashtra,Male,1997-01-22 00:00:00,,,,
0017-IUDMW,2023-03-17,Refferal,2024-03-17,Standard,Monthly,2024-05-01,Poor streaming quality,7.99,270,83,1,rangadevi,India,Karnataka,Female,1981-06-18 00:00:00,2024-04-10,Y,25.0,1.0
0018-NYROU,2020-10-09,Organic,2025-10-09,Standard,Annual,,,13.99,980,19,0,chitra,India,Telangana,Female,2004-12-01 00:00:00,,,,
0019-EFAEP,2022-08-25,Refferal,2024-08-25,Basic,Monthly,2024-10-31,Switched to competitor,12.99,160,76,1,raju,India,Meghalaya,Female,1992-04-25 00:00:00,2024-09-27,Y,30.0,1.0
0019-GFNTW,2019-11-11,Paid,2025-11-11,Premium,Annual,,,92.99,2185,3,0,Madhav,India,Uttar Pradesh,Male,1979-11-11 00:00:00,,,,
0020-INWCK,2023-05-06,Organic,2025-05-06,Standard,Monthly,,,13.99,640,58,0,parvati,India,Delhi,Female,1986-02-28 00:00:00,,,,
0020-JDNXP,2022-01-19,Organic,2024-01-19,Premium,Annual,,,20.99,550,62,0,rikim,India,Meghalaya,Female,1994-08-19 00:00:00,,,,
0021-IKXGC,2021-07-07,Paid,2025-07-07,Standard,Annual,,,13.99,840,27,0,vishakha,India,Rajasthan,Female,2000-09-02 00:00:00,,,,
0022-TCJCI,2023-09-14,Refferal,2024-09-14,Basic,Monthly,2024-09-14,Forgot to cancel trial,16.99,42,99,1,raghvendra,India,Telangana,Male,1983-12-30 00:00:00,2024-09-14,N,90.0,2.0
0023-HGHWL,2020-06-23,Organic,2025-06-23,Premium,Annual,,,22.99,1955,7,0,rishabh,India,Uttar Pradesh,Male,1991-05-14 00:00:00,,,,
0023-UYUPN,2022-12-31,Paid,2025-12-31,Standard,Monthly,,,13.99,790,47,0,sudevi,India,Maharashtra,Female,1977-10-06 00:00:00,,,,
1824-AHFTR,2020-10-12,Refferal,2021-10-12,Premium,Annual,,,58.86,882,51,0,daksh,India,Telangana,Male,1965-02-03 11:31:25,,,,
6924-IEYIC,2022-01-17,Paid,2022-02-16,Basic,Monthly,,,8.46,194,5,0,mahika,India,Meghalaya,Female,1997-11-26 11:31:25,,,,
4741-ZWWJL,2024-11-14,Paid,2025-11-14,Premium,Annual,2026-06-22,Too expensive,36.35,2035,96,1,ekaraj,India,Rajasthan,Male,1980-08-21 11:31:25,,,,
0916-FAIGF,2024-01-13,Refferal,2025-01-12,Standard,Annual,,,14.36,1278,28,0,caleb,Nepal,Kathmandu,Male,2001-06-22 11:31:25,2024-10-28,Y,13.0,2.0
2621-UKBJZ,2023-07-18,Paid,2024-07-17,Standard,Annual,,,13.6,652,65,0,kamala,India,Maharashtra,Female,1966-12-18 11:31:25,,,,
2927-NCQVN,2023-11-12,Refferal,2023-12-12,Premium,Monthly,2024-07-30,Forgot to cancel trial,91.89,2297,72,1,amara,India,Delhi,Female,2004-04-07 11:31:25,,,,
1133-ZNDRY,2021-11-26,Paid,2021-12-26,Premium,Monthly,,,46.0,2116,17,0,ubika,India,Telangana,Female,2005-01-25 11:31:25,2025-10-25,N,87.0,1.0
1163-SBBAI,2024-12-31,Refferal,2025-12-31,Premium,Annual,,,48.52,2911,30,0,aarush,India,Uttar Pradesh,Male,1968-07-22 11:31:25,2025-06-25,Y,22.0,2.0
1790-GELKH,2021-07-13,Refferal,2022-07-13,Standard,Annual,,,15.51,1178,16,0,maya,India,Uttar Pradesh,Female,2006-01-22 11:31:25,,,,
0960-EAKYU,2021-03-23,Refferal,2022-03-23,Standard,Annual,,,11.29,925,13,0,om,India,Uttar Pradesh,Male,1983-04-22 11:31:25,2025-05-25,N,54.0,1.0
3853-KYOPB,2025-07-05,Refferal,2025-08-04,Premium,Monthly,,,52.28,836,32,0,praneel,India,Rajasthan,Male,1975-01-05 11:31:25,,,,
9224-ZBFGY,2025-04-11,Organic,2025-05-11,Premium,Monthly,2026-03-31,Switched to competitor,18.58,594,78,1,kevin,India,Rajasthan,Male,1995-12-31 11:31:25,2026-02-05,N,67.0,1.0
3450-SFQGM,2026-03-26,Organic,2026-04-25,Standard,Monthly,,,13.64,395,7,0,diya,Nepal,Kathmandu,Female,1981-07-05 11:31:25,,,,
2442-OVPDD,2021-02-02,Paid,2021-03-04,Basic,Monthly,,,9.89,445,58,0,saanvi,India,Maharashtra,Female,1975-07-14 11:31:25,2025-11-23,N,71.0,2.0
6745-UWVGU,2023-12-16,Refferal,2024-12-15,Premium,Annual,2026-03-01,Not enough content,47.87,2824,90,1,pratyush,India,Uttar Pradesh,Male,1997-12-25 11:31:25,,,,
8785-IAWGP,2020-11-25,Organic,2021-11-25,Standard,Annual,,,11.26,934,46,0,bakhshi,Nepal,Kathmandu,Male,1984-10-29 11:31:25,,,,
3228-JBRII,2025-01-30,Refferal,2025-03-01,Premium,Monthly,2025-12-19,Poor streaming quality,46.43,3946,96,1,jhalak,India,Meghalaya,Female,1993-04-29 11:31:25,2026-08-11,N,87.0,1.0
5279-MLFMX,2025-08-14,Paid,2026-08-14,Basic,Annual,,,6.58,157,32,0,jackson,India,Karnataka,Male,1986-10-04 11:31:25,2025-05-25,Y,32.0,1.0
6547-GRATU,2024-04-16,Paid,2024-05-16,Basic,Monthly,,,8.66,614,42,0,vasana,India,Delhi,Female,2003-02-26 11:31:25,,,,
8270-LXLEW,2021-07-28,Paid,2021-08-27,Standard,Monthly,2022-06-16,Too expensive,13.01,832,92,1,rajata,India,Meghalaya,Female,2003-06-15 11:31:25,2025-05-07,N,71.0,1.0
6812-BVKUY,2024-09-02,Organic,2024-10-02,Premium,Monthly,,,73.09,5627,17,0,lila,India,Telangana,Female,1988-03-30 11:31:25,2026-01-02,N,75.0,1.0
7657-XZNXP,2024-02-21,Paid,2025-02-20,Standard,Annual,,,16.27,1106,19,0,balendra,India,Telangana,Male,1998-02-08 11:31:25,,,,
7705-AOZJQ,2023-09-16,Paid,2024-09-15,Standard,Annual,2025-10-25,Too expensive,16.68,483,94,1,frederick,India,Maharashtra,Male,1974-07-28 11:31:25,,,,
5096-CAIRY,2021-07-30,Paid,2021-08-29,Standard,Monthly,2024-01-08,Not enough content,16.89,388,86,1,krisha,India,Karnataka,Female,1978-06-22 11:31:25,,,,
0207-WVCYQ,2022-03-10,Paid,2022-04-09,Premium,Monthly,2023-08-09,Switched to competitor,50.66,2533,98,1,ranveer,India,Telangana,Male,2003-06-30 11:31:25,,,,
7613-ORIMI,2024-07-28,Refferal,2025-07-28,Premium,Annual,,,59.63,4591,31,0,imaran,India,Meghalaya,Male,1981-06-21 11:31:25,,,,
1524-HKGRJ,2021-12-15,Refferal,2022-01-14,Standard,Monthly,2023-03-18,Poor streaming quality,14.21,710,93,1,ayaan,India,Rajasthan,Male,1997-05-24 11:31:25,,,,
8595-PZVHJ,2025-04-07,Organic,2025-05-07,Premium,Monthly,,,83.44,5924,24,0,amol,India,Delhi,Male,1961-07-30 11:31:25,2025-06-10,N,80.0,1.0
1070-KBQBD,2021-11-07,Paid,2021-12-07,Premium,Monthly,,,51.19,2764,39,0,bachittar,India,Nagaland,Male,1994-01-09 11:31:25,,,,
9988-YCTQG,2021-11-10,Refferal,2022-11-10,Premium,Annual,,,70.71,3394,53,0,nakul,India,Karnataka,Male,1993-05-03 11:31:25,,,,
9663-RYLOQ,2022-11-29,Refferal,2022-12-29,Premium,Monthly,,,70.47,5496,31,0,zaid,Nepal,Kathmandu,Male,1984-04-13 11:31:25,2026-06-20,N,70.0,1.0
0423-CZVOY,2021-06-17,Organic,2021-07-17,Premium,Monthly,,,79.06,5297,24,0,vasudha,Nepal,Kathmandu,Female,1972-05-27 11:31:25,2024-12-01,Y,23.0,1.0
4722-RKTAC,2024-12-06,Refferal,2025-01-05,Premium,Monthly,,,74.72,3063,20,0,lekha,India,Telangana,Female,1956-10-15 11:31:25,,,,
4719-LSDZP,2025-10-19,Organic,2025-11-18,Premium,Monthly,2026-03-22,Poor streaming quality,29.54,2245,85,1,upadhriti,India,Maharashtra,Female,1965-01-18 11:31:25,2025-06-08,N,88.0,1.0
2236-WHUKY,2026-05-16,Paid,2026-06-15,Basic,Monthly,,,7.5,337,39,0,januja,India,Meghalaya,Female,2000-08-12 11:31:25,2025-08-16,N,74.0,2.0
2492-MANPW,2025-08-03,Paid,2025-09-02,Basic,Monthly,,,7.34,418,57,0,arjun,India,Uttar Pradesh,Male,1969-08-14 11:31:25,,,,
8742-JISTW,2024-03-30,Organic,2024-04-29,Premium,Monthly,2026-07-08,Switched to competitor,70.04,3642,81,1,ganga,India,Meghalaya,Female,1964-10-17 11:31:25,2026-03-23,N,86.0,1.0
2950-ECWQG,2024-01-25,Organic,2025-01-24,Premium,Annual,2025-10-02,Not enough content,29.84,2058,92,1,udyati,Nepal,Kathmandu,Female,1997-12-01 11:31:25,2025-10-30,Y,22.0,2.0
9417-HSAVK,2023-09-06,Refferal,2024-09-05,Basic,Annual,2024-06-27,Switched to competitor,6.87,137,79,1,vivaan,India,Maharashtra,Male,2001-04-01 11:31:25,,,,
0546-PTCHT,2024-07-19,Paid,2025-07-19,Basic,Annual,2024-10-19,Too expensive,8.98,386,97,1,aashi,India,Rajasthan,Female,1981-02-19 11:31:25,,,,
6511-ZUJUA,2024-07-22,Organic,2025-07-22,Premium,Annual,2025-11-24,Not enough content,86.63,5804,73,1,deepa,India,Meghalaya,Female,1990-01-05 11:31:25,2025-09-17,N,81.0,2.0
7432-JYSOP,2021-04-12,Refferal,2022-04-12,Premium,Annual,,,35.7,2213,37,0,panini,India,Karnataka,Female,1993-04-20 11:31:25,,,,
5876-BHZYV,2021-07-19,Refferal,2022-07-19,Basic,Annual,,,6.82,388,52,0,teerth,India,Maharashtra,Male,1986-08-10 11:31:25,2026-01-30,N,84.0,2.0
2858-CWDJU,2026-03-23,Organic,2026-04-22,Premium,Monthly,,,26.17,523,49,0,karan,India,Meghalaya,Male,1994-06-15 11:31:25,,,,
8543-HQAZW,2023-07-23,Paid,2024-07-22,Premium,Annual,,,71.4,3712,32,0,gaurav,India,Uttar Pradesh,Male,1963-12-08 11:31:25,,,,
7048-CSWQT,2025-08-23,Refferal,2026-08-23,Premium,Annual,2026-05-07,Switched to competitor,67.87,1764,96,1,damyanti,India,Uttar Pradesh,Female,1993-10-23 11:31:25,2025-03-27,N,73.0,1.0
9115-BYORK,2024-02-20,Paid,2025-02-19,Standard,Annual,2026-07-19,Forgot to cancel trial,14.93,925,73,1,yashica,India,Telangana,Female,1961-04-20 11:31:25,,,,
9406-FLOTQ,2022-10-15,Refferal,2023-10-15,Basic,Annual,2022-12-31,Switched to competitor,8.26,677,76,1,faraj,India,Meghalaya,Male,1981-03-15 11:31:25,2024-12-17,Y,19.0,1.0
9299-PWETB,2025-12-01,Paid,2025-12-31,Standard,Monthly,,,15.06,813,5,0,zilmil,India,Telangana,Female,1996-05-05 11:31:25,2025-11-01,Y,16.0,2.0
4742-IATEJ,2025-12-24,Paid,2026-01-23,Premium,Monthly,2026-04-21,Switched to competitor,48.32,2705,75,1,daksh,India,Rajasthan,Male,1960-06-25 11:31:25,,,,
7538-VXCVG,2022-01-05,Paid,2022-02-04,Premium,Monthly,,,32.53,1073,18,0,nikita,India,Telangana,Female,1987-02-23 11:31:25,2025-02-13,Y,14.0,1.0
1234-EUMTT,2021-02-16,Paid,2021-03-18,Standard,Monthly,2023-09-14,Switched to competitor,11.33,249,81,1,chaaya,India,Rajasthan,Female,1985-01-18 11:31:25,,,,
1257-QZCPJ,2025-04-30,Refferal,2025-05-30,Standard,Monthly,2026-05-15,Switched to competitor,11.61,917,90,1,xavier,India,Maharashtra,Male,2007-12-22 11:31:25,2026-08-05,N,78.0,1.0
9991-EJHKI,2021-05-17,Organic,2022-05-17,Basic,Annual,2022-03-17,Not enough content,8.4,453,90,1,dev,India,Rajasthan,Male,1965-03-01 11:31:25,,,,
6421-DSCOQ,2026-01-30,Organic,2027-01-30,Standard,Annual,,,15.59,530,7,0,vyanjana,India,Karnataka,Female,1994-09-03 11:31:25,2025-09-10,N,52.0,2.0
2147-PEESQ,2026-03-08,Organic,2026-04-07,Standard,Monthly,,,12.43,484,26,0,siddharth,Nepal,Kathmandu,Male,1977-12-30 11:31:25,,,,
9345-ZMHJN,2024-09-26,Refferal,2025-09-26,Basic,Annual,,,9.39,460,31,0,irya,Nepal,Kathmandu,Female,1961-05-14 11:31:25,,,,
2414-VCXVX,2026-05-11,Paid,2027-05-11,Standard,Annual,2026-05-30,Not enough content,15.28,1146,92,1,sudiksha,Nepal,Kathmandu,Female,1977-11-02 11:31:25,,,,
7685-LACGV,2023-02-27,Paid,2023-03-29,Premium,Monthly,,,22.7,1884,4,0,rachit,India,Telangana,Male,1982-07-14 11:31:25,,,,
9421-GDLPG,2023-03-27,Organic,2024-03-26,Premium,Annual,,,47.27,2930,19,0,yauvani,India,Karnataka,Female,1989-01-14 11:31:25,,,,
5850-UITQU,2021-12-05,Paid,2022-01-04,Premium,Monthly,2024-07-14,Switched to competitor,65.37,3399,76,1,jatin,India,Maharashtra,Male,1987-01-22 11:31:25,2025-04-25,Y,39.0,1.0
6524-ZOGTE,2024-01-08,Organic,2024-02-07,Standard,Monthly,,,12.11,980,20,0,ishwar,India,Rajasthan,Male,1989-09-14 11:31:25,,,,
6955-CPVOI,2021-01-17,Paid,2022-01-17,Basic,Annual,,,8.45,185,7,0,aarush,India,Meghalaya,Male,1994-11-30 11:31:25,,,,
6655-JURYD,2021-12-14,Paid,2022-01-13,Premium,Monthly,,,68.92,1654,39,0,ayushman,India,Maharashtra,Male,1977-11-10 11:31:25,2026-06-13,N,67.0,1.0
1858-AENXD,2021-01-16,Refferal,2021-02-15,Standard,Monthly,,,12.03,661,45,0,oni,India,Nagaland,Female,1982-04-22 11:31:25,2025-02-10,N,69.0,1.0
2852-UNDFD,2021-11-13,Paid,2022-11-13,Premium,Annual,,,53.89,4742,7,0,watika,India,Rajasthan,Female,2006-03-06 11:31:25,2024-11-25,Y,24.0,1.0
5644-DVOPT,2022-01-13,Paid,2022-02-12,Standard,Monthly,,,16.64,782,15,0,vritti,India,Maharashtra,Female,2003-03-03 11:31:25,,,,
9024-HQPCQ,2025-04-12,Refferal,2025-05-12,Standard,Monthly,,,14.84,1305,29,0,vritti,India,Delhi,Female,1986-12-23 11:31:25,,,,
0496-MQHYM,2021-03-07,Paid,2022-03-07,Standard,Annual,,,16.16,953,65,0,ikshita,India,Meghalaya,Female,1962-01-23 11:31:25,2025-12-15,N,56.0,2.0
2308-CHJPG,2023-04-28,Paid,2023-05-28,Standard,Monthly,,,11.13,500,16,0,samesh,India,Rajasthan,Male,1984-09-28 11:31:25,,,,
0797-BMWRM,2024-07-05,Paid,2024-08-04,Premium,Monthly,2025-12-18,Poor streaming quality,32.59,2770,78,1,avi,India,Telangana,Male,1980-05-31 11:31:25,,,,
1946-DCJZO,2020-12-26,Paid,2021-12-26,Standard,Annual,,,16.35,899,13,0,chavvi,India,Telangana,Female,1960-10-01 11:31:25,2026-02-04,N,87.0,1.0
8351-NSHVJ,2022-01-25,Organic,2023-01-25,Premium,Annual,,,35.06,2874,43,0,darika,India,Meghalaya,Female,1959-01-29 11:31:25,,,,
6229-DRAYC,2023-09-21,Paid,2023-10-21,Premium,Monthly,,,60.06,3783,23,0,girish,India,Delhi,Male,1974-12-24 11:31:25,,,,
7531-XIJUS,2023-01-23,Organic,2024-01-23,Premium,Annual,,,69.76,5999,62,0,ekaraj,India,Uttar Pradesh,Male,1978-10-20 11:31:25,,,,
4480-HOOXK,2023-04-19,Refferal,2023-05-19,Premium,Monthly,,,33.15,1624,11,0,liam,India,Delhi,Male,1982-06-29 11:31:25,2026-05-22,Y,11.0,1.0
8700-FGCIM,2023-03-09,Refferal,2023-04-08,Standard,Monthly,2023-06-08,Too expensive,15.6,1060,98,1,baljiwan,India,Delhi,Male,1999-05-13 11:31:25,,,,
0595-ZKMYZ,2020-12-05,Paid,2021-12-05,Premium,Annual,,,84.68,4149,15,0,chandran,Nepal,Kathmandu,Male,1966-04-25 11:31:25,,,,
5417-ELGET,2026-03-17,Paid,2027-03-17,Standard,Annual,2026-06-06,Poor streaming quality,11.83,532,84,1,abhimanyu,India,Nagaland,Male,1993-01-24 11:31:25,,,,
5400-HSAQS,2021-08-05,Paid,2022-08-05,Premium,Annual,2022-05-20,Poor streaming quality,88.54,3010,84,1,jagat,India,Meghalaya,Male,2001-10-08 11:31:25,,,,
9924-JSXTU,2023-05-28,Refferal,2023-06-27,Premium,Monthly,2025-04-13,Forgot to cancel trial,55.9,3968,73,1,watika,India,Karnataka,Female,2004-01-27 11:31:25,,,,
9554-MXLBD,2025-10-29,Paid,2026-10-29,Premium,Annual,2025-12-13,Switched to competitor,21.39,1604,71,1,suhani,India,Uttar Pradesh,Female,1984-05-02 11:31:25,2024-12-19,Y,30.0,1.0
6887-JXLXJ,2026-04-21,Refferal,2026-05-21,Basic,Monthly,,,9.33,690,46,0,aadhya,India,Delhi,Female,1987-11-20 11:31:25,,,,
6948-NVGJH,2025-12-18,Refferal,2026-12-18,Standard,Annual,,,14.55,305,18,0,kevin,Nepal,Kathmandu,Male,1994-04-19 11:31:25,,,,
6590-LOTUD,2022-04-12,Refferal,2022-05-12,Standard,Monthly,,,11.36,420,43,0,vasana,Nepal,Kathmandu,Female,1985-06-15 11:31:25,,,,
9107-MZYRU,2021-07-12,Paid,2021-08-11,Premium,Monthly,,,78.42,5332,38,0,yagnesh,India,Delhi,Male,1973-03-08 11:31:25,,,,
6363-GFQXW,2021-11-21,Refferal,2021-12-21,Basic,Monthly,,,8.89,506,22,0,manbir,India,Nagaland,Male,1990-07-11 11:31:25,,,,
0251-FETTT,2023-12-20,Paid,2024-01-19,Premium,Monthly,,,37.61,1015,54,0,ayush,Nepal,Kathmandu,Male,1978-02-27 11:31:25,,,,
7692-TIFIB,2024-12-08,Refferal,2025-01-07,Premium,Monthly,,,36.42,2112,19,0,azaan,India,Maharashtra,Male,2008-08-23 11:31:25,,,,
8005-ZQMEU,2020-12-04,Organic,2021-12-04,Standard,Annual,2021-09-26,Too expensive,15.9,365,92,1,ayush,India,Uttar Pradesh,Male,2005-04-28 11:31:25,2025-08-04,N,53.0,1.0
7916-RANKA,2020-12-18,Refferal,2021-01-17,Standard,Monthly,,,12.14,594,53,0,farhan,India,Meghalaya,Male,1995-04-26 11:31:25,2025-08-27,N,86.0,1.0
3700-HVCZQ,2021-01-11,Organic,2021-02-10,Premium,Monthly,,,42.84,3512,61,0,idika,India,Telangana,Female,1961-09-20 11:31:25,2024-10-09,N,86.0,1.0
0762-YRHOR,2022-12-16,Refferal,2023-01-15,Standard,Monthly,,,12.43,1044,24,0,kamya,India,Maharashtra,Female,1969-08-15 11:31:25,2026-07-10,N,55.0,1.0
5666-BLVIT,2023-12-19,Paid,2024-01-18,Premium,Monthly,,,31.92,1659,54,0,jatin,Nepal,Kathmandu,Male,1981-03-17 11:31:25,2024-09-19,Y,22.0,1.0
2527-TICAI,2023-01-18,Refferal,2023-02-17,Premium,Monthly,2025-03-31,Switched to competitor,24.97,1298,83,1,banjeet,India,Delhi,Male,1995-05-09 11:31:25,2025-10-21,N,65.0,1.0
2778-REGGD,2022-06-16,Paid,2023-06-16,Premium,Annual,2024-09-18,Not enough content,52.33,3296,95,1,yutika,India,Meghalaya,Female,1963-08-03 11:31:25,,,,
7212-IVWZD,2021-10-23,Paid,2022-10-23,Premium,Annual,,,61.18,3976,26,0,leena,India,Nagaland,Female,1972-08-15 11:31:25,2026-01-26,N,84.0,1.0
9012-ASYFU,2022-03-01,Paid,2022-03-31,Basic,Monthly,,,6.29,415,37,0,kashvi,India,Telangana,Female,1969-03-04 11:31:25,,,,
6853-OUJXN,2024-07-01,Paid,2025-07-01,Premium,Annual,,,90.5,2534,3,0,ekaja,India,Nagaland,Female,1988-07-14 11:31:25,2025-03-28,N,85.0,1.0
9424-FJMRR,2025-12-23,Paid,2026-01-22,Standard,Monthly,,,13.05,769,33,0,nakul,India,Uttar Pradesh,Male,1994-01-02 11:31:25,2026-07-06,N,54.0,1.0
1885-AICUY,2023-04-10,Refferal,2024-04-09,Premium,Annual,,,50.4,2016,31,0,aayush,India,Delhi,Male,1994-12-09 11:31:25,,,,
6370-AFHSU,2021-01-21,Paid,2021-02-20,Premium,Monthly,,,62.76,3702,25,0,chandresh,India,Delhi,Male,1974-05-14 11:31:25,,,,
2826-VSHPC,2023-07-19,Refferal,2023-08-18,Premium,Monthly,,,31.92,1181,38,0,hredhaan,India,Meghalaya,Male,1990-03-06 11:31:25,2024-11-25,Y,36.0,1.0
0878-WYMFJ,2025-09-13,Paid,2026-09-13,Basic,Annual,2026-02-22,Too expensive,6.87,501,88,1,priya,India,Telangana,Female,1993-12-22 11:31:25,,,,
8115-OCCUV,2022-10-06,Organic,2022-11-05,Basic,Monthly,,,7.18,423,58,0,krisha,India,Maharashtra,Female,1996-04-13 11:31:25,,,,
7193-WDVFT,2023-02-27,Paid,2024-02-27,Premium,Annual,,,62.75,3263,21,0,farhan,India,Telangana,Male,1969-03-06 11:31:25,,,,
8428-ZRCZU,2024-02-26,Organic,2024-03-27,Premium,Monthly,2025-05-10,Poor streaming quality,54.7,3938,72,1,nidhi,Nepal,Kathmandu,Female,1968-08-04 11:31:25,,,,
1525-KTSWL,2020-09-06,Organic,2020-10-06,Premium,Monthly,,,90.6,5073,56,0,zarna,India,Karnataka,Female,1997-10-25 11:31:25,2026-04-10,Y,37.0,1.0
5631-XTBQV,2025-12-29,Organic,2026-01-28,Standard,Monthly,2026-04-15,Not enough content,16.24,405,81,1,mason,India,Delhi,Male,1956-09-30 11:31:25,,,,
2711-BQSTL,2026-01-13,Refferal,2026-02-12,Standard,Monthly,,,11.71,889,7,0,damini,India,Nagaland,Female,1968-08-04 11:31:25,2024-11-27,N,56.0,1.0
4902-DUTDZ,2025-10-02,Refferal,2025-11-01,Premium,Monthly,2025-12-07,Too expensive,69.48,2084,88,1,devika,India,Maharashtra,Female,1971-05-30 11:31:25,,,,
5759-ZIDHC,2022-03-15,Paid,2023-03-15,Premium,Annual,2023-08-02,Poor streaming quality,74.08,4741,73,1,garima,India,Meghalaya,Female,1959-02-03 11:31:25,2025-11-06,Y,38.0,1.0
5916-YDWOJ,2021-10-22,Paid,2022-10-22,Premium,Annual,,,55.57,1389,43,0,onveer,India,Karnataka,Male,,,,,
2501-HINFV,2023-07-18,Refferal,2023-08-17,Premium,Monthly,2024-07-26,Switched to competitor,51.99,831,92,1,kevin,India,Karnataka,Male,1995-12-08 11:31:25,2025-02-20,N,72.0,1.0
4247-EDUGX,2021-03-02,Paid,2021-04-01,Premium,Monthly,2022-02-02,Not enough content,22.15,620,98,1,atharv,India,Telangana,Male,1962-06-01 11:31:25,,,,
1889-FNBWG,2025-05-28,Paid,2025-06-27,Standard,Monthly,2025-07-21,Forgot to cancel trial,13.49,836,73,1,siddharth,India,Delhi,Male,1959-11-10 11:31:25,,,,
0862-EUZYB,2020-08-28,Organic,2021-08-28,Premium,Annual,,,36.18,1447,49,0,anthony,India,Meghalaya,Male,2006-04-22 11:31:25,,,,
4016-DYAOQ,2024-04-19,Paid,2025-04-19,Standard,Annual,,,13.94,697,8,0,dhruv,India,Rajasthan,Male,1990-06-11 11:31:25,2025-02-28,N,76.0,1.0
6102-LTPNQ,2023-10-23,Organic,2024-10-22,Premium,Annual,2024-01-22,Too expensive,73.14,2340,94,1,timothy,India,Maharashtra,Male,1968-05-31 11:31:25,,,,
1785-EEMKN,2023-11-11,Paid,2023-12-11,Premium,Monthly,2025-11-23,Too expensive,34.12,2047,82,1,unni,Nepal,Kathmandu,Female,1967-06-12 11:31:25,,,,
4896-GZAKL,2021-01-26,Refferal,2021-02-25,Standard,Monthly,,,13.39,334,40,0,daksh,India,Uttar Pradesh,Male,1969-03-24 11:31:25,,,,
1228-ABXLD,2023-10-10,Paid,2024-10-09,Premium,Annual,,,46.69,1774,20,0,falan,Nepal,Kathmandu,Male,1998-01-16 11:31:25,2026-04-23,Y,29.0,2.0
9022-MCJKQ,2023-02-09,Paid,2024-02-09,Standard,Annual,,,12.61,226,60,0,falak,India,Maharashtra,Female,1988-11-26 11:31:25,,,,
4602-BZNTZ,2022-05-30,Organic,2022-06-29,Premium,Monthly,2023-10-11,Forgot to cancel trial,88.13,4847,95,1,ansh,Nepal,Kathmandu,Male,1961-09-14 11:31:25,,,,
5878-XASYO,2025-10-21,Refferal,2025-11-20,Premium,Monthly,2026-01-10,Not enough content,18.04,667,99,1,anusha,India,Uttar Pradesh,Female,1972-06-08 11:31:25,,,,
5301-BDSDC,2024-07-23,Organic,2024-08-22,Premium,Monthly,,,50.76,2791,14,0,henry,India,Karnataka,Male,1992-03-05 11:31:25,,,,
9207-SYUFP,2022-09-02,Organic,2022-10-02,Basic,Monthly,,,6.12,263,43,0,charan,India,Meghalaya,Male,1956-11-05 11:31:25,,,,
8129-DTGZE,2026-03-28,Organic,2027-03-28,Premium,Annual,,,21.6,777,59,0,samar,India,Rajasthan,Male,1980-06-24 11:31:25,2026-06-28,N,86.0,2.0
3695-EBVHI,2025-08-10,Refferal,2026-08-10,Premium,Annual,2026-07-25,Too expensive,64.01,4480,75,1,kashish,Nepal,Kathmandu,Female,1971-02-14 11:31:25,2026-08-04,N,76.0,1.0
8849-GHGBO,2025-09-14,Refferal,2026-09-14,Standard,Annual,2025-11-27,Not enough content,12.01,780,85,1,gaurang,India,Rajasthan,Male,1964-07-19 11:31:25,,,,
4341-COEXJ,2021-09-01,Refferal,2022-09-01,Premium,Annual,,,78.6,3458,38,0,advik,India,Uttar Pradesh,Male,1980-10-12 11:31:25,2026-06-27,N,84.0,1.0
7779-OGHKW,2025-04-01,Refferal,2026-04-01,Premium,Annual,,,92.11,3039,56,0,samesh,India,Delhi,Male,1996-12-21 11:31:25,,,,
5238-XXBKK,2022-03-04,Paid,2022-04-03,Premium,Monthly,,,29.1,785,62,0,jeet,India,Uttar Pradesh,Male,1957-10-18 11:31:25,2026-03-19,N,84.0,2.0
7955-OMEKQ,2025-07-29,Refferal,2025-08-28,Premium,Monthly,2026-04-21,Switched to competitor,43.33,1906,74,1,anjali,India,Telangana,Female,1986-06-05 11:31:25,2025-01-30,N,70.0,1.0
6828-PCLXK,2022-08-25,Paid,2022-09-24,Basic,Monthly,2023-10-25,Switched to competitor,8.09,372,71,1,veda,India,Rajasthan,Female,2002-11-30 11:31:25,,,,
5904-SHVNQ,2021-12-02,Paid,2022-01-01,Standard,Monthly,,,16.36,834,4,0,jhalak,India,Rajasthan,Female,1996-09-15 11:31:25,2025-12-16,N,63.0,1.0
3688-RGKAU,2022-07-11,Paid,2023-07-11,Premium,Annual,2025-03-07,Not enough content,46.23,3744,96,1,sudiksha,India,Delhi,Female,1957-06-12 11:31:25,,,,
9576-CNRVJ,2026-03-13,Organic,2026-04-12,Standard,Monthly,2026-05-05,Forgot to cancel trial,15.26,686,98,1,bhavya,India,Meghalaya,Female,1999-11-27 11:31:25,2025-12-02,N,51.0,2.0
4843-GKKAS,2024-07-17,Organic,2025-07-17,Basic,Annual,2024-12-10,Not enough content,9.5,817,94,1,sudiksha,India,Nagaland,Female,1999-05-14 11:31:25,,,,
5499-RFFWK,2026-01-14,Organic,2026-02-13,Standard,Monthly,,,16.33,1028,36,0,oni,India,Meghalaya,Female,1967-04-03 11:31:25,2024-11-13,N,58.0,1.0
5614-KOXLI,2021-08-30,Refferal,2022-08-30,Basic,Annual,,,8.3,215,11,0,kalpit,India,Uttar Pradesh,Male,1972-07-20 11:31:25,,,,
7035-KZJAF,2020-11-09,Refferal,2021-11-09,Premium,Annual,,,43.82,3943,22,0,libni,India,Rajasthan,Female,2004-04-29 11:31:25,2025-10-31,Y,19.0,2.0
2192-IXJEY,2023-02-23,Refferal,2024-02-23,Premium,Annual,,,77.4,6424,42,0,naksh,Nepal,Kathmandu,Male,1968-06-16 11:31:25,2026-08-10,N,51.0,2.0
8966-GSFRA,2022-02-06,Paid,2023-02-06,Standard,Annual,,,15.7,753,56,0,ikshita,India,Meghalaya,Female,1968-12-28 11:31:25,,,,
3304-JKEOX,2020-08-24,Refferal,2020-09-23,Standard,Monthly,2022-02-14,Too expensive,14.06,1026,79,1,tejas,India,Nagaland,Male,1964-09-02 11:31:25,2026-06-28,N,52.0,1.0
5901-UITCT,2022-09-24,Paid,2023-09-24,Standard,Annual,,,11.67,746,47,0,guneet,India,Delhi,Male,1995-12-16 11:31:25,,,,
6909-QUCSB,2026-02-03,Paid,2026-03-05,Premium,Monthly,,,20.15,624,33,0,bakhshi,Nepal,Kathmandu,Male,1999-12-28 11:31:25,,,,
1850-XLBRA,2024-03-21,Paid,2024-04-20,Premium,Monthly,,,54.13,1840,56,0,oni,India,Nagaland,Female,1987-01-14 11:31:25,,,,
0894-AYNMM,2024-10-10,Paid,2024-11-09,Standard,Monthly,,,13.74,1071,31,0,david,India,Rajasthan,Male,1981-08-22 11:31:25,2025-04-04,N,85.0,2.0
1489-UZQXO,2022-07-06,Organic,2023-07-06,Premium,Annual,,,71.74,1936,51,0,samarth,India,Rajasthan,Male,1961-07-22 11:31:25,,,,
0035-IVZHN,2023-10-29,Organic,2023-11-28,Premium,Monthly,,,52.27,1463,51,0,neelima,India,Delhi,Female,1993-05-26 11:31:25,2025-12-20,N,79.0,2.0
8260-DMNBY,2024-07-13,Paid,2025-07-13,Basic,Annual,,,8.01,368,20,0,sachi,India,Delhi,Female,1972-04-07 11:31:25,2026-06-11,Y,35.0,1.0
6762-PXNVO,2022-12-21,Paid,2023-01-20,Basic,Monthly,,,6.7,194,51,0,matthew,India,Nagaland,Male,1982-10-03 11:31:25,2026-04-22,N,76.0,1.0
8747-HWVNA,2022-04-15,Refferal,2022-05-15,Basic,Monthly,,,6.81,490,9,0,max,India,Nagaland,Male,1971-02-15 11:31:25,,,,
9205-WTOGU,2025-02-26,Organic,2026-02-26,Standard,Annual,,,15.45,1096,56,0,tanveer,India,Maharashtra,Male,1991-06-16 11:31:25,2025-11-07,N,73.0,1.0
8955-TFSFL,2023-04-24,Refferal,2024-04-23,Premium,Annual,,,37.12,1262,5,0,oeshi,Nepal,Kathmandu,Female,1967-05-24 11:31:25,2025-07-10,Y,39.0,1.0
4934-MOJUI,2023-07-30,Refferal,2024-07-29,Standard,Annual,2026-04-12,Forgot to cancel trial,12.98,207,73,1,jalsa,India,Karnataka,Female,1970-12-26 11:31:25,,,,
7301-GQXGB,2024-06-04,Organic,2025-06-04,Premium,Annual,2026-04-17,Too expensive,56.15,3144,86,1,frado,India,Karnataka,Male,2005-02-25 11:31:25,2025-03-16,N,84.0,1.0
1072-FQFRV,2021-03-05,Paid,2021-04-04,Standard,Monthly,,,11.32,996,55,0,oviya,India,Telangana,Female,1963-02-27 11:31:25,2026-07-17,N,90.0,1.0
5183-ARNQQ,2024-07-03,Refferal,2025-07-03,Basic,Annual,,,7.74,580,13,0,jacob,India,Karnataka,Male,2001-10-18 11:31:25,,,,
2234-TUWHQ,2025-04-10,Refferal,2025-05-10,Premium,Monthly,2026-05-13,Not enough content,58.28,2447,83,1,jeevika,India,Rajasthan,Female,1957-09-08 11:31:25,,,,
8397-DEQGC,2020-10-11,Refferal,2021-10-11,Standard,Annual,2021-07-15,Too expensive,15.34,414,79,1,falak,India,Maharashtra,Female,2005-12-04 11:31:25,,,,
3170-ILQHP,2026-04-18,Paid,2027-04-18,Premium,Annual,,,81.0,6156,32,0,krisha,India,Rajasthan,Female,,2026-03-05,N,67.0,2.0
2293-XFTQS,2023-01-08,Refferal,2023-02-07,Basic,Monthly,2025-04-05,Too expensive,8.15,733,93,1,vasatika,India,Maharashtra,Female,2008-08-15 11:31:25,,,,
2193-MNKNR,2024-10-07,Organic,2024-11-06,Standard,Monthly,2026-03-05,Too expensive,15.38,353,78,1,indali,India,Delhi,Female,1969-04-12 11:31:25,2025-05-28,Y,39.0,1.0
6358-MLBZI,2022-01-15,Paid,2023-01-15,Premium,Annual,2023-05-01,Forgot to cancel trial,85.36,5633,81,1,sudiksha,India,Meghalaya,Female,1980-04-23 11:31:25,,,,
5653-MMPND,2025-10-08,Paid,2026-10-08,Premium,Annual,,,42.76,3249,16,0,aarnav,India,Meghalaya,Male,1973-06-15 11:31:25,,,,
6732-ABOEQ,2025-02-10,Refferal,2026-02-10,Premium,Annual,2026-05-30,Forgot to cancel trial,67.62,5071,97,1,chatresh,India,Maharashtra,Male,1972-11-02 11:31:25,,,,
3594-VPUVE,2021-08-25,Refferal,2022-08-25,Basic,Annual,2022-03-25,Too expensive,8.01,600,98,1,imaran,India,Rajasthan,Male,1962-11-11 11:31:25,,,,
0639-WNTCR,2023-04-23,Paid,2023-05-23,Standard,Monthly,,,15.8,1422,54,0,yochana,Nepal,Kathmandu,Female,1995-05-26 11:31:25,,,,
9439-CDMGW,2025-11-29,Refferal,2025-12-29,Standard,Monthly,2026-03-16,Switched to competitor,14.92,507,83,1,jeet,India,Telangana,Male,1957-03-06 11:31:25,,,,
4155-GNOPZ,2023-04-06,Paid,2023-05-06,Premium,Monthly,,,73.17,3219,31,0,darsh,India,Uttar Pradesh,Male,2006-11-05 11:31:25,,,,
2650-CNUUP,2024-06-22,Paid,2025-06-22,Standard,Annual,,,12.57,804,62,0,vedika,India,Telangana,Female,1957-02-28 11:31:25,,,,
8536-HZBUE,2026-02-06,Paid,2026-03-08,Premium,Monthly,,,44.97,1169,20,0,nathan,Nepal,Kathmandu,Male,1959-09-14 11:31:25,,,,
5785-RKFAS,2024-02-28,Paid,2024-03-29,Standard,Monthly,,,12.04,951,21,0,timothy,Nepal,Kathmandu,Male,1981-06-29 11:31:25,2026-01-28,N,66.0,1.0
9419-GLJMG,2023-02-03,Organic,2023-03-05,Standard,Monthly,,,15.2,912,36,0,yashawini,India,Uttar Pradesh,Female,1959-02-21 11:31:25,,,,
4314-GCRVB,2025-10-18,Organic,2025-11-17,Premium,Monthly,,,32.96,1351,17,0,udant,Nepal,Kathmandu,Male,2008-02-27 11:31:25,2026-02-15,N,59.0,1.0
1964-XRRPT,2023-03-24,Organic,2023-04-23,Premium,Monthly,2024-07-05,Forgot to cancel trial,91.82,2846,71,1,wazir,India,Uttar Pradesh,Male,1984-12-25 11:31:25,,,,
6933-MONKR,2025-06-19,Paid,2025-07-19,Premium,Monthly,2026-03-02,Forgot to cancel trial,37.47,2173,81,1,jatin,India,Uttar Pradesh,Male,,2025-03-11,N,73.0,1.0
6563-HEDOF,2023-06-04,Paid,2024-06-03,Standard,Annual,,,13.52,1095,37,0,yoshita,India,Nagaland,Female,1990-11-09 11:31:25,,,,
7972-HOOKR,2022-03-20,Paid,2023-03-20,Basic,Annual,2023-05-16,Forgot to cancel trial,7.02,617,90,1,kashvi,India,Uttar Pradesh,Female,1965-04-29 11:31:25,,,,
2859-ZHINU,2024-09-27,Paid,2025-09-27,Premium,Annual,2025-06-02,Not enough content,81.66,4491,90,1,brinda,India,Meghalaya,Female,1969-09-06 11:31:25,2025-02-08,N,67.0,1.0
5950-TNLEW,2022-06-23,Organic,2022-07-23,Premium,Monthly,,,22.03,550,9,0,oliver,India,Meghalaya,Male,1963-11-14 11:31:25,2025-09-19,N,74.0,1.0
4053-TLDNE,2021-07-03,Paid,2022-07-03,Basic,Annual,,,8.78,763,30,0,ekantika,India,Rajasthan,Female,1998-08-07 11:31:25,,,,
8745-IJOUL,2024-08-17,Paid,2024-09-16,Standard,Monthly,,,16.52,264,52,0,rehaan,India,Meghalaya,Male,2003-08-21 11:31:25,2026-01-19,Y,10.0,1.0
3089-KOKET,2023-01-09,Paid,2023-02-08,Standard,Monthly,2024-02-13,Switched to competitor,14.88,565,74,1,azad,India,Meghalaya,Male,1978-03-06 11:31:25,2025-04-19,N,67.0,1.0
8060-EABNE,2023-01-11,Paid,2024-01-11,Basic,Annual,,,7.98,151,24,0,vidhi,India,Uttar Pradesh,Female,1977-07-28 11:31:25,2025-06-24,Y,25.0,2.0
4097-VVDTG,2025-07-25,Paid,2025-08-24,Standard,Monthly,2026-05-17,Forgot to cancel trial,12.93,387,78,1,advaith,India,Maharashtra,Male,1965-02-11 11:31:25,,,,
4895-FXWFC,2023-05-19,Organic,2024-05-18,Premium,Annual,2024-04-20,Poor streaming quality,62.71,1630,91,1,sachi,India,Delhi,Female,1967-06-03 11:31:25,,,,
0983-BQSUD,2022-05-10,Paid,2022-06-09,Standard,Monthly,,,11.23,943,47,0,qushi,India,Rajasthan,Female,1996-01-17 11:31:25,,,,
9284-EJTHV,2025-07-18,Refferal,2026-07-18,Premium,Annual,2026-02-04,Forgot to cancel trial,46.42,2088,80,1,saumya,Nepal,Kathmandu,Female,1997-01-01 11:31:25,,,,
8830-VERTE,2023-09-25,Organic,2024-09-24,Standard,Annual,,,13.9,889,45,0,shaurya,India,Rajasthan,Male,2003-08-17 11:31:25,,,,
9671-GJPBY,2023-06-12,Organic,2023-07-12,Basic,Monthly,,,6.22,149,56,0,januja,India,Karnataka,Female,1962-02-18 11:31:25,2025-08-11,Y,22.0,2.0
8621-ROYOO,2022-07-27,Paid,2022-08-26,Standard,Monthly,,,11.94,716,60,0,saumya,India,Rajasthan,Female,1995-01-01 11:31:25,2025-12-30,N,73.0,2.0
9226-OJOTJ,2025-06-21,Refferal,2026-06-21,Basic,Annual,,,6.85,342,61,0,gayathri,India,Maharashtra,Female,1982-03-17 11:31:25,,,,
9114-OOCLE,2026-04-11,Paid,2026-05-11,Basic,Monthly,,,6.68,587,55,0,devansh,India,Nagaland,Male,1983-08-18 11:31:25,,,,
9752-QAVJU,2025-11-07,Paid,2026-11-07,Standard,Annual,2025-12-13,Not enough content,15.65,1314,88,1,agastya,Nepal,Kathmandu,Male,1967-07-02 11:31:25,2025-10-27,Y,11.0,1.0
6436-ZTOCL,2021-02-13,Paid,2021-03-15,Premium,Monthly,,,70.33,2813,34,0,agastya,India,Rajasthan,Male,2007-12-14 11:31:25,2025-06-30,N,83.0,1.0
1173-GLROC,2021-09-06,Organic,2022-09-06,Basic,Annual,,,8.48,373,15,0,vihaan,India,Nagaland,Male,1958-11-10 11:31:25,,,,
2555-TWCBY,2022-10-26,Paid,2022-11-25,Standard,Monthly,,,14.27,470,47,0,kalpit,Nepal,Kathmandu,Male,1966-09-02 11:31:25,,,,
0301-JXNGB,2023-04-02,Organic,2024-04-01,Premium,Annual,,,26.08,1669,17,0,hitesh,India,Meghalaya,Male,1957-06-08 11:31:25,,,,
8331-ZCIWN,2025-01-05,Paid,2025-02-04,Premium,Monthly,,,19.37,1026,18,0,pahal,India,Uttar Pradesh,Female,1958-08-13 11:31:25,,,,
8212-HBGKZ,2022-03-28,Paid,2022-04-27,Basic,Monthly,2023-08-17,Forgot to cancel trial,8.44,286,83,1,ranveer,Nepal,Kathmandu,Male,1987-05-08 11:31:25,,,,
9918-IOFDO,2022-02-01,Paid,2023-02-01,Premium,Annual,,,29.84,895,14,0,ucchal,India,Meghalaya,Female,2003-09-06 11:31:25,2024-10-19,N,70.0,2.0
4485-DEDAZ,2026-05-21,Paid,2026-06-20,Premium,Monthly,,,63.34,4053,34,0,ati,India,Nagaland,Female,1977-05-27 11:31:25,,,,
2683-FATAH,2021-12-04,Paid,2022-01-03,Premium,Monthly,,,83.0,1660,41,0,pushti,India,Nagaland,Female,1962-08-15 11:31:25,,,,
6232-SKYON,2025-02-16,Refferal,2026-02-16,Premium,Annual,,,91.78,1927,15,0,bhavya,India,Maharashtra,Female,1997-03-15 11:31:25,2025-12-10,N,68.0,1.0
6921-HXRXM,2026-02-05,Refferal,2027-02-05,Premium,Annual,,,71.44,3357,23,0,alexander,India,Karnataka,Male,2005-09-15 11:31:25,,,,
2686-SDCLJ,2025-06-18,Organic,2026-06-18,Basic,Annual,,,6.64,139,29,0,harish,India,Delhi,Male,1990-10-31 11:31:25,2025-11-18,N,68.0,1.0
1926-XYATA,2021-05-13,Paid,2022-05-13,Standard,Annual,,,14.59,1254,55,0,kashvi,India,Maharashtra,Female,2000-12-15 11:31:25,,,,
0801-EBJDA,2023-11-18,Refferal,2023-12-18,Premium,Monthly,,,70.48,5145,50,0,dakshesh,India,Rajasthan,Male,1961-01-31 11:31:25,,,,
0587-CHJJB,2023-04-24,Paid,2024-04-23,Premium,Annual,,,63.89,5238,8,0,janani,India,Meghalaya,Female,1967-08-20 11:31:25,,,,
9908-YZHPI,2025-01-17,Organic,2026-01-17,Basic,Annual,2025-06-02,Switched to competitor,6.92,512,90,1,kabir,India,Rajasthan,Male,2007-03-01 11:31:25,,,,
3396-UZKIO,2024-02-14,Paid,2025-02-13,Standard,Annual,,,15.11,271,56,0,geetika,India,Nagaland,Female,1979-07-06 11:31:25,2026-07-26,N,80.0,1.0
0582-QMQXN,2025-02-09,Paid,2025-03-11,Premium,Monthly,,,33.61,2016,7,0,dakshesh,India,Telangana,Male,1961-09-17 11:31:25,,,,
4595-VIJNE,2026-03-08,Paid,2027-03-08,Premium,Annual,,,35.81,1504,36,0,gautami,India,Karnataka,Female,1984-05-05 11:31:25,2024-11-08,N,62.0,1.0
7270-NUXEI,2025-12-23,Paid,2026-12-23,Standard,Annual,,,15.34,1242,10,0,amara,India,Meghalaya,Female,1969-07-17 11:31:25,2026-06-15,N,52.0,2.0
5119-ATQFF,2022-12-01,Paid,2023-12-01,Premium,Annual,2023-10-01,Not enough content,33.48,2946,77,1,riya,India,Uttar Pradesh,Female,1981-02-23 11:31:25,2026-01-25,N,84.0,1.0
2131-AXBJC,2024-01-16,Organic,2024-02-15,Standard,Monthly,,,16.53,429,55,0,bishakha,India,Uttar Pradesh,Female,1984-09-19 11:31:25,,,,
7672-CIQTM,2021-03-22,Organic,2022-03-22,Standard,Annual,2023-12-12,Poor streaming quality,13.92,501,79,1,jairaj,Nepal,Kathmandu,Male,1991-11-11 11:31:25,,,,
9903-ONKSC,2025-07-11,Refferal,2026-07-11,Premium,Annual,,,22.94,1605,53,0,nidhi,India,Meghalaya,Female,1992-08-23 11:31:25,,,,
9293-UOGRC,2025-03-20,Paid,2025-04-19,Premium,Monthly,,,62.86,3960,23,0,darpan,Nepal,Kathmandu,Male,1998-03-20 11:31:25,,,,
1007-CVXXQ,2022-08-20,Paid,2022-09-19,Standard,Monthly,2025-02-10,Not enough content,14.41,374,88,1,anvi,India,Delhi,Female,1982-11-02 11:31:25,2025-06-30,N,58.0,2.0
0870-AOZCH,2024-05-11,Refferal,2024-06-10,Standard,Monthly,,,14.32,973,12,0,yashica,India,Telangana,Female,1991-01-11 11:31:25,2025-06-24,Y,33.0,2.0
7155-ZDDUW,2021-03-30,Paid,2021-04-29,Standard,Monthly,,,14.62,657,48,0,wishi,India,Telangana,Female,1997-06-14 11:31:25,,,,
6731-YOAAM,2024-04-16,Paid,2025-04-16,Standard,Annual,,,16.33,391,46,0,pratyush,India,Karnataka,Male,2003-11-30 11:31:25,,,,
9496-IBIUM,2024-09-14,Paid,2025-09-14,Premium,Annual,2024-11-20,Not enough content,22.6,406,79,1,victor,India,Rajasthan,Male,1983-02-13 11:31:25,,,,
2077-NWHDH,2021-08-25,Organic,2021-09-24,Standard,Monthly,2022-02-28,Too expensive,12.07,410,96,1,urishilla,India,Karnataka,Female,1970-03-31 11:31:25,,,,
6765-UGLQF,2026-03-10,Paid,2027-03-10,Basic,Annual,,,9.68,619,33,0,yutika,India,Meghalaya,Female,1967-02-03 11:31:25,2025-03-06,N,68.0,1.0
7353-JINYC,2023-04-24,Paid,2023-05-24,Premium,Monthly,,,75.98,6838,52,0,warhi,India,Telangana,Female,1981-02-21 11:31:25,2026-04-16,N,61.0,1.0
0173-RVACC,2022-06-28,Organic,2023-06-28,Standard,Annual,,,14.59,379,57,0,krish,India,Meghalaya,Male,,,,,
6159-RXOZX,2025-05-31,Paid,2026-05-31,Basic,Annual,2025-07-22,Not enough content,9.07,199,82,1,krisha,India,Uttar Pradesh,Female,1963-06-25 11:31:25,2026-05-27,N,81.0,2.0
3287-PEMDT,2024-12-14,Organic,2025-01-13,Standard,Monthly,2025-02-05,Poor streaming quality,13.98,685,74,1,keya,India,Uttar Pradesh,Female,1965-12-14 11:31:25,,,,
6411-ONYML,2022-07-28,Refferal,2023-07-28,Premium,Annual,2022-12-03,Switched to competitor,92.36,5633,87,1,sachi,India,Karnataka,Female,1956-12-25 11:31:25,,,,
5571-CLTQE,2025-07-13,Refferal,2026-07-13,Premium,Annual,2026-07-31,Forgot to cancel trial,73.14,3291,85,1,yug,India,Nagaland,Male,1991-09-07 11:31:25,2025-01-23,N,78.0,2.0
0268-ABUBD,2022-08-05,Paid,2022-09-04,Premium,Monthly,,,19.42,893,47,0,kai,India,Uttar Pradesh,Male,2004-10-28 11:31:25,,,,
0235-EBHUL,2023-11-01,Organic,2024-10-31,Premium,Annual,,,48.14,4043,11,0,lakshit,India,Karnataka,Male,1976-06-22 11:31:25,2025-09-02,Y,11.0,2.0
6801-EJEGP,2024-10-11,Organic,2025-10-11,Premium,Annual,,,62.52,4689,47,0,kavya,India,Telangana,Female,1958-02-02 11:31:25,2025-08-13,Y,24.0,1.0
2859-PAEMY,2024-08-10,Refferal,2024-09-09,Premium,Monthly,2026-05-28,Too expensive,75.07,3753,71,1,jai,India,Rajasthan,Male,2006-09-21 11:31:25,2025-12-06,N,80.0,2.0
5966-HLIUT,2021-03-04,Paid,2022-03-04,Premium,Annual,,,42.44,2376,17,0,abhiram,India,Delhi,Male,1959-04-18 11:31:25,,,,
5343-FGKFX,2022-12-18,Paid,2023-12-18,Premium,Annual,2024-11-19,Too expensive,32.55,618,92,1,janya,India,Maharashtra,Female,1969-09-09 11:31:25,,,,
4597-DWLEI,2022-05-26,Paid,2022-06-25,Basic,Monthly,2024-11-02,Too expensive,8.36,384,80,1,keya,India,Delhi,Female,2006-04-11 11:31:25,2025-10-20,N,59.0,1.0
0083-KBZTN,2023-10-27,Paid,2024-10-26,Standard,Annual,,,13.14,223,33,0,vritti,India,Karnataka,Female,1978-04-07 11:31:25,,,,
2650-SWTAL,2023-01-31,Paid,2023-03-02,Premium,Monthly,2024-08-20,Forgot to cancel trial,69.8,5863,88,1,orinder,India,Telangana,Male,1989-12-01 11:31:25,,,,
1326-QIYNX,2022-08-29,Refferal,2022-09-28,Premium,Monthly,2023-05-03,Poor streaming quality,33.34,2967,97,1,noah,India,Telangana,Male,1960-05-09 11:31:25,,,,
3437-TTIXN,2022-03-12,Paid,2023-03-12,Basic,Annual,,,9.59,220,15,0,utkarsh,India,Rajasthan,Male,2000-04-22 11:31:25,,,,
7501-CKEYC,2021-12-18,Organic,2022-12-18,Premium,Annual,,,27.89,474,21,0,ladli,India,Delhi,Female,1975-01-05 11:31:25,2026-01-30,N,83.0,1.0
6745-PRUMR,2021-04-29,Refferal,2021-05-29,Premium,Monthly,2022-12-17,Poor streaming quality,39.6,1425,89,1,nakul,India,Uttar Pradesh,Male,1968-07-10 11:31:25,,,,
8770-HZVSR,2021-09-27,Paid,2022-09-27,Standard,Annual,,,12.89,1082,65,0,hiral,India,Maharashtra,Female,2008-03-25 11:31:25,2026-02-11,N,75.0,1.0
2381-YYEZO,2024-10-20,Refferal,2025-10-20,Premium,Annual,,,86.01,6536,60,0,manya,India,Meghalaya,Female,1982-09-09 11:31:25,2026-08-04,Y,10.0,1.0
3610-LCBQP,2026-04-11,Refferal,2027-04-11,Premium,Annual,,,32.57,716,61,0,lohit,India,Meghalaya,Male,1964-03-09 11:31:25,,,,
6513-DWJJH,2022-05-05,Refferal,2022-06-04,Premium,Monthly,,,85.32,7678,41,0,gunbir,India,Karnataka,Male,1996-07-16 11:31:25,2025-05-11,N,83.0,1.0
1083-YPJAQ,2020-09-19,Paid,2020-10-19,Basic,Monthly,,,7.2,532,17,0,nidhi,India,Uttar Pradesh,Female,1968-12-20 11:31:25,2025-09-15,Y,40.0,1.0
7742-DRHEX,2020-11-24,Paid,2020-12-24,Standard,Monthly,,,15.11,936,35,0,mahika,India,Meghalaya,Female,1962-09-03 11:31:25,,,,
0287-VEBIW,2023-10-27,Refferal,2023-11-26,Standard,Monthly,,,14.76,531,37,0,avi,India,Meghalaya,Male,1988-08-15 11:31:25,2026-01-12,N,69.0,1.0
5939-CPVAN,2024-04-21,Refferal,2024-05-21,Basic,Monthly,,,8.44,700,48,0,dev,India,Rajasthan,Male,1971-04-25 11:31:25,,,,
1867-KXDDA,2021-03-24,Refferal,2021-04-23,Basic,Monthly,2022-07-16,Not enough content,6.88,213,76,1,xalak,India,Delhi,Female,2003-08-14 11:31:25,2024-08-29,N,57.0,1.0
7934-TBCUN,2023-05-03,Organic,2024-05-02,Standard,Annual,,,16.4,426,12,0,lucky,India,Meghalaya,Male,1983-10-01 11:31:25,,,,
4544-YJENS,2022-08-06,Organic,2023-08-06,Premium,Annual,2025-06-18,Poor streaming quality,91.01,5551,92,1,urvi,India,Karnataka,Female,1957-12-10 11:31:25,,,,
7203-RCVZL,2022-02-02,Refferal,2023-02-02,Premium,Annual,,,24.16,1763,41,0,atharv,India,Rajasthan,Male,1966-08-01 11:31:25,,,,
7273-FKZLW,2021-04-17,Paid,2021-05-17,Standard,Monthly,,,13.36,480,7,0,william,India,Rajasthan,Male,2000-10-17 11:31:25,2024-10-07,Y,37.0,1.0
2011-GLMTT,2021-01-23,Paid,2022-01-23,Standard,Annual,,,13.93,250,9,0,yatan,India,Telangana,Male,1992-12-20 11:31:25,,,,
1117-MAEPI,2021-07-05,Paid,2022-07-05,Premium,Annual,,,37.61,3159,4,0,avni,India,Karnataka,Female,2003-05-02 11:31:25,,,,
0517-ZWDLW,2021-02-15,Paid,2021-03-17,Premium,Monthly,,,75.29,6399,46,0,nidra,India,Delhi,Female,1983-11-16 11:31:25,,,,
7697-MWNKM,2021-04-26,Organic,2022-04-26,Standard,Annual,,,15.44,895,27,0,kritika,Nepal,Kathmandu,Female,1982-03-16 11:31:25,2026-03-02,N,72.0,1.0
4001-GQPXB,2025-02-04,Organic,2025-03-06,Standard,Monthly,,,15.17,955,39,0,jeevika,India,Maharashtra,Female,1960-01-15 11:31:25,2025-05-26,N,56.0,1.0
3373-INTIP,2022-05-07,Refferal,2023-05-07,Basic,Annual,,,7.6,197,48,0,vaishnavi,India,Uttar Pradesh,Female,1963-06-12 11:31:25,,,,
1552-PHONL,2022-05-24,Paid,2022-06-23,Premium,Monthly,2022-07-16,Forgot to cancel trial,51.98,1975,88,1,upadhriti,India,Meghalaya,Female,1983-08-05 11:31:26,,,,
7656-GQVWX,2024-02-22,Organic,2024-03-23,Basic,Monthly,,,7.63,312,57,0,bhanumati,Nepal,Kathmandu,Female,1989-05-14 11:31:26,2026-07-14,Y,17.0,2.0
3144-AUIMZ,2024-03-26,Paid,2024-04-25,Premium,Monthly,,,21.16,465,58,0,hemang,India,Nagaland,Male,,,,,
5143-PWXKJ,2024-06-07,Organic,2025-06-07,Basic,Annual,,,9.72,437,41,0,kevin,India,Delhi,Male,2007-11-29 11:31:26,2024-12-26,N,65.0,2.0
3571-DEZLG,2021-07-15,Organic,2022-07-15,Basic,Annual,,,9.74,525,4,0,bishakha,India,Rajasthan,Female,1966-10-27 11:31:26,,,,
9925-ATUBX,2023-03-25,Refferal,2023-04-24,Premium,Monthly,,,18.58,873,22,0,samarth,India,Telangana,Male,1989-03-29 11:31:26,2025-10-29,Y,16.0,2.0
6656-UHCUM,2022-04-18,Paid,2022-05-18,Premium,Monthly,,,79.0,1422,51,0,kala,India,Rajasthan,Female,1965-09-10 11:31:26,2025-03-15,N,58.0,1.0
3278-QICEN,2021-01-17,Paid,2021-02-16,Standard,Monthly,,,15.11,604,8,0,vasana,Nepal,Kathmandu,Female,1993-07-01 11:31:26,2025-02-07,N,86.0,1.0
0376-YQQXZ,2025-03-02,Organic,2026-03-02,Standard,Annual,,,15.3,1116,55,0,kevin,India,Delhi,Male,1995-03-02 11:31:26,,,,
1941-FFYVG,2023-01-30,Paid,2024-01-30,Premium,Annual,2025-08-25,Too expensive,28.94,1794,88,1,ira,India,Telangana,Female,1976-01-10 11:31:26,,,,
7506-CMWZK,2024-05-12,Organic,2024-06-11,Premium,Monthly,,,44.56,891,3,0,jeevika,India,Telangana,Female,1979-09-04 11:31:26,2026-06-16,N,75.0,1.0
2166-ZOPGN,2021-01-17,Organic,2022-01-17,Premium,Annual,,,90.99,6369,21,0,ekavir,Nepal,Kathmandu,Male,2004-04-09 11:31:26,,,,
4312-PTGIX,2025-03-12,Refferal,2026-03-12,Standard,Annual,,,15.23,1187,5,0,gayathri,India,Delhi,Female,1996-02-28 11:31:26,2026-04-15,N,59.0,2.0
1533-FHVTV,2023-03-01,Refferal,2023-03-31,Basic,Monthly,2023-11-20,Poor streaming quality,8.7,539,88,1,mitali,India,Nagaland,Female,1957-01-21 11:31:26,,,,
1737-VDCVR,2024-08-06,Paid,2024-09-05,Premium,Monthly,2024-10-09,Not enough content,89.8,5028,95,1,vivaan,India,Maharashtra,Male,1960-08-14 11:31:26,2026-01-14,N,74.0,1.0
4180-EZWCW,2023-07-07,Organic,2024-07-06,Standard,Annual,,,15.1,936,35,0,madhavi,India,Meghalaya,Female,1970-07-07 11:31:26,2025-08-16,N,67.0,1.0
6931-CKJEQ,2024-01-28,Refferal,2024-02-27,Premium,Monthly,2024-06-21,Not enough content,23.93,1100,86,1,chaitaly,India,Uttar Pradesh,Female,1970-08-07 11:31:26,2026-06-02,N,52.0,1.0
8366-LCROG,2024-02-09,Refferal,2024-03-10,Basic,Monthly,,,7.18,516,42,0,neel,India,Maharashtra,Male,1998-03-19 11:31:26,,,,
5592-ZWEET,2021-02-28,Paid,2021-03-30,Premium,Monthly,,,83.15,6402,22,0,agastya,India,Karnataka,Male,,,,,
5910-RZRUC,2026-05-21,Paid,2026-06-20,Premium,Monthly,2026-07-13,Poor streaming quality,64.94,2143,85,1,aishani,India,Maharashtra,Female,1973-07-28 11:31:26,2025-12-25,N,78.0,1.0
7724-ALGHV,2023-12-14,Paid,2024-12-13,Premium,Annual,,,39.8,3581,49,0,lipika,India,Karnataka,Female,1995-06-04 11:31:26,,,,
7993-GBAOO,2023-05-06,Paid,2023-06-05,Premium,Monthly,,,50.85,2949,61,0,gagan,India,Uttar Pradesh,Male,1987-10-18 11:31:26,,,,
7675-DHSYV,2025-11-26,Paid,2025-12-26,Standard,Monthly,2026-03-27,Poor streaming quality,12.19,646,77,1,vaishnavi,India,Uttar Pradesh,Female,1971-03-23 11:31:26,2024-12-31,Y,38.0,1.0
2598-EWNUI,2024-04-15,Paid,2024-05-15,Basic,Monthly,,,9.4,263,48,0,urmi,India,Nagaland,Female,1987-03-21 11:31:26,2025-08-15,N,57.0,2.0
1669-VBCQW,2022-12-26,Paid,2023-12-26,Basic,Annual,,,6.48,97,18,0,priya,Nepal,Kathmandu,Female,2002-01-27 11:31:26,,,,
7760-INCJT,2024-06-28,Paid,2024-07-28,Premium,Monthly,,,52.4,3196,63,0,oeshi,India,Delhi,Female,2004-03-15 11:31:26,2026-05-10,Y,35.0,1.0
1140-CIZEB,2023-01-02,Organic,2023-02-01,Basic,Monthly,,,7.67,406,49,0,nitesh,India,Delhi,Male,1961-11-15 11:31:26,,,,
5638-AHNXS,2022-04-18,Paid,2022-05-18,Premium,Monthly,,,71.91,6040,21,0,yachana,India,Uttar Pradesh,Female,1992-12-22 11:31:26,2026-07-12,N,71.0,1.0
2621-AXOGV,2023-04-03,Organic,2023-05-03,Basic,Monthly,2025-03-12,Too expensive,7.78,692,88,1,anita,India,Karnataka,Female,1990-02-23 11:31:26,,,,
8737-VGHRV,2022-02-02,Organic,2023-02-02,Premium,Annual,,,28.98,753,6,0,nisha,India,Telangana,Female,1978-11-26 11:31:26,2024-11-13,Y,12.0,1.0
8622-KOUWP,2025-08-11,Paid,2025-09-10,Standard,Monthly,2025-12-12,Poor streaming quality,15.22,1141,71,1,tamanna,India,Uttar Pradesh,Female,1994-02-02 11:31:26,,,,
9159-JYPKD,2024-06-02,Organic,2025-06-02,Standard,Annual,,,14.53,741,16,0,aadi,India,Delhi,Male,1984-01-16 11:31:26,2025-09-21,Y,27.0,1.0
0732-KOOXU,2020-12-12,Refferal,2021-01-11,Premium,Monthly,,,24.69,1580,17,0,triveni,India,Delhi,Female,2001-12-21 11:31:26,,,,
5554-OYXTQ,2022-09-19,Paid,2023-09-19,Standard,Annual,,,14.41,244,10,0,yochana,India,Meghalaya,Female,1967-10-17 11:31:26,,,,
8713-EAUGS,2024-03-26,Refferal,2025-03-26,Standard,Annual,2024-07-20,Forgot to cancel trial,14.16,509,79,1,zaid,India,Rajasthan,Male,1960-09-21 11:31:26,2026-02-27,Y,19.0,1.0
2772-BYESH,2022-03-04,Refferal,2022-04-03,Premium,Monthly,2023-12-30,Poor streaming quality,55.82,4744,83,1,harsh,India,Rajasthan,Male,1967-07-16 11:31:26,2024-11-24,N,51.0,1.0
9603-RGOUH,2023-02-27,Paid,2024-02-27,Premium,Annual,2025-10-20,Forgot to cancel trial,86.35,4490,90,1,mitali,India,Nagaland,Female,1969-06-17 11:31:26,,,,
0008-BXHGR,2021-05-02,Refferal,2021-06-01,Standard,Monthly,,,15.18,759,59,0,watika,Nepal,Kathmandu,Female,2002-06-21 11:31:26,2026-08-02,N,70.0,1.0
5613-QZSHR,2024-09-19,Organic,2024-10-19,Premium,Monthly,,,48.98,3183,37,0,jagdish,India,Rajasthan,Male,1968-09-06 11:31:26,2025-04-05,N,84.0,2.0
5783-ZJPKV,2021-03-04,Refferal,2022-03-04,Basic,Annual,,,7.42,393,54,0,tanvi,India,Karnataka,Female,1973-12-31 11:31:26,,,,
3838-ZZAMS,2023-04-17,Paid,2023-05-17,Premium,Monthly,2024-01-19,Switched to competitor,69.17,2144,78,1,dakshesh,India,Telangana,Male,1981-07-27 11:31:26,,,,
3734-WSHWA,2024-05-12,Paid,2024-06-11,Basic,Monthly,,,7.28,218,46,0,dhriti,Nepal,Kathmandu,Female,,,,,
8119-JTWFH,2023-07-03,Paid,2024-07-02,Basic,Annual,2024-06-18,Not enough content,7.69,415,72,1,faraj,India,Maharashtra,Male,1986-09-18 11:31:26,,,,
1584-ALAUY,2023-07-25,Refferal,2024-07-24,Standard,Annual,2026-02-08,Forgot to cancel trial,14.59,437,72,1,madhav,India,Uttar Pradesh,Male,1987-04-06 11:31:26,,,,
0546-JXSUB,2023-01-10,Refferal,2023-02-09,Basic,Monthly,,,6.92,110,32,0,laban,India,Telangana,Male,1961-09-10 11:31:26,2025-08-08,N,89.0,2.0
5377-PCASP,2023-10-22,Refferal,2024-10-21,Standard,Annual,,,11.25,900,64,0,vasatika,India,Delhi,Female,1979-09-05 11:31:26,,,,
5861-IXUDI,2021-09-25,Organic,2022-09-25,Premium,Annual,,,32.65,750,24,0,sanaya,India,Maharashtra,Female,1969-08-29 11:31:26,2025-11-02,N,79.0,1.0
5425-WOIHI,2025-08-09,Refferal,2025-09-08,Premium,Monthly,,,75.62,4764,16,0,ekanta,India,Maharashtra,Female,1957-01-07 11:31:26,2026-03-21,Y,13.0,2.0
7215-FPTBA,2022-08-04,Refferal,2022-09-03,Standard,Monthly,2023-04-03,Not enough content,11.6,475,79,1,triya,India,Meghalaya,Female,1987-03-05 11:31:26,,,,
6056-VRYZZ,2022-03-05,Paid,2023-03-05,Premium,Annual,2023-04-11,Forgot to cancel trial,91.26,4745,95,1,zehaan,India,Karnataka,Male,1968-06-02 11:31:26,2024-08-22,N,67.0,1.0
8327-ZXFCM,2025-06-14,Paid,2025-07-14,Premium,Monthly,,,54.24,4827,28,0,neha,India,Telangana,Female,2002-05-14 11:31:26,,,,
9567-QFXLG,2025-08-12,Refferal,2026-08-12,Premium,Annual,,,35.25,2044,30,0,wishi,India,Telangana,Female,1990-04-01 11:31:26,,,,
7086-KUIJE,2023-09-26,Organic,2024-09-25,Basic,Annual,2024-11-24,Not enough content,6.38,255,91,1,udant,India,Rajasthan,Male,1983-02-09 11:31:26,2025-04-30,N,67.0,1.0
9896-ZZTTX,2023-04-04,Refferal,2023-05-04,Premium,Monthly,,,92.19,4056,17,0,saanvi,India,Rajasthan,Female,1992-11-30 11:31:26,,,,
3438-MNUTS,2025-08-21,Paid,2025-09-20,Premium,Monthly,2025-09-09,Poor streaming quality,46.09,2765,80,1,oeshi,India,Rajasthan,Female,1995-02-26 11:31:26,2026-08-07,N,84.0,1.0
9616-AUXDY,2023-12-04,Paid,2024-01-03,Standard,Monthly,2024-06-11,Switched to competitor,16.76,1424,75,1,kashvi,India,Telangana,Female,1975-01-03 11:31:26,2025-02-07,N,61.0,1.0
6322-HGRBB,2020-11-20,Paid,2020-12-20,Basic,Monthly,2023-08-04,Too expensive,6.82,600,79,1,samesh,India,Telangana,Male,1966-08-15 11:31:26,,,,
8232-SLFZL,2024-09-09,Paid,2025-09-09,Standard,Annual,,,16.28,862,28,0,vritti,India,Nagaland,Female,2007-10-03 11:31:26,,,,
2869-KEQLK,2022-11-09,Paid,2022-12-09,Standard,Monthly,,,16.49,692,61,0,rayaan,India,Karnataka,Male,1960-08-08 11:31:26,,,,
9057-DJTNU,2023-06-27,Paid,2024-06-26,Standard,Annual,2024-12-06,Switched to competitor,13.39,428,80,1,forum,India,Nagaland,Female,,,,,
7606-MBOGY,2021-05-13,Paid,2022-05-13,Standard,Annual,2023-11-16,Not enough content,15.02,555,76,1,andrew,India,Delhi,Male,1958-04-22 11:31:26,,,,
8721-FSVVQ,2025-08-21,Organic,2026-08-21,Basic,Annual,2026-04-08,Switched to competitor,7.49,119,80,1,oni,India,Telangana,Female,1996-07-08 11:31:26,,,,
1035-FWUVE,2021-03-18,Paid,2022-03-18,Basic,Annual,,,6.47,239,3,0,urvi,India,Karnataka,Female,1985-08-20 11:31:26,2026-06-17,N,79.0,1.0
4562-QJBFH,2024-10-16,Organic,2024-11-15,Premium,Monthly,,,68.83,3923,14,0,advika,India,Karnataka,Female,2007-10-02 11:31:26,,,,
5209-ZRBAX,2025-08-23,Paid,2025-09-22,Premium,Monthly,2026-03-17,Poor streaming quality,74.78,3888,76,1,tara,India,Nagaland,Female,1957-11-17 11:31:26,2026-07-31,Y,39.0,1.0
7270-TIHQT,2023-05-03,Paid,2024-05-02,Basic,Annual,,,8.65,371,41,0,bishakha,India,Meghalaya,Female,1977-03-26 11:31:26,,,,
8543-ILAWB,2022-08-01,Organic,2022-08-31,Standard,Monthly,2023-09-24,Too expensive,11.46,790,75,1,kevin,India,Delhi,Male,1967-12-14 11:31:26,,,,
4966-HLQHU,2024-05-16,Organic,2025-05-16,Basic,Annual,,,9.16,229,51,0,rushil,India,Telangana,Male,1998-12-01 11:31:26,,,,
4918-PDSGM,2025-07-15,Refferal,2026-07-15,Premium,Annual,,,72.39,4705,65,0,nitesh,India,Uttar Pradesh,Male,1968-12-11 11:31:26,,,,
6292-MQPKB,2026-02-14,Paid,2027-02-14,Premium,Annual,2026-06-07,Poor streaming quality,65.61,3018,77,1,ranveer,Nepal,Kathmandu,Male,1995-10-30 11:31:26,,,,
5921-QRSQG,2025-08-27,Organic,2026-08-27,Premium,Annual,,,86.76,2169,36,0,yagnesh,India,Meghalaya,Male,2008-07-28 11:31:26,,,,
6929-ELRNN,2024-03-09,Organic,2024-04-08,Standard,Monthly,,,12.25,183,13,0,anita,India,Telangana,Female,1964-08-29 11:31:26,,,,
0025-CUKKH,2024-04-07,Paid,2024-05-07,Standard,Monthly,,,12.2,475,19,0,kamya,India,Delhi,Female,1974-06-14 11:31:26,,,,
6697-LXCQC,2026-05-16,Refferal,2026-06-15,Basic,Monthly,,,6.02,162,16,0,maanas,India,Karnataka,Male,1977-10-01 11:31:26,,,,
0118-JNZGM,2023-02-18,Paid,2023-03-20,Premium,Monthly,,,91.14,1367,32,0,chakradev,India,Rajasthan,Male,1987-06-19 11:31:26,,,,
6583-SXDPW,2025-01-03,Paid,2025-02-02,Basic,Monthly,,,7.28,407,46,0,chandran,India,Nagaland,Male,1999-04-27 11:31:26,2026-01-17,N,89.0,1.0
5707-LYYZW,2023-03-10,Paid,2024-03-09,Standard,Annual,,,13.98,1188,58,0,daksha,Nepal,Kathmandu,Female,1969-07-13 11:31:26,,,,
7311-YMOGE,2025-10-31,Refferal,2025-11-30,Premium,Monthly,,,67.93,2173,62,0,mason,Nepal,Kathmandu,Male,1959-04-23 11:31:26,,,,
8060-CRWYT,2022-07-03,Organic,2023-07-03,Standard,Annual,2023-08-07,Switched to competitor,11.68,1027,81,1,arin,India,Telangana,Male,1990-12-04 11:31:26,2024-10-01,N,50.0,1.0
9667-NWZIJ,2022-10-17,Organic,2023-10-17,Basic,Annual,,,7.99,263,50,0,praneel,India,Nagaland,Male,1957-07-06 11:31:26,,,,
0562-PIZDZ,2022-01-15,Paid,2023-01-15,Basic,Annual,,,9.73,360,57,0,eta,India,Nagaland,Female,1990-06-25 11:31:26,,,,
6419-HVXEA,2023-11-22,Paid,2024-11-21,Standard,Annual,2026-01-15,Forgot to cancel trial,16.13,338,97,1,tripti,India,Uttar Pradesh,Female,1991-10-19 11:31:26,,,,
4981-LEDSH,2021-08-12,Organic,2021-09-11,Basic,Monthly,,,7.5,270,62,0,hemangini,India,Nagaland,Female,1957-07-04 11:31:26,2024-10-17,N,53.0,1.0
8444-QPZQK,2024-03-14,Organic,2024-04-13,Premium,Monthly,,,76.32,3815,43,0,rayaan,India,Uttar Pradesh,Male,1972-02-29 11:31:26,,,,
6018-ADDQX,2023-07-02,Paid,2024-07-01,Premium,Annual,2024-07-29,Poor streaming quality,60.85,1034,82,1,jai,India,Uttar Pradesh,Male,1965-03-03 11:31:26,,,,
8788-UNBVO,2021-12-21,Paid,2022-12-21,Basic,Annual,2022-12-01,Switched to competitor,6.48,557,78,1,eshana,India,Nagaland,Female,1967-03-19 11:31:26,,,,
0573-CDHZE,2023-04-13,Refferal,2023-05-13,Premium,Monthly,,,41.46,3441,35,0,joshua,Nepal,Kathmandu,Male,2003-04-16 11:31:26,2025-12-21,N,65.0,1.0
2321-HVYPF,2025-10-26,Paid,2025-11-25,Basic,Monthly,2026-02-22,Switched to competitor,8.7,426,90,1,viraj,India,Telangana,Male,1979-07-24 11:31:26,,,,
3156-SOQNE,2021-01-23,Paid,2022-01-23,Standard,Annual,2022-08-20,Too expensive,14.83,637,78,1,farhan,India,Telangana,Male,1978-11-22 11:31:26,2026-07-12,N,74.0,1.0
2023-ESHVM,2024-04-23,Refferal,2024-05-23,Basic,Monthly,,,8.7,574,33,0,netra,India,Meghalaya,Female,1965-07-29 11:31:26,,,,
4244-ANEDJ,2024-08-09,Paid,2025-08-09,Premium,Annual,,,53.14,4304,63,0,unnati,India,Rajasthan,Female,1979-01-13 11:31:26,,,,
3748-HWYKI,2025-07-01,Organic,2025-07-31,Basic,Monthly,,,6.03,192,33,0,vedant,India,Nagaland,Male,1971-07-02 11:31:26,,,,
8722-SKQXT,2026-05-20,Refferal,2026-06-19,Basic,Monthly,2026-07-20,Too expensive,9.04,723,81,1,hardik,India,Rajasthan,Male,2004-01-25 11:31:26,,,,
6925-MEZIR,2021-04-01,Paid,2021-05-01,Standard,Monthly,,,12.82,243,62,0,wyatt,India,Karnataka,Male,2000-01-12 11:31:26,,,,
7999-BALHC,2023-12-05,Organic,2024-12-04,Premium,Annual,,,86.47,4064,17,0,rayaan,India,Telangana,Male,1965-10-11 11:31:26,,,,
6132-HLEVC,2026-05-06,Refferal,2027-05-06,Standard,Annual,2026-05-25,Too expensive,11.79,471,85,1,manbir,India,Delhi,Male,,,,,
4354-DMMRD,2020-10-06,Refferal,2020-11-05,Standard,Monthly,2022-09-21,Poor streaming quality,11.07,177,83,1,neelima,India,Telangana,Female,1991-07-28 11:31:26,,,,
4623-MTGDN,2022-03-20,Organic,2022-04-19,Standard,Monthly,2023-02-02,Too expensive,15.37,461,74,1,siya,India,Meghalaya,Female,1978-11-17 11:31:26,2025-10-08,Y,14.0,1.0
3270-CBKHQ,2025-11-15,Refferal,2026-11-15,Premium,Annual,2025-12-20,Switched to competitor,49.35,1036,91,1,aryan,India,Uttar Pradesh,Male,1995-01-01 11:31:26,,,,
3473-HHPLG,2025-06-04,Paid,2025-07-04,Basic,Monthly,,,8.96,403,44,0,yuvraj,India,Karnataka,Male,1957-11-29 11:31:26,2026-06-12,Y,13.0,1.0
9860-DPXRE,2024-02-16,Paid,2025-02-15,Standard,Annual,,,11.76,1011,65,0,ishwar,India,Karnataka,Male,1987-06-14 11:31:26,2025-05-05,N,57.0,1.0
1109-MNYUE,2024-03-16,Organic,2024-04-15,Premium,Monthly,2025-06-22,Forgot to cancel trial,57.93,3707,87,1,girish,India,Meghalaya,Male,2007-06-25 11:31:26,,,,
6567-PFAOP,2024-04-01,Refferal,2024-05-01,Standard,Monthly,2026-01-30,Too expensive,12.33,616,99,1,ekantika,India,Uttar Pradesh,Female,2003-10-17 11:31:26,2026-06-12,Y,17.0,2.0
5692-QZIYW,2025-03-04,Paid,2026-03-04,Standard,Annual,,,12.53,1115,9,0,mohammed,India,Meghalaya,Male,1961-10-28 11:31:26,,,,
6258-YGQPF,2023-12-21,Paid,2024-12-20,Basic,Annual,2026-06-06,Too expensive,6.36,248,88,1,anika,India,Nagaland,Female,1992-03-01 11:31:26,,,,
2955-QAEEK,2021-02-26,Paid,2021-03-28,Premium,Monthly,,,78.59,1336,10,0,dominic,India,Karnataka,Male,1997-07-05 11:31:26,,,,
0716-DUGYP,2022-07-08,Organic,2023-07-08,Basic,Annual,,,9.25,425,6,0,neelima,India,Karnataka,Female,1987-01-17 11:31:26,,,,
4382-QDVCH,2021-08-24,Paid,2022-08-24,Standard,Annual,,,16.26,471,34,0,sarthak,India,Delhi,Male,,2024-11-25,Y,40.0,1.0
1249-QDYXX,2023-09-09,Organic,2023-10-09,Standard,Monthly,,,11.61,557,54,0,rajeshri,India,Rajasthan,Female,1994-11-02 11:31:26,,,,
1251-UWZUD,2025-05-30,Refferal,2026-05-30,Basic,Annual,2026-01-17,Poor streaming quality,6.72,450,89,1,madhavi,India,Uttar Pradesh,Female,1966-11-03 11:31:26,,,,
5463-DYXJO,2025-11-22,Refferal,2026-11-22,Standard,Annual,,,13.16,802,38,0,kabir,India,Nagaland,Male,1994-07-13 11:31:26,,,,
2188-XBJWW,2026-03-14,Organic,2026-04-13,Standard,Monthly,,,11.82,744,49,0,warda,India,Delhi,Female,2006-03-01 11:31:26,2026-05-19,Y,36.0,2.0
2591-AJCCO,2023-05-01,Paid,2023-05-31,Standard,Monthly,2024-03-30,Switched to competitor,15.68,297,89,1,deepa,India,Delhi,Female,1969-04-04 11:31:26,,,,
8245-EKLYL,2021-06-12,Paid,2022-06-12,Basic,Annual,2023-09-08,Too expensive,8.96,770,89,1,bishakha,India,Meghalaya,Female,1994-09-11 11:31:26,,,,
7674-MQKJB,2025-08-01,Refferal,2026-08-01,Standard,Annual,2026-01-21,Too expensive,11.63,988,76,1,isaiah,India,Meghalaya,Male,1963-09-01 11:31:26,,,,
0530-GCOBZ,2026-03-14,Refferal,2026-04-13,Basic,Monthly,,,8.89,240,24,0,rushil,India,Karnataka,Male,1957-06-12 11:31:26,2026-04-01,Y,35.0,1.0
0388-PJPWH,2021-02-26,Organic,2021-03-28,Standard,Monthly,,,16.77,1358,62,0,rajeshri,India,Karnataka,Female,1977-06-18 11:31:26,,,,
7331-UIJWL,2020-09-19,Organic,2020-10-19,Standard,Monthly,,,16.21,421,34,0,rudra,India,Telangana,Male,1963-06-01 11:31:26,2025-09-17,N,60.0,1.0
9445-JCEUG,2022-10-04,Paid,2022-11-03,Standard,Monthly,,,13.44,954,26,0,vasana,India,Uttar Pradesh,Female,1969-04-15 11:31:26,,,,
5138-JRNGW,2023-12-31,Refferal,2024-01-30,Premium,Monthly,2026-06-28,Poor streaming quality,60.75,1579,81,1,lekha,India,Maharashtra,Female,1978-08-26 11:31:26,,,,
8767-XMCTX,2021-04-05,Paid,2022-04-05,Premium,Annual,2023-12-08,Too expensive,38.87,1632,80,1,quincy,Nepal,Kathmandu,Male,1962-06-21 11:31:26,,,,
9848-UBVUZ,2023-05-08,Refferal,2023-06-07,Premium,Monthly,,,40.37,3310,16,0,kamala,India,Maharashtra,Female,1994-08-18 11:31:26,,,,
4250-EBXLZ,2025-11-25,Paid,2026-11-25,Premium,Annual,,,47.18,1887,7,0,omisha,India,Telangana,Female,2004-09-23 11:31:26,,,,
9477-QIZYT,2024-05-12,Paid,2024-06-11,Standard,Monthly,,,15.32,474,43,0,janya,India,Delhi,Female,1969-12-01 11:31:26,2025-11-28,Y,16.0,2.0
2721-PFFER,2024-05-15,Paid,2025-05-15,Premium,Annual,,,48.77,3950,65,0,matthew,Nepal,Kathmandu,Male,1984-03-23 11:31:26,,,,
1857-YLJOE,2021-06-10,Paid,2022-06-10,Premium,Annual,,,48.84,4102,9,0,devika,India,Telangana,Female,1965-08-03 11:31:26,,,,
8247-PAHKF,2022-05-22,Organic,2023-05-22,Premium,Annual,,,76.84,3304,35,0,anjali,India,Nagaland,Female,1967-11-07 11:31:26,2025-08-16,Y,36.0,2.0
6792-AAUVN,2022-11-15,Paid,2022-12-15,Basic,Monthly,2025-02-06,Too expensive,9.2,607,98,1,ekanta,India,Delhi,Female,1995-04-07 11:31:26,2025-05-19,Y,32.0,1.0
8261-DPKTX,2024-01-06,Refferal,2024-02-05,Premium,Monthly,,,58.77,1057,50,0,shaurya,India,Rajasthan,Male,,,,,
7433-QUEQF,2025-09-23,Paid,2026-09-23,Premium,Annual,,,25.75,721,12,0,garima,India,Telangana,Female,1961-04-30 11:31:26,2026-04-22,N,63.0,2.0
8045-UKMQF,2026-01-14,Paid,2027-01-14,Basic,Annual,2026-07-05,Forgot to cancel trial,6.46,542,70,1,tanvi,India,Uttar Pradesh,Female,1972-10-25 11:31:26,2025-03-13,N,62.0,1.0
8781-ANDWC,2021-11-20,Paid,2021-12-20,Premium,Monthly,,,53.02,3499,62,0,qasim,India,Nagaland,Male,1968-01-16 11:31:26,2025-07-12,N,67.0,1.0
1685-PTIUY,2025-07-22,Paid,2025-08-21,Premium,Monthly,2025-10-30,Switched to competitor,46.04,3683,78,1,kamya,India,Telangana,Female,1981-01-22 11:31:26,,,,
4808-PWYNK,2026-04-11,Refferal,2026-05-11,Standard,Monthly,,,11.05,464,32,0,chavvi,India,Telangana,Female,1988-10-12 11:31:26,,,,
5268-XOKPN,2023-10-08,Refferal,2024-10-07,Standard,Annual,2024-06-23,Switched to competitor,13.95,1004,75,1,raksha,India,Karnataka,Female,1994-07-10 11:31:26,,,,
9685-JOHQW,2020-12-26,Paid,2021-01-25,Standard,Monthly,,,13.81,731,20,0,praneel,Nepal,Kathmandu,Male,1992-10-28 11:31:26,2025-03-10,Y,34.0,1.0
0771-KSLWZ,2026-02-03,Paid,2026-03-05,Standard,Monthly,,,11.52,956,3,0,darsh,India,Karnataka,Male,1960-12-23 11:31:26,,,,
0860-GUCYB,2021-03-01,Paid,2021-03-31,Standard,Monthly,,,14.49,1043,45,0,utkarsh,India,Telangana,Male,1971-12-20 11:31:26,2025-01-23,N,81.0,1.0
5274-UMCTS,2020-12-05,Refferal,2021-12-05,Premium,Annual,,,53.1,3079,16,0,aishani,India,Nagaland,Female,1975-02-27 11:31:26,,,,
8644-NIYSR,2022-01-14,Refferal,2023-01-14,Premium,Annual,,,23.14,2036,44,0,ojas,India,Delhi,Male,1989-04-23 11:31:26,2024-11-21,Y,13.0,1.0
7550-EARLG,2021-01-12,Refferal,2021-02-11,Standard,Monthly,,,14.88,773,15,0,harshil,Nepal,Kathmandu,Male,1992-04-18 11:31:26,2026-03-03,N,81.0,1.0
1788-RQYFB,2024-01-04,Paid,2024-02-03,Standard,Monthly,2024-08-16,Too expensive,15.39,630,81,1,ishita,India,Karnataka,Female,1981-05-26 11:31:26,,,,
9769-HAEXQ,2022-07-11,Organic,2023-07-11,Premium,Annual,,,50.08,1201,13,0,jackson,India,Nagaland,Male,1962-12-01 11:31:26,,,,
0159-PZPMG,2025-03-04,Refferal,2026-03-04,Basic,Annual,,,7.33,615,19,0,falak,India,Meghalaya,Female,2003-10-24 11:31:26,,,,
4153-JAJSX,2022-03-26,Paid,2023-03-26,Standard,Annual,,,13.98,978,26,0,aarav,India,Uttar Pradesh,Male,2003-04-11 11:31:26,2026-08-10,N,74.0,1.0
4487-WRXLY,2023-09-29,Refferal,2023-10-29,Premium,Monthly,2026-05-02,Forgot to cancel trial,70.63,4167,79,1,eiravati,India,Rajasthan,Female,1991-10-08 11:31:26,2026-03-27,N,59.0,1.0
2461-NHOEM,2024-06-09,Refferal,2025-06-09,Premium,Annual,2025-04-10,Forgot to cancel trial,80.55,6927,74,1,christopher,India,Uttar Pradesh,Male,1982-01-28 11:31:26,,,,
4434-DTLXH,2021-05-24,Refferal,2021-06-23,Standard,Monthly,,,12.85,719,54,0,amara,India,Nagaland,Female,1991-05-04 11:31:26,,,,
3268-GKFHH,2025-03-06,Paid,2026-03-06,Premium,Annual,,,44.81,3002,32,0,praneel,Nepal,Kathmandu,Male,1995-11-19 11:31:26,2025-02-10,N,76.0,1.0
2303-PHGND,2020-09-23,Organic,2021-09-23,Premium,Annual,2021-05-15,Not enough content,80.93,2185,96,1,neel,India,Meghalaya,Male,1991-11-30 11:31:26,2025-03-02,N,53.0,1.0
9578-RTBFD,2024-11-25,Organic,2025-11-25,Premium,Annual,2025-04-12,Forgot to cancel trial,33.04,892,77,1,edhitha,India,Nagaland,Female,1970-07-28 11:31:26,2025-09-09,N,78.0,1.0
1995-HMEGW,2023-05-18,Organic,2023-06-17,Premium,Monthly,,,30.8,2310,33,0,bhavika,India,Uttar Pradesh,Female,1967-09-27 11:31:26,2026-03-12,N,81.0,1.0
4508-KSCKL,2023-03-28,Paid,2024-03-27,Basic,Annual,,,7.41,540,20,0,chatura,India,Telangana,Male,1983-11-06 11:31:26,2025-01-29,N,82.0,1.0
8602-KBRJS,2024-10-26,Paid,2025-10-26,Basic,Annual,,,8.41,664,52,0,anthony,India,Delhi,Male,1983-11-12 11:31:26,,,,
4247-DIYJQ,2023-04-09,Refferal,2023-05-09,Basic,Monthly,2024-04-14,Poor streaming quality,9.66,656,99,1,matthew,India,Delhi,Male,1966-03-20 11:31:26,2026-07-26,Y,37.0,1.0
7234-TPVYI,2026-05-19,Refferal,2027-05-19,Basic,Annual,,,9.22,248,16,0,azaan,India,Nagaland,Male,2000-09-29 11:31:26,2026-05-02,Y,34.0,1.0
8955-WIRYS,2024-07-31,Organic,2024-08-30,Basic,Monthly,,,7.75,674,8,0,unni,India,Nagaland,Female,1999-03-10 11:31:26,2025-08-14,Y,25.0,1.0
9854-OAVHV,2021-01-22,Paid,2021-02-21,Standard,Monthly,,,14.7,1308,33,0,vamakshi,India,Delhi,Female,1963-05-25 11:31:26,,,,
4309-QAKFX,2022-06-28,Paid,2022-07-28,Basic,Monthly,,,6.13,153,59,0,banjeet,India,Rajasthan,Male,1962-04-12 11:31:26,,,,
2121-HBANQ,2021-01-05,Paid,2022-01-05,Premium,Annual,,,69.26,4432,52,0,ethan,India,Nagaland,Male,,2025-03-10,N,85.0,1.0
7175-DQXJI,2022-10-29,Paid,2022-11-28,Standard,Monthly,2023-03-09,Switched to competitor,15.8,347,74,1,omaja,Nepal,Kathmandu,Female,1977-01-23 11:31:26,2025-10-31,N,88.0,1.0
4001-ZDKRR,2023-03-31,Paid,2023-04-30,Premium,Monthly,2024-10-13,Not enough content,59.35,4985,86,1,nandini,India,Nagaland,Female,1988-09-16 11:31:26,2025-11-06,N,89.0,1.0
1285-FDZFT,2025-03-13,Refferal,2026-03-13,Premium,Annual,,,20.52,513,6,0,chandran,India,Delhi,Male,1977-10-11 11:31:26,2024-11-12,N,74.0,1.0
0727-FJRNR,2023-02-10,Paid,2023-03-12,Basic,Monthly,,,7.35,507,53,0,hritik,India,Maharashtra,Male,1986-11-07 11:31:26,,,,
0935-UOYYH,2023-01-07,Paid,2024-01-07,Basic,Annual,,,6.52,326,8,0,jhalak,Nepal,Kathmandu,Female,2007-09-03 11:31:26,,,,
8893-HOBHG,2022-12-06,Paid,2023-12-06,Standard,Annual,,,11.04,949,16,0,utkarsh,India,Maharashtra,Male,2007-09-07 11:31:26,2026-02-05,Y,38.0,1.0
5145-YLGUG,2023-02-03,Paid,2023-03-05,Premium,Monthly,2024-08-01,Not enough content,41.79,710,91,1,naksh,India,Delhi,Male,1961-02-18 11:31:26,,,,
5789-OBGCN,2022-10-16,Paid,2022-11-15,Standard,Monthly,,,11.14,746,60,0,joshua,India,Nagaland,Male,1990-01-01 11:31:26,,,,
7711-YHAJH,2024-08-02,Paid,2024-09-01,Standard,Monthly,2025-01-17,Poor streaming quality,12.28,307,72,1,ganga,India,Karnataka,Female,1984-10-10 11:31:26,,,,
3679-OZQTO,2021-01-08,Paid,2021-02-07,Basic,Monthly,,,7.3,321,32,0,vritti,India,Maharashtra,Female,2003-09-27 11:31:26,2026-04-21,N,78.0,2.0
9182-NXQPL,2024-12-01,Refferal,2025-12-01,Standard,Annual,2026-02-20,Forgot to cancel trial,12.71,419,88,1,chanakya,India,Delhi,Male,1978-08-30 11:31:26,,,,
3245-XWADG,2025-04-21,Refferal,2026-04-21,Premium,Annual,,,57.69,1788,28,0,quincy,India,Karnataka,Male,1959-09-29 11:31:26,,,,
3955-SDXXP,2024-01-04,Paid,2024-02-03,Premium,Monthly,,,74.81,6732,61,0,ayushman,India,Maharashtra,Male,1988-07-13 11:31:26,,,,
8345-CXPJQ,2024-06-28,Paid,2024-07-28,Premium,Monthly,2025-08-10,Not enough content,56.11,2076,74,1,nitesh,India,Meghalaya,Male,1965-05-19 11:31:26,2026-05-21,Y,38.0,2.0
1629-JEHMF,2025-08-17,Refferal,2026-08-17,Basic,Annual,,,9.01,756,37,0,udyati,India,Meghalaya,Female,1966-03-17 11:31:26,,,,
0109-MVJHY,2026-03-16,Paid,2026-04-15,Premium,Monthly,,,37.72,1093,64,0,ati,India,Delhi,Female,1983-02-23 11:31:26,2025-11-02,N,54.0,1.0
8307-ILTRB,2021-03-26,Organic,2022-03-26,Standard,Annual,2023-05-20,Too expensive,14.8,592,78,1,patrick,India,Maharashtra,Male,2003-06-15 11:31:26,,,,
7938-VTHFW,2021-11-10,Refferal,2021-12-10,Premium,Monthly,2023-11-09,Poor streaming quality,63.99,5247,91,1,zehaan,Nepal,Kathmandu,Male,1962-09-21 11:31:26,,,,
4916-VWRMQ,2021-12-04,Paid,2022-12-04,Premium,Annual,2023-10-03,Switched to competitor,36.54,2155,92,1,wridesh,India,Meghalaya,Male,1966-10-08 11:31:26,2024-11-08,N,81.0,1.0
3847-AGFWK,2021-04-19,Paid,2022-04-19,Standard,Annual,,,14.81,636,39,0,qarin,India,Rajasthan,Male,1996-05-02 11:31:26,,,,
8782-FQYPI,2023-12-09,Organic,2024-12-08,Standard,Annual,,,11.29,395,56,0,maya,India,Maharashtra,Female,1964-10-13 11:31:26,,,,
3757-HEJKO,2025-06-30,Refferal,2025-07-30,Standard,Monthly,2025-12-01,Switched to competitor,12.37,779,90,1,upadhriti,India,Maharashtra,Female,2003-12-05 11:31:26,2026-08-03,N,55.0,2.0
8875-PDTUF,2024-02-20,Organic,2025-02-19,Premium,Annual,2025-04-26,Forgot to cancel trial,46.23,2311,85,1,agastya,India,Rajasthan,Male,1958-10-15 11:31:26,2025-12-14,N,74.0,1.0
8143-SYTSL,2020-10-20,Organic,2021-10-20,Basic,Annual,,,6.37,490,40,0,kiaan,India,Nagaland,Male,1999-06-18 11:31:26,2025-03-08,N,80.0,1.0
9283-TBMKT,2025-12-08,Paid,2026-12-08,Standard,Annual,,,14.9,1192,38,0,nilima,India,Telangana,Female,1980-09-28 11:31:26,,,,
1334-XLCDA,2020-09-02,Organic,2020-10-02,Premium,Monthly,,,74.16,3856,10,0,parth,India,Nagaland,Male,1966-11-19 11:31:26,2026-05-18,N,67.0,1.0
6088-OEHRU,2021-01-14,Organic,2021-02-13,Standard,Monthly,2023-05-31,Too expensive,14.14,480,85,1,suhani,Nepal,Kathmandu,Female,1975-08-01 11:31:26,2026-08-01,Y,24.0,2.0
1001-QPBQW,2024-12-04,Paid,2025-01-03,Standard,Monthly,2025-05-24,Switched to competitor,14.24,598,78,1,chakradev,India,Nagaland,Male,1994-12-02 11:31:26,2025-01-25,Y,26.0,1.0
6274-IUPHU,2023-03-31,Organic,2023-04-30,Standard,Monthly,2023-07-30,Too expensive,11.98,958,95,1,shaurya,India,Uttar Pradesh,Male,1956-12-04 11:31:26,2024-12-14,N,82.0,1.0
3944-OJKMI,2024-10-14,Paid,2024-11-13,Basic,Monthly,,,8.73,515,14,0,nimrat,India,Nagaland,Female,1981-08-08 11:31:26,2026-03-11,N,72.0,1.0
3502-QWXEJ,2025-09-19,Organic,2026-09-19,Basic,Annual,2026-02-21,Poor streaming quality,8.0,520,71,1,brijesh,Nepal,Kathmandu,Male,2003-11-17 11:31:26,,,,
4145-HBOAS,2021-07-17,Refferal,2021-08-16,Premium,Monthly,,,63.96,2366,58,0,garima,India,Uttar Pradesh,Female,1999-02-28 11:31:26,,,,
1356-KVBQB,2024-07-06,Organic,2024-08-05,Standard,Monthly,,,16.91,270,63,0,arya,India,Nagaland,Female,1958-03-08 11:31:26,,,,
6821-VRBVN,2023-03-09,Organic,2023-04-08,Basic,Monthly,2025-11-02,Forgot to cancel trial,7.23,187,88,1,laban,India,Uttar Pradesh,Male,1974-07-06 11:31:26,,,,
1444-DCSEP,2023-06-06,Organic,2024-06-05,Premium,Annual,,,85.6,2653,22,0,simon,Nepal,Kathmandu,Male,1990-04-15 11:31:26,2025-07-10,Y,14.0,1.0
6782-FEWEH,2021-11-16,Paid,2021-12-16,Basic,Monthly,,,6.14,509,39,0,laban,India,Uttar Pradesh,Male,1989-04-22 11:31:26,2025-08-30,N,68.0,1.0
8253-OTGNF,2023-02-09,Paid,2024-02-09,Premium,Annual,2025-02-27,Switched to competitor,85.59,2995,83,1,pooja,India,Karnataka,Female,1973-05-30 11:31:26,,,,
5516-QCXHM,2024-07-15,Paid,2025-07-15,Premium,Annual,2025-03-26,Forgot to cancel trial,54.18,1517,83,1,meghana,India,Uttar Pradesh,Female,1995-09-17 11:31:26,2025-10-28,N,87.0,1.0
8391-EHPSN,2020-11-24,Organic,2021-11-24,Standard,Annual,,,13.07,431,15,0,mitesh,Nepal,Kathmandu,Male,1986-07-29 11:31:26,,,,
4936-HEWLS,2026-04-19,Paid,2026-05-19,Basic,Monthly,,,8.66,233,27,0,rudra,India,Rajasthan,Male,1970-12-24 11:31:26,2025-01-17,Y,31.0,2.0
6956-PNJRZ,2025-01-18,Paid,2026-01-18,Premium,Annual,,,23.79,475,16,0,jagvi,India,Delhi,Female,1989-10-20 11:31:26,2026-03-02,N,61.0,1.0
4668-IRMGY,2022-07-11,Paid,2023-07-11,Basic,Annual,,,6.63,483,3,0,mohini,India,Karnataka,Female,1964-02-06 11:31:26,,,,
6581-KBLTD,2023-07-01,Refferal,2023-07-31,Premium,Monthly,2023-07-30,Not enough content,74.96,6746,78,1,aarini,India,Rajasthan,Female,1986-09-30 11:31:26,2025-07-01,N,79.0,2.0
8021-LBPJL,2024-09-06,Refferal,2024-10-06,Standard,Monthly,,,11.66,757,18,0,zinal,India,Maharashtra,Female,1972-09-20 11:31:26,2025-08-21,Y,14.0,1.0
7063-XILQX,2021-01-19,Organic,2021-02-18,Standard,Monthly,2022-10-14,Poor streaming quality,14.07,928,70,1,peter,Nepal,Kathmandu,Male,1985-12-26 11:31:26,2026-05-12,N,55.0,1.0
7101-ZUOZQ,2023-02-23,Paid,2024-02-23,Standard,Annual,,,14.0,532,46,0,ansh,India,Maharashtra,Male,1999-02-11 11:31:26,2025-07-23,Y,35.0,1.0
2126-HMUQC,2025-08-05,Paid,2026-08-05,Premium,Annual,,,58.6,3398,24,0,balvan,India,Nagaland,Male,1982-07-05 11:31:26,2025-10-15,Y,37.0,2.0
6390-GAWZQ,2022-04-20,Paid,2023-04-20,Standard,Annual,,,14.74,1031,29,0,turvi,India,Nagaland,Female,2004-03-13 11:31:26,,,,
0383-THTZJ,2020-10-03,Organic,2020-11-02,Basic,Monthly,,,9.93,595,51,0,samaksh,India,Karnataka,Male,1976-04-09 11:31:26,2026-03-29,Y,38.0,2.0
5206-NNFKT,2025-06-03,Organic,2026-06-03,Premium,Annual,,,69.24,4708,65,0,victor,India,Delhi,Male,1972-08-15 11:31:26,2026-06-24,Y,17.0,1.0
8247-ZPTYI,2023-02-24,Paid,2023-03-26,Premium,Monthly,,,32.47,1461,14,0,chanchal,India,Uttar Pradesh,Female,,,,,
3273-IHXFL,2022-01-13,Paid,2023-01-13,Basic,Annual,,,6.63,99,50,0,damyanti,India,Nagaland,Female,1998-01-30 11:31:26,2025-10-25,N,80.0,1.0
1152-UYWNS,2022-11-30,Organic,2022-12-30,Premium,Monthly,,,71.74,4950,53,0,balveer,India,Maharashtra,Male,1962-01-19 11:31:26,2025-04-04,Y,36.0,1.0
1831-SJRDG,2021-11-29,Organic,2022-11-29,Standard,Annual,,,15.13,726,39,0,pallavi,India,Rajasthan,Female,1963-05-02 11:31:26,2026-03-13,Y,26.0,1.0
3621-WOSHS,2023-07-29,Refferal,2024-07-28,Premium,Annual,2025-04-24,Too expensive,65.75,5851,70,1,brinda,India,Uttar Pradesh,Female,1970-07-17 11:31:26,2024-11-12,N,83.0,1.0
2791-ZQPNN,2021-10-02,Organic,2022-10-02,Standard,Annual,2022-06-18,Too expensive,12.85,771,85,1,yashodhara,India,Delhi,Female,1999-12-07 11:31:26,,,,
0199-VVUNF,2022-08-28,Organic,2022-09-27,Basic,Monthly,2024-02-18,Too expensive,6.21,285,77,1,priya,India,Telangana,Female,1986-04-01 11:31:26,,,,
7472-EZGHT,2021-12-30,Paid,2022-12-30,Standard,Annual,,,16.28,390,15,0,falak,India,Delhi,Female,1962-02-23 11:31:26,,,,
7240-CFOFM,2022-02-09,Paid,2022-03-11,Premium,Monthly,,,18.03,1406,43,0,eta,India,Karnataka,Female,1996-05-25 11:31:26,2024-12-25,N,69.0,1.0
8719-GHOIL,2025-01-03,Paid,2026-01-03,Standard,Annual,,,16.54,1372,55,0,faraj,Nepal,Kathmandu,Male,2002-05-26 11:31:26,2025-12-13,N,63.0,2.0
4916-YFRIE,2023-04-22,Paid,2024-04-21,Premium,Annual,2025-01-17,Not enough content,72.48,2391,79,1,xiti,India,Delhi,Female,1970-10-13 11:31:26,2025-10-07,N,78.0,1.0
9228-KKTKZ,2024-07-21,Refferal,2025-07-21,Basic,Annual,,,6.08,522,38,0,vanya,India,Uttar Pradesh,Female,1958-06-08 11:31:26,,,,
3522-QLHBE,2025-08-09,Paid,2026-08-09,Standard,Annual,2026-07-17,Not enough content,14.63,731,87,1,ojasvi,India,Uttar Pradesh,Female,1960-10-24 11:31:26,2025-11-22,Y,14.0,2.0
2486-WPOOL,2023-05-02,Organic,2023-06-01,Premium,Monthly,,,73.42,5286,50,0,bhavna,India,Meghalaya,Female,1982-10-31 11:31:26,,,,
3016-IFJFZ,2025-03-20,Organic,2026-03-20,Standard,Annual,,,16.93,321,64,0,max,India,Maharashtra,Male,1993-07-16 11:31:26,,,,
5358-UMOQT,2022-08-30,Paid,2022-09-29,Standard,Monthly,,,11.43,845,31,0,baghyawati,India,Karnataka,Female,2002-10-03 11:31:26,,,,
2493-QBQIN,2022-06-03,Refferal,2023-06-03,Standard,Annual,2024-04-16,Forgot to cancel trial,13.55,989,90,1,bina,India,Telangana,Female,1992-09-14 11:31:26,,,,
9411-YXSOE,2020-11-07,Organic,2021-11-07,Basic,Annual,2022-05-31,Too expensive,8.62,362,94,1,upkaar,India,Karnataka,Male,1960-03-23 11:31:26,2025-05-17,N,78.0,1.0
6145-AWWFB,2021-01-29,Refferal,2022-01-29,Basic,Annual,,,6.47,355,29,0,mekhala,India,Telangana,Female,1967-11-14 11:31:26,2026-05-14,N,73.0,2.0
6226-UKWJY,2022-11-06,Refferal,2022-12-06,Basic,Monthly,2024-04-13,Too expensive,8.91,775,70,1,zehaan,India,Meghalaya,Male,1964-04-06 11:31:26,2025-10-19,N,52.0,1.0
3437-WRJKE,2023-03-23,Refferal,2024-03-22,Standard,Annual,,,13.41,750,4,0,anvi,India,Delhi,Female,1972-12-24 11:31:26,,,,
5432-AMTDK,2022-06-27,Refferal,2023-06-27,Basic,Annual,,,7.85,557,11,0,girindra,India,Delhi,Male,1958-01-10 11:31:26,,,,
0011-IMXDR,2023-07-09,Organic,2024-07-08,Standard,Annual,,,11.48,321,18,0,vyanjana,India,Karnataka,Female,2007-12-08 11:31:26,2026-07-22,N,71.0,1.0
7571-RNPWT,2021-03-26,Organic,2021-04-25,Basic,Monthly,,,6.05,272,13,0,varenya,India,Delhi,Female,1959-10-04 11:31:26,2026-06-09,N,72.0,1.0
9456-KZLGL,2026-04-15,Paid,2027-04-15,Premium,Annual,,,68.09,1566,53,0,onveer,India,Rajasthan,Male,1973-05-27 11:31:26,2024-10-21,N,58.0,1.0
7494-VDSDJ,2020-11-11,Paid,2020-12-11,Standard,Monthly,2022-11-20,Forgot to cancel trial,15.07,512,88,1,harini,India,Karnataka,Female,2001-12-19 11:31:26,,,,
8602-BNOSZ,2026-05-03,Organic,2027-05-03,Premium,Annual,,,82.36,5435,21,0,urvashi,India,Delhi,Female,1976-12-26 11:31:26,2025-09-08,N,80.0,1.0
2230-SHBSR,2022-09-24,Organic,2023-09-24,Basic,Annual,2025-02-13,Poor streaming quality,9.9,891,76,1,fariq,India,Karnataka,Male,1993-07-03 11:31:26,2026-06-23,Y,40.0,1.0
6577-DTYDL,2022-12-27,Paid,2023-12-27,Premium,Annual,,,40.4,2949,12,0,sara,India,Maharashtra,Female,2003-05-24 11:31:26,2025-11-01,N,52.0,2.0
4185-CMPWR,2021-01-06,Paid,2021-02-05,Basic,Monthly,,,8.65,588,6,0,oviya,India,Nagaland,Female,1964-08-19 11:31:26,,,,
4590-VTXQI,2023-11-05,Refferal,2023-12-05,Premium,Monthly,,,37.92,2919,38,0,champak,India,Rajasthan,Male,1965-10-04 11:31:26,,,,
9267-JNYJP,2022-04-09,Paid,2022-05-09,Premium,Monthly,2024-10-11,Poor streaming quality,79.14,6964,97,1,sanya,India,Karnataka,Female,1967-03-24 11:31:26,,,,
6532-VQURA,2022-07-22,Refferal,2022-08-21,Basic,Monthly,2025-02-04,Switched to competitor,7.37,412,84,1,falan,India,Rajasthan,Male,1993-08-30 11:31:26,,,,
4311-TEOWQ,2025-11-28,Organic,2026-11-28,Standard,Annual,,,15.96,1053,23,0,ekta,India,Delhi,Female,1964-08-29 11:31:26,,,,
3050-TFWMI,2026-03-15,Paid,2026-04-14,Premium,Monthly,2026-04-18,Too expensive,40.21,1045,72,1,nilima,India,Delhi,Female,,,,,
6629-WDIJD,2021-05-18,Refferal,2022-05-18,Standard,Annual,2022-08-24,Too expensive,16.95,728,84,1,shivani,India,Meghalaya,Female,1964-01-23 11:31:26,,,,
3538-DHZWM,2022-06-02,Organic,2022-07-02,Premium,Monthly,,,71.0,3408,30,0,brijesh,India,Nagaland,Male,2003-03-18 11:31:26,2026-03-22,Y,32.0,2.0
4045-UPCXZ,2024-06-28,Paid,2024-07-28,Basic,Monthly,2026-04-07,Poor streaming quality,7.85,612,88,1,eesha,India,Karnataka,Female,1977-02-15 11:31:26,2026-04-18,Y,27.0,2.0
2422-BJYHG,2024-05-08,Paid,2024-06-07,Premium,Monthly,,,42.78,2866,12,0,chakradhar,India,Uttar Pradesh,Male,1968-08-25 11:31:26,,,,
9615-IAPSJ,2023-07-24,Organic,2023-08-23,Standard,Monthly,,,12.08,362,24,0,udyati,India,Karnataka,Female,1971-02-24 11:31:26,2025-04-03,N,80.0,2.0
5624-EIELG,2022-08-08,Refferal,2023-08-08,Premium,Annual,,,91.64,3299,3,0,hredhaan,India,Nagaland,Male,1964-01-02 11:31:26,,,,
8669-AIHUO,2021-09-28,Organic,2021-10-28,Basic,Monthly,,,8.39,310,35,0,xavier,India,Delhi,Male,2001-05-20 11:31:26,2026-08-21,Y,11.0,2.0
5106-YCRPE,2025-06-29,Paid,2025-07-29,Premium,Monthly,2026-01-17,Too expensive,26.72,1202,96,1,neelima,India,Delhi,Female,1986-12-15 11:31:26,,,,
6623-BBZMV,2023-07-23,Paid,2023-08-22,Premium,Monthly,2025-05-24,Too expensive,47.55,3423,94,1,daksha,India,Karnataka,Female,1964-11-05 11:31:26,2026-02-11,N,81.0,2.0
9195-MKMUH,2024-06-11,Refferal,2025-06-11,Standard,Annual,,,11.28,721,15,0,anirudh,India,Maharashtra,Male,1964-09-08 11:31:26,2026-05-23,N,77.0,1.0
8584-WNRBF,2024-01-27,Paid,2024-02-26,Standard,Monthly,2024-12-04,Switched to competitor,13.28,597,91,1,ekaja,India,Nagaland,Female,1963-03-26 11:31:26,,,,
5419-ZZVJV,2021-07-27,Organic,2021-08-26,Premium,Monthly,,,33.36,1634,29,0,ganga,India,Nagaland,Female,1979-11-07 11:31:26,,,,
6813-VJVEU,2024-10-13,Refferal,2025-10-13,Standard,Annual,,,15.74,566,63,0,fitan,India,Telangana,Male,1996-12-24 11:31:26,,,,
6524-HHWGT,2022-12-31,Refferal,2023-12-31,Premium,Annual,,,26.35,658,51,0,anya,India,Nagaland,Female,2006-06-16 11:31:26,,,,
1104-GPLDP,2026-03-19,Organic,2027-03-19,Standard,Annual,,,12.04,264,28,0,kashish,India,Nagaland,Female,1985-03-17 11:31:26,2026-02-21,Y,31.0,2.0
0414-WBGNO,2021-12-25,Refferal,2022-12-25,Basic,Annual,2023-05-02,Switched to competitor,7.47,470,70,1,udarsh,India,Maharashtra,Male,1962-07-13 11:31:26,,,,
6349-TDFQO,2022-06-01,Paid,2023-06-01,Premium,Annual,,,63.94,4667,33,0,jagdish,India,Uttar Pradesh,Male,1991-04-28 11:31:26,,,,
2509-LWFHT,2025-11-01,Refferal,2025-12-01,Premium,Monthly,,,83.98,2603,56,0,vrinda,Nepal,Kathmandu,Female,1989-09-16 11:31:26,,,,
3409-YKKTL,2022-10-02,Refferal,2022-11-01,Standard,Monthly,,,16.23,1201,38,0,indali,India,Rajasthan,Female,1968-08-17 11:31:26,,,,
6688-JHKMO,2023-04-17,Organic,2024-04-16,Premium,Annual,2024-04-18,Not enough content,88.73,7719,94,1,thomas,India,Telangana,Male,1976-03-03 11:31:26,2025-03-14,N,62.0,1.0
5185-MWDYI,2023-07-13,Refferal,2023-08-12,Basic,Monthly,2024-05-31,Too expensive,7.24,390,96,1,sai,Nepal,Kathmandu,Female,1962-07-20 11:31:26,2025-06-23,N,78.0,1.0
2870-HCOXD,2025-05-02,Organic,2025-06-01,Standard,Monthly,,,11.67,315,51,0,faris,India,Telangana,Male,2006-03-28 11:31:26,2026-03-29,N,80.0,2.0
5937-YPEXZ,2020-12-08,Paid,2021-01-07,Standard,Monthly,,,16.95,949,21,0,ladli,Nepal,Kathmandu,Female,1989-11-17 11:31:26,,,,
1361-JZMQP,2025-08-30,Paid,2025-09-29,Standard,Monthly,2026-04-23,Not enough content,14.89,297,78,1,wridesh,Nepal,Kathmandu,Male,1981-10-30 11:31:26,,,,
7505-RIAWY,2024-09-22,Paid,2024-10-22,Standard,Monthly,,,15.81,1059,48,0,charan,India,Meghalaya,Male,1998-11-11 11:31:26,2025-09-02,N,85.0,2.0
1389-UXWXA,2025-01-09,Refferal,2025-02-08,Standard,Monthly,2025-04-06,Too expensive,15.33,1364,90,1,benjamin,India,Nagaland,Male,1990-03-09 11:31:26,,,,
7549-QIRPB,2023-03-22,Refferal,2023-04-21,Standard,Monthly,,,12.91,516,48,0,laban,India,Karnataka,Male,,,,,
9919-SMTPW,2025-06-01,Refferal,2026-06-01,Standard,Annual,,,15.56,684,13,0,ethan,India,Karnataka,Male,1974-06-04 11:31:26,2026-06-17,Y,23.0,2.0
5648-TNRZG,2025-09-21,Organic,2025-10-21,Premium,Monthly,2026-08-03,Not enough content,18.89,434,88,1,varenya,India,Karnataka,Female,1962-02-08 11:31:26,2026-07-02,N,80.0,2.0
3117-FERKW,2023-07-11,Paid,2024-07-10,Standard,Annual,,,11.83,402,28,0,siya,India,Telangana,Female,1998-05-08 11:31:26,2025-02-09,N,61.0,1.0
3013-FAMHF,2022-10-17,Organic,2023-10-17,Premium,Annual,2024-08-24,Poor streaming quality,67.92,3531,74,1,banjeet,India,Meghalaya,Male,2000-05-02 11:31:26,2026-07-02,N,90.0,2.0
5089-RLDDH,2025-03-09,Refferal,2025-04-08,Standard,Monthly,2026-07-24,Not enough content,12.39,1065,80,1,oliver,India,Delhi,Male,1999-03-03 11:31:26,,,,
5424-SXZUO,2020-11-09,Paid,2020-12-09,Standard,Monthly,2023-08-26,Poor streaming quality,15.49,759,72,1,ekantika,Nepal,Kathmandu,Female,1979-01-13 11:31:26,2026-06-22,N,67.0,2.0
3659-QIVMD,2024-12-31,Organic,2025-12-31,Premium,Annual,,,40.16,3293,54,0,ekiya,India,Rajasthan,Female,2004-10-19 11:31:26,,,,
4066-UKVAG,2023-03-21,Paid,2024-03-20,Standard,Annual,,,13.65,996,20,0,wahab,India,Telangana,Male,1998-05-26 11:31:26,2024-08-24,Y,28.0,1.0
0277-DWOJI,2020-09-29,Paid,2021-09-29,Standard,Annual,,,15.53,481,34,0,chaaya,India,Telangana,Female,1992-03-03 11:31:26,2025-01-25,Y,26.0,1.0
3850-CJJCI,2023-10-17,Refferal,2023-11-16,Standard,Monthly,2024-02-24,Forgot to cancel trial,15.57,280,71,1,falguni,India,Maharashtra,Female,1992-03-18 11:31:26,,,,
3694-MBTYY,2023-01-26,Paid,2024-01-26,Premium,Annual,,,59.24,2428,17,0,zarna,India,Telangana,Female,,,,,
0117-JCWNV,2022-01-02,Organic,2023-01-02,Basic,Annual,,,7.02,456,10,0,maanas,India,Maharashtra,Male,1981-12-07 11:31:26,,,,
7399-APQNK,2020-11-29,Organic,2020-12-29,Premium,Monthly,,,84.49,1774,44,0,divya,India,Karnataka,Female,1975-02-17 11:31:26,,,,
9287-XVFAA,2024-04-23,Organic,2024-05-23,Basic,Monthly,,,7.91,363,7,0,ubika,India,Nagaland,Female,1991-07-19 11:31:26,,,,
0004-WQWYY,2020-12-30,Organic,2021-12-30,Standard,Annual,,,13.49,404,22,0,veer,India,Delhi,Male,1989-09-15 11:31:26,2026-04-24,N,63.0,1.0
0497-WYECS,2024-01-26,Refferal,2025-01-25,Premium,Annual,,,20.23,1355,14,0,zaid,India,Meghalaya,Male,2007-03-20 11:31:26,,,,
9449-XRYWS,2024-04-09,Organic,2024-05-09,Basic,Monthly,,,6.17,530,63,0,abhiram,India,Meghalaya,Male,1981-01-31 11:31:26,,,,
3793-STHCJ,2024-10-07,Paid,2025-10-07,Premium,Annual,,,61.51,3198,12,0,kavya,India,Rajasthan,Female,1989-12-29 11:31:26,,,,
8102-RKYCG,2023-02-08,Paid,2023-03-10,Basic,Monthly,,,8.49,297,57,0,mugdha,India,Uttar Pradesh,Female,2005-01-22 11:31:26,,,,
2285-ZUVKV,2022-01-08,Refferal,2023-01-08,Standard,Annual,2024-02-26,Forgot to cancel trial,15.25,991,86,1,qushi,India,Maharashtra,Female,,,,,
6435-FJKTC,2021-09-18,Organic,2021-10-18,Standard,Monthly,,,13.43,362,63,0,turvi,India,Nagaland,Female,2001-12-12 11:31:26,,,,
0385-AHFVR,2023-08-25,Paid,2023-09-24,Premium,Monthly,,,40.77,3669,5,0,brijesh,India,Karnataka,Male,1988-10-05 11:31:26,,,,
0516-MJGMU,2021-01-10,Refferal,2022-01-10,Premium,Annual,,,85.93,2148,18,0,radha,India,Telangana,Female,1988-03-07 11:31:26,,,,
1540-LTGZA,2025-02-27,Paid,2026-02-27,Standard,Annual,2025-12-20,Forgot to cancel trial,14.03,897,95,1,zehaan,India,Uttar Pradesh,Male,1993-07-10 11:31:26,,,,
0798-GDNEL,2023-10-28,Refferal,2023-11-27,Premium,Monthly,2024-12-01,Switched to competitor,73.83,3912,75,1,zehaan,India,Rajasthan,Male,1970-07-29 11:31:26,2025-07-30,N,57.0,2.0
2280-DZPAM,2026-04-12,Paid,2026-05-12,Standard,Monthly,,,11.51,863,28,0,sara,India,Rajasthan,Female,1966-03-24 11:31:26,,,,
3985-XWDEO,2024-12-07,Paid,2025-12-07,Premium,Annual,2026-01-26,Switched to competitor,35.41,2195,71,1,lajita,India,Rajasthan,Female,1999-07-24 11:31:26,,,,
0199-CRPAW,2025-03-03,Refferal,2025-04-02,Premium,Monthly,2025-07-26,Forgot to cancel trial,65.02,2145,97,1,rachana,India,Uttar Pradesh,Female,1973-08-12 11:31:26,,,,
7826-NZOGT,2022-01-09,Organic,2022-02-08,Standard,Monthly,,,15.02,645,50,0,pooja,India,Nagaland,Female,1993-02-22 11:31:26,,,,
7853-PUXQT,2025-01-27,Refferal,2025-02-26,Basic,Monthly,,,6.57,427,20,0,damini,India,Meghalaya,Female,1963-06-03 11:31:26,,,,
5594-HNIIY,2021-05-28,Paid,2021-06-27,Standard,Monthly,,,14.76,1180,17,0,osha,India,Delhi,Female,1964-11-06 11:31:26,2025-05-05,N,86.0,2.0
8481-RHPRE,2025-05-30,Paid,2025-06-29,Premium,Monthly,2025-10-18,Too expensive,26.78,1553,75,1,gagan,India,Meghalaya,Male,1989-02-12 11:31:26,,,,
8142-JKSYL,2026-04-11,Refferal,2027-04-11,Basic,Annual,,,9.7,863,55,0,vincent,India,Karnataka,Male,1990-06-21 11:31:26,2025-08-05,Y,11.0,1.0
8020-PMKDE,2025-04-21,Organic,2026-04-21,Basic,Annual,,,8.74,760,6,0,gavin,India,Maharashtra,Male,1962-12-28 11:31:26,2024-10-06,N,67.0,1.0
3943-FQOGO,2020-11-06,Paid,2020-12-06,Basic,Monthly,,,6.35,311,54,0,vasudha,India,Rajasthan,Female,1972-02-07 11:31:26,,,,
1567-GKGPX,2020-11-20,Paid,2021-11-20,Standard,Annual,,,16.07,546,50,0,harrison,Nepal,Kathmandu,Male,1984-05-12 11:31:26,,,,
6228-ATFRL,2025-09-24,Paid,2026-09-24,Premium,Annual,,,70.41,2886,16,0,irya,India,Maharashtra,Female,1991-06-27 11:31:26,2025-04-08,Y,19.0,1.0
6216-PMAYG,2023-08-08,Paid,2024-08-07,Premium,Annual,2025-02-05,Poor streaming quality,50.79,1777,75,1,mohammed,India,Maharashtra,Male,1987-08-27 11:31:26,2026-08-14,N,83.0,1.0
0594-ZJTCX,2022-02-03,Organic,2023-02-03,Standard,Annual,2025-01-19,Switched to competitor,16.49,725,97,1,warjas,India,Maharashtra,Male,2003-10-23 11:31:26,2026-02-22,N,61.0,1.0
7704-YXGVF,2022-04-13,Paid,2023-04-13,Standard,Annual,,,14.19,794,57,0,girish,India,Karnataka,Male,1972-09-20 11:31:26,2026-05-13,N,82.0,1.0
0931-KEMWG,2025-08-13,Paid,2026-08-13,Basic,Annual,2026-04-20,Forgot to cancel trial,6.26,482,91,1,arunima,India,Meghalaya,Female,1997-07-02 11:31:26,,,,
9016-OKNZY,2022-03-17,Refferal,2022-04-16,Standard,Monthly,,,11.43,331,41,0,oni,India,Telangana,Female,2003-08-26 11:31:26,,,,
6268-JJIFA,2023-02-24,Refferal,2024-02-24,Standard,Annual,,,13.62,1007,26,0,qarin,India,Delhi,Male,1969-03-26 11:31:26,,,,
7590-DYGDQ,2024-11-28,Refferal,2025-11-28,Basic,Annual,,,8.2,623,7,0,sudiksha,India,Rajasthan,Female,1991-05-14 11:31:26,2026-06-05,N,60.0,1.0
1659-DSHAF,2022-08-02,Organic,2022-09-01,Premium,Monthly,,,84.25,6740,5,0,reyansh,India,Telangana,Male,1997-12-24 11:31:26,,,,
8978-SOBZY,2023-06-29,Paid,2024-06-28,Standard,Annual,2024-04-11,Too expensive,12.31,837,88,1,idika,India,Uttar Pradesh,Female,1980-08-25 11:31:26,2026-06-27,Y,39.0,2.0
1085-EASUF,2025-03-30,Paid,2025-04-29,Premium,Monthly,,,89.73,5114,43,0,kiaan,Nepal,Kathmandu,Male,1997-12-02 11:31:26,,,,
8629-ERSNH,2021-02-02,Paid,2021-03-04,Premium,Monthly,2022-07-29,Switched to competitor,48.34,1595,87,1,unnati,India,Nagaland,Female,1995-08-12 11:31:26,2026-04-14,Y,13.0,2.0
8287-JTKIC,2022-06-26,Paid,2023-06-26,Standard,Annual,2025-04-13,Poor streaming quality,16.62,1495,76,1,nandini,India,Karnataka,Female,1961-10-16 11:31:26,2025-12-17,N,88.0,2.0
6174-WCCTD,2023-03-15,Organic,2023-04-14,Premium,Monthly,,,86.85,2258,5,0,niharika,India,Delhi,Female,1956-11-15 11:31:26,2026-01-27,Y,28.0,1.0
0647-PVEEK,2024-08-08,Paid,2024-09-07,Basic,Monthly,,,6.62,516,41,0,geetika,Nepal,Kathmandu,Female,2003-11-19 11:31:26,2025-05-04,N,71.0,1.0
7744-VJNHS,2024-10-25,Paid,2024-11-24,Standard,Monthly,2026-02-11,Too expensive,11.34,385,93,1,anvi,India,Nagaland,Female,1984-06-08 11:31:26,2026-06-18,N,87.0,2.0
9045-SHSXR,2022-03-20,Organic,2022-04-19,Premium,Monthly,,,90.48,6514,11,0,teerth,India,Rajasthan,Male,1959-07-03 11:31:26,,,,
6919-RYTWE,2021-01-25,Refferal,2022-01-25,Premium,Annual,2022-02-13,Poor streaming quality,55.14,1047,94,1,ayush,India,Meghalaya,Male,2000-05-14 11:31:26,2025-11-30,N,89.0,1.0
0044-CUZFD,2023-08-03,Paid,2024-08-02,Basic,Annual,,,9.19,781,21,0,rajata,India,Meghalaya,Female,2004-02-14 11:31:26,,,,
7478-BIKQU,2026-02-11,Paid,2027-02-11,Standard,Annual,2026-07-24,Not enough content,14.9,968,78,1,fariq,India,Uttar Pradesh,Male,2007-12-29 11:31:26,2024-12-03,Y,36.0,1.0
6504-ABBUN,2020-11-02,Paid,2020-12-02,Premium,Monthly,,,59.42,3802,38,0,urvashi,India,Maharashtra,Female,1984-02-27 11:31:26,,,,
2903-OFRCQ,2021-12-29,Refferal,2022-12-29,Premium,Annual,,,72.68,3706,22,0,bahadurjit,Nepal,Kathmandu,Male,1979-11-07 11:31:26,,,,
8989-QBEDY,2022-09-20,Organic,2023-09-20,Premium,Annual,,,56.3,1407,25,0,rajeshri,Nepal,Kathmandu,Female,1966-11-09 11:31:26,,,,
5787-EUOGA,2024-02-12,Paid,2024-03-13,Premium,Monthly,2026-07-19,Poor streaming quality,87.34,6113,73,1,anamika,Nepal,Kathmandu,Female,1971-03-31 11:31:26,,,,
6593-FEQUT,2026-02-03,Paid,2027-02-03,Basic,Annual,,,6.14,104,45,0,varenya,India,Nagaland,Female,2001-01-14 11:31:26,,,,
5549-KVZWC,2023-03-11,Paid,2023-04-10,Premium,Monthly,2024-12-24,Forgot to cancel trial,20.43,1409,79,1,ria,India,Karnataka,Female,1999-02-28 11:31:26,2024-10-16,N,58.0,1.0
6219-ZHWZZ,2023-09-06,Organic,2023-10-06,Basic,Monthly,,,8.4,226,65,0,ekapad,India,Meghalaya,Male,1959-01-12 11:31:26,2025-06-07,N,61.0,1.0
9539-UGHVO,2022-01-27,Organic,2023-01-27,Premium,Annual,2022-07-01,Switched to competitor,67.33,6059,70,1,liam,India,Meghalaya,Male,1983-05-19 11:31:26,2024-11-11,N,73.0,1.0
1751-GPOUC,2023-07-04,Paid,2024-07-03,Basic,Annual,,,8.72,706,59,0,idika,India,Karnataka,Female,1958-03-13 11:31:26,2025-10-05,Y,23.0,2.0
6364-FNIKP,2025-02-03,Refferal,2025-03-05,Standard,Monthly,,,14.53,1278,14,0,lekha,Nepal,Kathmandu,Female,1967-11-14 11:31:26,,,,
9506-DRDBZ,2021-11-14,Refferal,2022-11-14,Standard,Annual,2024-06-01,Too expensive,15.17,500,93,1,udant,India,Telangana,Male,1976-04-03 11:31:26,,,,
2019-WIKRR,2024-08-17,Paid,2025-08-17,Basic,Annual,,,7.74,270,6,0,luke,India,Delhi,Male,1988-05-15 11:31:26,,,,
0976-TNFCH,2021-10-15,Refferal,2021-11-14,Standard,Monthly,,,16.17,792,13,0,xalak,India,Maharashtra,Female,2004-03-13 11:31:26,,,,
7178-XAGMF,2025-07-16,Paid,2026-07-16,Basic,Annual,,,8.98,251,18,0,ekansh,Nepal,Kathmandu,Male,1989-12-15 11:31:26,,,,
4130-VTROP,2021-08-18,Paid,2022-08-18,Premium,Annual,2022-04-12,Not enough content,60.59,4180,78,1,varsha,India,Delhi,Female,,,,,
4455-PQRYO,2026-05-16,Refferal,2026-06-15,Standard,Monthly,2026-06-09,Switched to competitor,12.36,1075,98,1,vamakshi,India,Nagaland,Female,1985-10-26 11:31:26,2026-04-05,Y,24.0,1.0
1189-CZOSF,2024-06-23,Paid,2025-06-23,Standard,Annual,2025-03-21,Forgot to cancel trial,13.03,1081,93,1,nathaniel,India,Maharashtra,Male,1993-05-23 11:31:26,,,,
3951-BRORS,2023-10-19,Paid,2023-11-18,Standard,Monthly,,,15.17,1304,47,0,bhavini,India,Nagaland,Female,1986-05-11 11:31:26,2025-03-21,N,86.0,1.0
4509-FVGBE,2025-07-13,Organic,2025-08-12,Standard,Monthly,2026-07-14,Poor streaming quality,14.75,501,92,1,netra,India,Meghalaya,Female,1997-01-04 11:31:26,2026-06-29,Y,15.0,2.0
6887-CTFDC,2025-03-14,Organic,2025-04-13,Basic,Monthly,2025-11-04,Poor streaming quality,9.93,685,75,1,harita,India,Meghalaya,Female,2006-06-24 11:31:26,,,,
7292-HGFTU,2021-12-04,Paid,2022-01-03,Basic,Monthly,,,6.91,200,38,0,yashoda,India,Telangana,Female,1998-05-23 11:31:26,,,,
9513-SVBEW,2025-03-11,Paid,2026-03-11,Premium,Annual,2025-09-24,Switched to competitor,37.46,2584,85,1,irya,India,Maharashtra,Female,2005-06-17 11:31:26,,,,
3363-DUSCD,2025-03-07,Refferal,2025-04-06,Basic,Monthly,,,9.11,163,8,0,kashish,India,Karnataka,Female,1985-07-24 11:31:26,2025-09-29,N,80.0,2.0
1609-LXQBQ,2023-04-29,Refferal,2023-05-29,Standard,Monthly,2026-01-14,Not enough content,11.95,920,86,1,raksha,Nepal,Kathmandu,Female,1984-10-02 11:31:26,,,,
1255-DVHQB,2024-02-27,Refferal,2025-02-26,Standard,Annual,,,13.04,1069,12,0,eiravati,India,Telangana,Female,1960-08-24 11:31:26,2024-10-23,Y,14.0,1.0
8383-FIRJV,2022-12-05,Paid,2023-01-04,Basic,Monthly,,,8.22,139,52,0,nilima,India,Maharashtra,Female,1960-03-21 11:31:26,,,,
8615-EBGBD,2023-08-29,Organic,2024-08-28,Premium,Annual,,,59.05,2716,36,0,wakeeta,India,Karnataka,Female,2004-03-03 11:31:26,2026-03-06,Y,30.0,1.0
4387-GRDKR,2021-05-11,Refferal,2022-05-11,Premium,Annual,2022-10-23,Switched to competitor,81.37,6021,97,1,balhaar,India,Meghalaya,Male,,2025-04-09,N,90.0,1.0
5811-YJHWE,2023-03-23,Paid,2023-04-22,Premium,Monthly,,,41.07,3285,39,0,balhaar,India,Rajasthan,Male,1973-06-17 11:31:26,,,,
8689-NXUTJ,2022-08-14,Organic,2023-08-14,Standard,Annual,,,15.12,332,57,0,yauvani,India,Delhi,Female,1981-05-25 11:31:26,2026-05-24,Y,34.0,1.0
3183-VGISK,2025-01-19,Paid,2025-02-18,Premium,Monthly,,,32.89,1315,34,0,gavin,India,Karnataka,Male,1997-06-26 11:31:26,2024-11-23,N,64.0,1.0
6662-WSYXP,2025-11-15,Paid,2026-11-15,Basic,Annual,2025-12-13,Switched to competitor,9.56,860,73,1,yashasvi,India,Rajasthan,Female,1965-03-28 11:31:26,2024-09-30,N,88.0,1.0
0214-GJMSG,2023-08-14,Paid,2023-09-13,Premium,Monthly,2024-01-21,Switched to competitor,43.92,3601,90,1,diya,India,Karnataka,Female,1993-12-18 11:31:26,,,,
4699-CHGNI,2021-08-01,Refferal,2022-08-01,Premium,Annual,2021-10-29,Not enough content,43.13,1337,86,1,max,India,Telangana,Male,1970-10-31 11:31:26,,,,
0702-VQUIM,2026-01-04,Refferal,2026-02-03,Standard,Monthly,,,12.15,498,26,0,ojasvi,India,Maharashtra,Female,1965-04-19 11:31:26,2026-07-14,N,79.0,2.0
3487-CEFXJ,2025-07-02,Paid,2025-08-01,Basic,Monthly,,,8.47,440,50,0,lucky,India,Delhi,Male,1966-06-12 11:31:26,,,,
1897-GXANL,2021-10-07,Refferal,2022-10-07,Premium,Annual,2023-11-19,Poor streaming quality,64.08,1089,89,1,ladli,India,Uttar Pradesh,Female,2006-01-20 11:31:26,,,,
8313-JOSUH,2021-05-10,Organic,2021-06-09,Premium,Monthly,,,64.83,3371,56,0,mahika,India,Uttar Pradesh,Female,1971-07-18 11:31:26,,,,
9906-TTRTW,2024-03-03,Refferal,2024-04-02,Premium,Monthly,,,40.07,3486,42,0,nidra,India,Delhi,Female,1989-07-16 11:31:26,,,,
3185-YXCVU,2023-07-12,Refferal,2023-08-11,Premium,Monthly,,,29.62,2014,65,0,chakradhar,India,Telangana,Male,2006-11-30 11:31:26,,,,
7241-EFOZF,2024-01-15,Organic,2024-02-14,Basic,Monthly,,,9.3,279,65,0,hamsini,India,Rajasthan,Female,2003-05-11 11:31:26,2025-10-19,N,71.0,1.0
2412-KTODR,2024-06-04,Organic,2024-07-04,Standard,Monthly,,,15.97,1309,23,0,frederick,India,Telangana,Male,1963-03-21 11:31:26,,,,
1969-GEGOG,2025-06-25,Organic,2025-07-25,Standard,Monthly,,,15.0,960,7,0,pahal,India,Meghalaya,Female,1960-04-29 11:31:26,,,,
1913-VTNBR,2025-05-19,Refferal,2025-06-18,Premium,Monthly,2025-12-28,Too expensive,23.48,1901,76,1,ansh,India,Maharashtra,Male,1962-08-17 11:31:26,,,,
7263-QQBJQ,2021-02-07,Paid,2022-02-07,Basic,Annual,2021-04-02,Forgot to cancel trial,7.64,198,93,1,akshay,India,Uttar Pradesh,Male,1981-12-10 11:31:26,,,,
7768-XYZOY,2024-05-19,Refferal,2024-06-18,Standard,Monthly,2026-06-05,Too expensive,16.61,664,81,1,kevin,India,Maharashtra,Male,2003-09-11 11:31:26,,,,
6575-COCAW,2024-03-11,Refferal,2025-03-11,Premium,Annual,,,68.21,6002,65,0,sathvik,India,Karnataka,Male,,2024-09-12,Y,12.0,1.0
8932-HGBYW,2024-04-30,Organic,2025-04-30,Standard,Annual,2025-09-08,Forgot to cancel trial,12.22,342,99,1,maanav,India,Telangana,Male,1960-07-18 11:31:26,2025-03-29,N,82.0,1.0
3058-BVQWX,2025-04-06,Paid,2025-05-06,Premium,Monthly,,,54.84,2412,51,0,krisha,India,Karnataka,Female,1980-02-10 11:31:26,2026-01-03,N,84.0,2.0
5217-KIOLT,2024-08-06,Organic,2024-09-05,Standard,Monthly,2024-09-05,Not enough content,13.42,201,82,1,balhaar,India,Telangana,Male,1967-05-13 11:31:26,,,,
1382-REFJR,2023-03-02,Refferal,2023-04-01,Premium,Monthly,,,72.93,2698,7,0,farhan,India,Rajasthan,Male,1986-09-29 11:31:26,,,,
2273-IKLPB,2023-04-23,Refferal,2024-04-22,Basic,Annual,2024-08-20,Forgot to cancel trial,6.14,429,93,1,wyatt,India,Meghalaya,Male,2005-04-19 11:31:26,,,,
4108-NHDWI,2024-02-15,Organic,2024-03-16,Basic,Monthly,2024-08-31,Too expensive,6.13,514,82,1,panini,India,Karnataka,Female,1982-02-15 11:31:26,2025-04-06,N,61.0,1.0
7405-HUZBQ,2024-11-09,Paid,2025-11-09,Basic,Annual,,,9.34,373,34,0,nathaniel,Nepal,Kathmandu,Male,1970-02-19 11:31:26,,,,
0625-UNRAQ,2026-03-31,Organic,2027-03-31,Premium,Annual,,,72.57,1378,4,0,orinder,India,Rajasthan,Male,1980-11-06 11:31:26,,,,
2751-HOUIJ,2025-01-04,Refferal,2026-01-04,Premium,Annual,,,65.54,5767,57,0,eiravati,India,Telangana,Female,1992-01-15 11:31:26,2025-09-01,N,62.0,1.0
9381-YIECR,2022-06-22,Organic,2023-06-22,Standard,Annual,,,16.67,966,36,0,damyanti,India,Rajasthan,Female,2000-01-17 11:31:26,,,,
6062-CWYCS,2021-05-05,Paid,2021-06-04,Premium,Monthly,2022-06-21,Not enough content,69.0,2070,98,1,vidhi,India,Uttar Pradesh,Female,1991-05-05 11:31:26,,,,
8393-VBVXP,2022-01-23,Paid,2023-01-23,Standard,Annual,,,12.75,510,9,0,varenya,India,Rajasthan,Female,1980-10-30 11:31:26,2024-10-30,N,63.0,1.0
7796-SYCUL,2026-01-27,Organic,2027-01-27,Basic,Annual,,,6.13,502,63,0,mohini,India,Meghalaya,Female,1970-02-11 11:31:26,,,,
9694-NOPVT,2022-01-24,Organic,2022-02-23,Basic,Monthly,,,8.22,558,6,0,ubika,India,Nagaland,Female,2003-12-12 11:31:26,,,,
9561-NULLH,2025-04-25,Organic,2025-05-25,Basic,Monthly,,,7.26,268,35,0,gauri,India,Rajasthan,Female,1981-10-09 11:31:26,2026-07-04,N,55.0,2.0
0102-WBUJF,2025-01-09,Refferal,2026-01-09,Standard,Annual,,,11.19,962,50,0,girish,India,Nagaland,Male,1967-01-26 11:31:26,2025-08-20,N,83.0,1.0
6276-KQSDZ,2023-07-04,Paid,2023-08-03,Standard,Monthly,,,16.07,996,21,0,vivaan,India,Telangana,Male,1996-04-03 11:31:26,2025-04-03,N,61.0,2.0
3119-VDPWQ,2023-07-18,Paid,2024-07-17,Standard,Annual,,,14.31,1073,28,0,ronith,India,Maharashtra,Male,1957-05-31 11:31:26,,,,
1426-REEJM,2021-11-15,Refferal,2021-12-15,Standard,Monthly,,,15.89,1001,60,0,kavya,India,Meghalaya,Female,1990-09-06 11:31:26,,,,
3950-SKOEL,2020-12-01,Organic,2020-12-31,Premium,Monthly,,,90.49,5067,14,0,qushi,India,Karnataka,Female,1975-12-25 11:31:26,2025-03-14,N,89.0,1.0
6749-WYTUR,2022-04-13,Paid,2022-05-13,Standard,Monthly,2024-01-18,Not enough content,14.46,983,73,1,vrinda,India,Nagaland,Female,1969-08-05 11:31:26,,,,
7586-TWFVH,2025-07-05,Paid,2025-08-04,Standard,Monthly,,,13.67,970,3,0,aarna,Nepal,Kathmandu,Female,2008-07-04 11:31:26,2025-07-02,Y,11.0,1.0
9763-MNMCM,2024-10-26,Organic,2024-11-25,Premium,Monthly,,,77.28,2859,5,0,kevin,India,Nagaland,Male,1959-03-17 11:31:26,,,,
4346-TMVRM,2022-09-28,Paid,2022-10-28,Premium,Monthly,,,35.75,715,15,0,saksham,India,Uttar Pradesh,Male,1975-07-31 11:31:26,2025-10-11,N,86.0,2.0
7540-BVEFS,2022-09-21,Paid,2023-09-21,Standard,Annual,,,12.18,974,15,0,indali,India,Maharashtra,Female,2008-06-20 11:31:26,2025-05-30,N,63.0,2.0
8189-CZDBD,2025-01-12,Refferal,2026-01-12,Basic,Annual,,,8.68,243,11,0,varenya,India,Karnataka,Female,1997-12-26 11:31:26,,,,
0685-DSLSR,2025-05-20,Paid,2026-05-20,Premium,Annual,,,67.52,3578,52,0,logan,Nepal,Kathmandu,Male,1975-11-23 11:31:26,,,,
2451-THCHU,2021-05-18,Paid,2021-06-17,Premium,Monthly,2023-06-23,Not enough content,19.27,1214,96,1,daniel,India,Delhi,Male,1957-06-21 11:31:26,,,,
0020-UFRPD,2022-11-26,Paid,2023-11-26,Premium,Annual,2023-09-03,Too expensive,42.49,764,78,1,chasmum,India,Maharashtra,Female,1977-03-21 11:31:26,,,,
2558-AZYKJ,2023-11-05,Organic,2024-11-04,Premium,Annual,2024-03-28,Not enough content,82.64,6776,90,1,omkaar,India,Uttar Pradesh,Male,1971-08-12 11:31:26,,,,
1753-IGWVR,2024-12-23,Organic,2025-12-23,Premium,Annual,,,75.62,4083,42,0,qadim,India,Meghalaya,Male,1961-12-12 11:31:26,2025-01-13,N,72.0,1.0
6965-VYGVD,2023-07-07,Refferal,2023-08-06,Standard,Monthly,,,15.83,696,9,0,sai,India,Maharashtra,Male,2006-06-22 11:31:26,2024-09-23,N,81.0,1.0
8458-BACSJ,2024-09-27,Paid,2025-09-27,Standard,Annual,2024-11-29,Not enough content,13.76,839,86,1,ekantika,India,Karnataka,Female,1962-02-21 11:31:26,,,,
8061-HUESA,2023-08-16,Paid,2023-09-15,Standard,Monthly,,,16.99,1121,13,0,warjas,India,Rajasthan,Male,1995-03-21 11:31:26,,,,
7200-XVXLD,2024-02-15,Paid,2024-03-16,Standard,Monthly,2024-05-09,Switched to competitor,16.78,352,84,1,falguni,India,Nagaland,Female,,,,,
7657-DGARP,2021-06-10,Refferal,2021-07-10,Standard,Monthly,2022-06-12,Switched to competitor,12.49,587,89,1,yasti,India,Karnataka,Female,2007-03-10 11:31:26,,,,
0620-VHVVY,2021-07-28,Organic,2022-07-28,Premium,Annual,,,59.73,3762,64,0,odika,India,Uttar Pradesh,Female,1962-07-12 11:31:26,2026-08-15,Y,11.0,1.0
9355-GGEIE,2024-01-19,Paid,2025-01-18,Basic,Annual,,,6.65,212,4,0,netra,India,Meghalaya,Female,1966-11-28 11:31:26,2025-08-26,N,84.0,1.0
1731-CBERA,2023-09-12,Paid,2023-10-12,Basic,Monthly,,,8.28,736,31,0,yashoda,India,Karnataka,Female,2005-08-25 11:31:26,,,,
1834-CLAVN,2023-05-15,Paid,2024-05-14,Standard,Annual,,,15.54,932,36,0,netra,India,Maharashtra,Female,1963-01-08 11:31:26,,,,
3819-OLNLA,2022-10-03,Organic,2023-10-03,Basic,Annual,,,7.51,195,51,0,adweta,India,Meghalaya,Female,1994-04-04 11:31:26,,,,
1376-YNMVH,2026-04-09,Paid,2027-04-09,Standard,Annual,,,11.25,540,60,0,dayamai,India,Delhi,Female,1991-11-12 11:31:26,,,,
9518-LJBXQ,2025-03-21,Organic,2026-03-21,Basic,Annual,2025-04-28,Forgot to cancel trial,8.67,589,92,1,mitesh,India,Nagaland,Male,1990-07-18 11:31:26,,,,
9991-JOSYL,2024-01-26,Refferal,2025-01-25,Basic,Annual,,,8.31,415,37,0,agastya,India,Delhi,Male,1957-09-23 11:31:26,,,,
0005-NOUFN,2026-03-13,Organic,2027-03-13,Premium,Annual,2026-04-13,Switched to competitor,63.14,3346,72,1,libni,India,Maharashtra,Female,1969-01-07 11:31:26,2026-03-16,N,65.0,2.0
2674-ZWSCF,2024-10-13,Refferal,2025-10-13,Standard,Annual,2025-08-09,Not enough content,15.97,1245,74,1,ishaan,India,Rajasthan,Male,1978-12-28 11:31:26,2025-10-21,N,52.0,1.0
4737-HUKVM,2023-08-26,Paid,2023-09-25,Standard,Monthly,2025-12-08,Poor streaming quality,14.24,1210,74,1,harinakshi,India,Karnataka,Female,1968-01-23 11:31:26,2026-01-30,Y,26.0,1.0
1713-UVQXQ,2021-06-27,Paid,2021-07-27,Premium,Monthly,2022-12-28,Not enough content,69.64,1462,73,1,sachi,Nepal,Kathmandu,Female,1992-03-13 11:31:26,2025-12-31,N,61.0,1.0
7827-ZGYXB,2023-12-06,Paid,2024-12-05,Premium,Annual,,,49.58,1536,9,0,anamika,India,Telangana,Female,1962-03-28 11:31:26,,,,
4258-IPJAA,2021-09-25,Paid,2021-10-25,Basic,Monthly,,,9.13,639,30,0,christopher,India,Delhi,Male,1979-02-19 11:31:26,,,,
0819-ILEVY,2022-06-10,Organic,2023-06-10,Basic,Annual,,,9.85,177,30,0,urvi,India,Uttar Pradesh,Female,1987-03-08 11:31:26,2026-01-07,N,90.0,2.0
6860-IHCQP,2023-07-10,Refferal,2024-07-09,Basic,Annual,,,9.18,688,22,0,tripti,India,Maharashtra,Female,1994-11-10 11:31:26,2025-11-10,N,74.0,2.0
1637-CXWVG,2024-09-11,Paid,2025-09-11,Premium,Annual,,,92.36,3417,39,0,azaan,India,Maharashtra,Male,,,,,
5871-LUAUL,2021-10-30,Refferal,2021-11-29,Standard,Monthly,2024-04-12,Not enough content,15.4,1386,93,1,yochana,Nepal,Kathmandu,Female,1994-10-25 11:31:26,2025-12-18,N,60.0,2.0
4337-YEDRS,2022-06-10,Paid,2023-06-10,Premium,Annual,2023-08-02,Switched to competitor,66.91,1940,74,1,raghav,India,Meghalaya,Male,1980-10-05 11:31:26,,,,
2525-YZHNT,2023-04-13,Paid,2024-04-12,Premium,Annual,,,54.69,4703,37,0,harini,India,Karnataka,Female,1992-05-28 11:31:26,2025-09-14,Y,25.0,1.0
0206-RBWPK,2024-07-10,Refferal,2025-07-10,Premium,Annual,,,55.72,2451,24,0,raagini,India,Rajasthan,Female,1974-02-14 11:31:26,,,,
5006-AWWUT,2024-02-23,Paid,2024-03-24,Standard,Monthly,,,12.51,600,19,0,kevin,India,Telangana,Male,2002-01-02 11:31:26,2025-02-17,N,80.0,2.0
3562-LUCQQ,2021-12-06,Paid,2022-01-05,Basic,Monthly,,,8.93,616,40,0,manthan,Nepal,Kathmandu,Male,1967-10-02 11:31:26,,,,
2539-XTPHZ,2025-01-26,Organic,2025-02-25,Basic,Monthly,,,9.94,467,14,0,manthan,India,Uttar Pradesh,Male,1997-01-02 11:31:26,2026-01-18,N,64.0,2.0
1690-DCQOA,2022-06-17,Paid,2023-06-17,Standard,Annual,2023-07-16,Too expensive,11.86,438,98,1,wishi,Nepal,Kathmandu,Female,2003-01-28 11:31:26,2025-05-02,N,79.0,1.0
1877-BAVPW,2022-04-17,Organic,2023-04-17,Standard,Annual,,,16.49,906,44,0,laksh,Nepal,Kathmandu,Male,2005-10-29 11:31:26,2025-10-14,N,53.0,2.0
9016-QFIWP,2025-05-05,Paid,2025-06-04,Basic,Monthly,,,9.76,692,56,0,rudra,India,Maharashtra,Male,1958-03-15 11:31:26,2026-07-19,N,77.0,1.0
6388-KCAQX,2022-04-22,Paid,2022-05-22,Premium,Monthly,2024-12-23,Switched to competitor,79.34,6426,89,1,eta,India,Karnataka,Female,1976-11-08 11:31:26,2026-01-25,Y,27.0,2.0
8753-SOKKL,2025-12-13,Organic,2026-01-12,Premium,Monthly,,,54.39,3372,54,0,prisha,India,Telangana,Female,2003-05-05 11:31:26,,,,
2959-JVOXA,2024-12-07,Paid,2025-12-07,Basic,Annual,2024-12-27,Forgot to cancel trial,7.51,465,99,1,kabir,India,Karnataka,Male,1988-11-06 11:31:26,2025-01-24,N,71.0,1.0
1929-LLSRD,2026-01-01,Paid,2027-01-01,Standard,Annual,,,12.59,956,24,0,krishna,India,Karnataka,Male,2006-02-27 11:31:26,,,,
1219-LVWXG,2021-06-05,Organic,2022-06-05,Standard,Annual,,,15.67,517,11,0,laban,India,Delhi,Male,2006-05-07 11:31:26,,,,
6015-MAOYB,2022-01-12,Organic,2023-01-12,Premium,Annual,,,31.31,1753,59,0,jagdish,India,Rajasthan,Male,1961-06-05 11:31:26,,,,
4587-ACNYV,2024-04-21,Organic,2025-04-21,Basic,Annual,2025-04-30,Forgot to cancel trial,7.48,164,72,1,isaiah,India,Uttar Pradesh,Male,1968-11-28 11:31:26,2024-09-28,Y,15.0,1.0
1789-ZRILT,2022-07-15,Organic,2023-07-15,Premium,Annual,,,69.03,1794,59,0,samuel,India,Uttar Pradesh,Male,2007-10-12 11:31:26,,,,
5116-OIHVD,2021-03-20,Paid,2022-03-20,Standard,Annual,,,16.01,1280,62,0,vrishti,India,Nagaland,Female,1993-08-29 11:31:26,2026-03-07,N,84.0,1.0
1158-AIDUR,2026-03-08,Paid,2026-04-07,Standard,Monthly,2026-04-30,Poor streaming quality,15.57,1276,71,1,aahana,India,Karnataka,Female,1983-04-24 11:31:26,2026-08-05,N,52.0,1.0
7336-FOZZX,2022-12-23,Organic,2023-01-22,Standard,Monthly,2023-04-25,Poor streaming quality,16.48,1170,99,1,gaurangi,Nepal,Kathmandu,Female,1985-03-17 11:31:26,2026-07-05,N,89.0,1.0
1311-JKFEV,2023-05-20,Paid,2023-06-19,Premium,Monthly,2023-11-21,Switched to competitor,63.0,4662,94,1,wazir,India,Rajasthan,Male,1985-10-20 11:31:26,,,,
6355-CZAIH,2024-12-25,Paid,2025-01-24,Standard,Monthly,,,15.9,397,46,0,irya,Nepal,Kathmandu,Female,1972-07-30 11:31:26,2025-03-18,Y,14.0,1.0
5140-UXJZA,2024-05-08,Organic,2025-05-08,Premium,Annual,,,69.47,4029,5,0,luke,India,Maharashtra,Male,1966-08-24 11:31:26,2026-06-15,N,56.0,1.0
3133-VMOYS,2024-05-21,Paid,2024-06-20,Standard,Monthly,2026-01-18,Switched to competitor,12.81,192,78,1,chaitanya,India,Maharashtra,Male,1962-08-02 11:31:26,2026-02-11,N,68.0,2.0
8892-HPCFR,2025-11-20,Paid,2026-11-20,Standard,Annual,2026-08-11,Forgot to cancel trial,13.16,1158,70,1,anjali,India,Delhi,Female,1988-11-28 11:31:26,,,,
6517-OYXOB,2023-01-15,Refferal,2024-01-15,Basic,Annual,,,6.86,370,40,0,gagan,India,Meghalaya,Male,1978-05-13 11:31:26,,,,
6143-WAKLT,2026-01-03,Paid,2027-01-03,Standard,Annual,2026-06-04,Not enough content,16.38,622,88,1,gaurang,India,Maharashtra,Male,1987-11-26 11:31:26,2024-09-16,N,59.0,1.0
3626-IWBTA,2025-03-02,Paid,2026-03-02,Basic,Annual,2025-07-14,Switched to competitor,8.03,513,82,1,sneha,India,Telangana,Female,1960-11-06 11:31:26,2026-02-19,N,79.0,2.0
9217-OZLWW,2025-09-05,Paid,2025-10-05,Basic,Monthly,2026-03-28,Not enough content,9.18,743,75,1,maanav,India,Telangana,Male,1992-02-23 11:31:26,2024-08-27,N,51.0,1.0
2065-ALCIE,2025-12-22,Refferal,2026-01-21,Premium,Monthly,,,86.27,6642,49,0,chatresh,India,Delhi,Male,1971-10-13 11:31:26,2025-04-22,Y,13.0,1.0
8243-LNIOS,2026-04-29,Paid,2026-05-29,Premium,Monthly,,,74.27,5644,37,0,vasana,India,Uttar Pradesh,Female,1998-11-22 11:31:26,,,,
9893-WBZPE,2023-06-24,Paid,2023-07-24,Basic,Monthly,,,6.54,98,6,0,zaitra,Nepal,Kathmandu,Female,1981-06-16 11:31:26,2026-07-08,Y,14.0,1.0
3746-DYBCH,2023-04-30,Paid,2023-05-30,Premium,Monthly,,,70.57,1129,11,0,zayyan,Nepal,Kathmandu,Male,2003-10-11 11:31:26,2025-01-08,Y,39.0,1.0
2445-FDSMW,2022-07-16,Refferal,2023-07-16,Standard,Annual,2022-11-25,Not enough content,11.27,495,99,1,daksh,India,Nagaland,Male,1974-02-01 11:31:26,,,,
7486-LKPPF,2024-05-13,Paid,2024-06-12,Premium,Monthly,,,46.35,1622,40,0,vasudha,India,Delhi,Female,1964-09-23 11:31:26,,,,
8698-FYAGZ,2020-09-19,Refferal,2021-09-19,Premium,Annual,,,55.57,3445,65,0,girik,India,Telangana,Male,1970-03-21 11:31:26,,,,
6443-LTXJS,2025-03-08,Refferal,2026-03-08,Premium,Annual,,,51.06,2757,41,0,om,Nepal,Kathmandu,Male,1962-02-09 11:31:26,,,,
3681-OIHPE,2021-08-24,Organic,2021-09-23,Premium,Monthly,,,86.96,7478,47,0,gopal,India,Telangana,Male,1967-03-24 11:31:26,2026-05-08,Y,26.0,1.0
0643-NMZYQ,2025-05-23,Paid,2025-06-22,Premium,Monthly,,,34.54,1105,49,0,tanmayi,India,Delhi,Female,1984-08-07 11:31:26,,,,
4615-YZEJB,2021-02-19,Organic,2022-02-19,Basic,Annual,,,8.11,397,26,0,nihal,India,Meghalaya,Male,1959-10-21 11:31:26,,,,
6396-XOGIL,2021-09-13,Paid,2022-09-13,Premium,Annual,,,82.28,6500,27,0,charvi,India,Meghalaya,Female,1986-10-14 11:31:26,,,,
1041-LXDEH,2023-05-20,Paid,2024-05-19,Standard,Annual,,,15.71,832,57,0,ekiya,India,Maharashtra,Female,1984-03-03 11:31:26,2026-07-06,N,50.0,1.0
4524-DJSZG,2022-02-19,Organic,2023-02-19,Basic,Annual,2023-11-28,Too expensive,9.26,203,84,1,aarush,India,Meghalaya,Male,1980-06-10 11:31:26,,,,
3604-RLCXX,2023-03-17,Refferal,2024-03-16,Premium,Annual,,,59.16,2958,23,0,kamya,India,Karnataka,Female,2004-04-23 11:31:26,2025-03-04,N,67.0,1.0
2887-LXUGV,2022-05-17,Organic,2022-06-16,Standard,Monthly,,,14.16,467,17,0,nitesh,India,Maharashtra,Male,1974-02-02 11:31:26,,,,
7582-LPKIE,2022-02-21,Refferal,2023-02-21,Premium,Annual,,,58.27,3263,44,0,aashi,India,Maharashtra,Female,1960-11-14 11:31:26,,,,
0747-AXMRS,2024-08-14,Organic,2024-09-13,Premium,Monthly,,,27.25,2234,54,0,radha,India,Uttar Pradesh,Female,1974-03-03 11:31:26,,,,
1422-MEADJ,2024-06-23,Organic,2024-07-23,Basic,Monthly,,,7.37,442,55,0,azaan,India,Telangana,Male,1959-02-02 11:31:26,,,,
3493-XDDSV,2022-05-27,Organic,2023-05-27,Standard,Annual,,,13.11,340,35,0,viraj,India,Delhi,Male,1989-04-22 11:31:26,2025-06-13,N,53.0,1.0
7522-BEPUD,2025-12-11,Paid,2026-01-10,Basic,Monthly,,,9.28,798,46,0,zayan,India,Nagaland,Male,,,,,
2996-SZMUQ,2024-08-09,Refferal,2024-09-08,Basic,Monthly,,,9.85,325,63,0,nimrat,Nepal,Kathmandu,Female,1999-08-12 11:31:26,2025-11-30,Y,13.0,1.0
4784-GEORT,2022-10-01,Paid,2022-10-31,Basic,Monthly,,,6.83,314,56,0,manbir,India,Delhi,Male,1988-06-03 11:31:26,,,,
7844-WGWCB,2021-11-24,Paid,2021-12-24,Standard,Monthly,2022-05-04,Too expensive,11.72,750,75,1,indrajit,India,Meghalaya,Male,,2024-11-26,N,75.0,1.0
7758-RKIHM,2023-04-03,Refferal,2024-04-02,Premium,Annual,,,86.86,1476,39,0,ganga,India,Karnataka,Female,1962-09-22 11:31:26,,,,
1496-OJZPL,2023-01-11,Organic,2023-02-10,Premium,Monthly,,,23.32,746,49,0,ridhi,India,Maharashtra,Female,1956-09-25 11:31:26,,,,
2452-HYOTL,2024-12-28,Paid,2025-01-27,Basic,Monthly,,,6.92,262,11,0,warinder,Nepal,Kathmandu,Male,2007-07-02 11:31:26,2026-03-30,N,79.0,1.0
9449-ZNMOJ,2025-01-06,Refferal,2025-02-05,Premium,Monthly,2025-09-16,Switched to competitor,72.37,2388,71,1,ikbal,India,Meghalaya,Male,1964-11-29 11:31:26,2025-12-31,N,51.0,1.0
7967-UHHQU,2023-08-29,Paid,2024-08-28,Basic,Annual,,,7.98,574,62,0,banjeet,India,Maharashtra,Male,1994-06-11 11:31:26,2025-09-11,N,62.0,2.0
5416-AKJSM,2020-12-28,Paid,2021-01-27,Premium,Monthly,2022-03-09,Switched to competitor,28.29,1753,88,1,dayita,India,Meghalaya,Female,1973-06-01 11:31:26,,,,
0130-EJEEK,2021-10-19,Paid,2021-11-18,Standard,Monthly,,,13.35,934,18,0,yashawini,India,Karnataka,Female,1982-09-14 11:31:26,2025-09-17,Y,38.0,1.0
4786-THGBX,2022-07-11,Paid,2023-07-11,Standard,Annual,,,14.44,245,36,0,gayathri,India,Nagaland,Female,1978-06-09 11:31:26,,,,
9197-EFPND,2023-03-06,Organic,2023-04-05,Standard,Monthly,,,11.94,1050,31,0,yoshita,India,Nagaland,Female,2004-07-09 11:31:26,2025-12-31,Y,25.0,1.0
7846-IXNFQ,2021-02-27,Refferal,2022-02-27,Standard,Annual,,,13.59,448,49,0,wishi,India,Uttar Pradesh,Female,1968-07-09 11:31:26,,,,
9282-BAXWC,2025-04-15,Refferal,2025-05-15,Premium,Monthly,,,65.09,5597,63,0,udant,India,Uttar Pradesh,Male,1991-12-27 11:31:26,2025-08-31,Y,32.0,2.0
4888-ESKFB,2023-11-18,Organic,2024-11-17,Premium,Annual,2024-09-27,Too expensive,20.5,984,83,1,vasatika,Nepal,Kathmandu,Female,1983-04-19 11:31:26,2025-10-03,N,78.0,1.0
6810-NSUKV,2024-10-17,Organic,2025-10-17,Standard,Annual,,,15.82,1218,31,0,nikita,India,Rajasthan,Female,1969-04-28 11:31:26,,,,
1055-MEAFI,2022-02-06,Paid,2022-03-08,Standard,Monthly,,,15.5,542,15,0,rudra,India,Rajasthan,Male,1971-05-06 11:31:26,2024-08-23,Y,35.0,1.0
2233-AIOCF,2023-12-18,Organic,2024-01-17,Basic,Monthly,,,7.45,514,12,0,ikbal,India,Nagaland,Male,1998-09-18 11:31:26,,,,
9988-PTIXB,2023-01-27,Refferal,2024-01-27,Premium,Annual,,,35.61,1103,5,0,arin,India,Maharashtra,Male,1972-03-18 11:31:26,2026-01-14,Y,35.0,1.0
0268-CSYRD,2026-01-04,Paid,2026-02-03,Basic,Monthly,,,6.4,499,23,0,bhanumati,India,Uttar Pradesh,Female,1993-10-16 11:31:26,,,,
6781-CUPWY,2026-04-22,Paid,2027-04-22,Basic,Annual,,,6.25,556,53,0,bhavya,India,Nagaland,Female,1996-03-23 11:31:26,,,,
6312-KNSXS,2020-10-26,Refferal,2021-10-26,Standard,Annual,,,16.87,1349,5,0,vrishti,India,Nagaland,Female,1997-03-07 11:31:26,2025-06-15,N,76.0,1.0
0819-RXXLB,2025-01-15,Paid,2025-02-14,Standard,Monthly,,,13.12,380,34,0,ekanta,India,Maharashtra,Female,1976-12-02 11:31:26,2026-08-06,N,74.0,1.0
4092-FLEJH,2022-10-16,Refferal,2022-11-15,Standard,Monthly,,,15.41,616,65,0,ucchal,India,Telangana,Female,1980-01-27 11:31:26,2026-06-03,N,51.0,1.0
8496-MPXAM,2025-08-21,Organic,2026-08-21,Standard,Annual,2025-12-07,Poor streaming quality,15.72,1084,90,1,vanya,India,Rajasthan,Female,1990-07-22 11:31:26,,,,
2620-YPIGE,2022-10-18,Paid,2022-11-17,Premium,Monthly,2024-11-26,Forgot to cancel trial,28.62,1001,74,1,ranbir,Nepal,Kathmandu,Male,1988-11-12 11:31:26,,,,
1917-BYYTF,2024-05-24,Paid,2024-06-23,Basic,Monthly,,,8.88,177,30,0,ekalinga,India,Telangana,Male,1978-08-11 11:31:26,2025-05-02,Y,26.0,1.0
9031-IFSFN,2026-05-06,Refferal,2027-05-06,Basic,Annual,,,6.68,534,45,0,hemal,India,Nagaland,Female,1970-10-10 11:31:26,,,,
1845-SNWON,2023-09-05,Paid,2023-10-05,Basic,Monthly,,,8.99,179,53,0,ronith,Nepal,Kathmandu,Male,1966-07-13 11:31:26,2026-02-04,N,81.0,1.0
8592-MVNUY,2025-06-09,Paid,2025-07-09,Standard,Monthly,,,11.84,438,7,0,jasmit,India,Telangana,Female,1967-05-05 11:31:26,2026-02-24,N,52.0,1.0
4144-NUCTY,2023-04-20,Paid,2023-05-20,Premium,Monthly,,,61.14,4891,47,0,manthan,Nepal,Kathmandu,Male,1996-09-29 11:31:26,2026-01-28,Y,17.0,1.0
6918-KTTSB,2023-09-12,Paid,2024-09-11,Standard,Annual,,,15.85,713,38,0,unnati,India,Delhi,Female,1974-01-14 11:31:26,,,,
5820-OEKVE,2022-01-22,Organic,2023-01-22,Basic,Annual,,,9.42,386,59,0,ishwar,India,Maharashtra,Male,1992-05-27 11:31:26,,,,
9984-XRWFV,2021-07-12,Refferal,2021-08-11,Premium,Monthly,,,36.58,1024,3,0,prisha,India,Rajasthan,Female,2005-05-05 11:31:26,,,,
3110-ENEXS,2026-01-10,Paid,2026-02-09,Standard,Monthly,,,16.62,1096,63,0,girindra,India,Nagaland,Male,1973-06-13 11:31:26,,,,
8077-KQKQJ,2020-10-27,Paid,2020-11-26,Basic,Monthly,,,6.46,387,65,0,dayita,Nepal,Kathmandu,Female,1980-08-02 11:31:26,,,,
9495-WQOHR,2024-03-04,Paid,2024-04-03,Standard,Monthly,2025-02-13,Poor streaming quality,16.21,664,79,1,ubika,India,Delhi,Female,1990-07-01 11:31:26,,,,
9718-OYIFH,2022-01-08,Paid,2023-01-08,Standard,Annual,,,14.69,778,7,0,adweta,India,Uttar Pradesh,Female,1968-12-06 11:31:26,,,,
9405-QMOOP,2021-03-20,Organic,2022-03-20,Basic,Annual,,,9.38,478,56,0,bhavna,India,Meghalaya,Female,2007-11-29 11:31:26,,,,
5625-FTNNZ,2023-03-16,Paid,2023-04-15,Premium,Monthly,2023-06-03,Too expensive,18.73,1236,74,1,anay,India,Maharashtra,Male,,,,,
0640-KHPBV,2022-01-16,Paid,2023-01-16,Standard,Annual,,,14.98,1258,38,0,arjun,India,Meghalaya,Male,1966-01-19 11:31:26,2024-09-22,N,56.0,1.0
6815-ZGDYU,2021-12-26,Paid,2022-01-25,Basic,Monthly,2024-01-12,Poor streaming quality,8.38,435,73,1,theodore,Nepal,Kathmandu,Male,1987-08-19 11:31:26,,,,
9262-ELOVZ,2024-12-22,Organic,2025-01-21,Basic,Monthly,2026-01-22,Switched to competitor,6.11,128,77,1,ikbal,India,Uttar Pradesh,Male,1958-06-09 11:31:26,2026-03-11,N,66.0,1.0
9753-YKHIK,2023-07-15,Paid,2023-08-14,Standard,Monthly,2025-12-17,Too expensive,14.57,553,97,1,ekaraj,Nepal,Kathmandu,Male,1960-02-25 11:31:26,2025-03-20,N,63.0,1.0
4831-LAMMK,2023-12-16,Organic,2024-12-15,Standard,Annual,,,12.34,394,21,0,nathaniel,India,Rajasthan,Male,1976-09-04 11:31:26,2026-03-08,Y,32.0,1.0
9763-BTKRY,2021-12-31,Organic,2022-12-31,Premium,Annual,2023-11-03,Not enough content,58.91,5007,80,1,naveen,Nepal,Kathmandu,Male,1969-07-13 11:31:26,2026-05-23,N,72.0,1.0
5122-CDNMP,2021-11-28,Paid,2022-11-28,Standard,Annual,2022-09-28,Not enough content,12.37,878,97,1,yoshita,India,Maharashtra,Female,1960-12-01 11:31:26,,,,
4846-CULJH,2022-03-21,Refferal,2023-03-21,Standard,Annual,,,14.17,325,47,0,mason,India,Nagaland,Male,1974-11-30 11:31:26,2025-10-27,N,52.0,2.0
8290-NEXBU,2024-03-27,Refferal,2025-03-27,Premium,Annual,,,40.92,2291,49,0,gagan,India,Maharashtra,Male,2006-06-19 11:31:26,2025-08-18,N,56.0,2.0
7837-EHJCM,2026-01-19,Refferal,2027-01-19,Premium,Annual,,,37.26,1788,65,0,pooja,India,Telangana,Female,1962-07-18 11:31:26,,,,
0862-POURC,2025-02-26,Paid,2025-03-28,Standard,Monthly,,,11.5,598,60,0,rayaan,India,Uttar Pradesh,Male,1958-03-17 11:31:26,2025-04-10,N,82.0,1.0
4874-QYVPL,2022-12-26,Paid,2023-01-25,Basic,Monthly,2023-10-30,Switched to competitor,8.96,636,93,1,turvi,India,Rajasthan,Female,2000-09-02 11:31:26,,,,
8827-PXVVV,2022-10-20,Refferal,2022-11-19,Basic,Monthly,,,9.69,397,30,0,netra,India,Uttar Pradesh,Female,,,,,
2619-NKNCS,2022-01-09,Organic,2023-01-09,Premium,Annual,,,58.4,5139,3,0,vritti,India,Rajasthan,Female,2004-10-21 11:31:26,,,,
0371-TQXZS,2022-05-14,Paid,2022-06-13,Premium,Monthly,,,33.57,1846,50,0,isaiah,India,Karnataka,Male,2008-06-17 11:31:26,,,,
0338-TMTTR,2025-04-09,Refferal,2025-05-09,Basic,Monthly,,,8.12,438,11,0,eshana,India,Maharashtra,Female,1967-08-04 11:31:26,,,,
5163-JGLOR,2023-11-15,Refferal,2024-11-14,Premium,Annual,2025-11-12,Forgot to cancel trial,33.48,2611,76,1,barkha,India,Karnataka,Female,1967-09-22 11:31:26,2026-07-29,N,55.0,1.0
5712-NPOFG,2021-05-29,Paid,2022-05-29,Standard,Annual,,,13.0,1157,34,0,zilmil,India,Rajasthan,Female,1995-04-13 11:31:26,,,,
5850-JWCHK,2022-02-07,Refferal,2022-03-09,Premium,Monthly,,,92.75,5379,61,0,keya,India,Delhi,Female,1978-03-20 11:31:26,2025-04-19,Y,35.0,1.0
1125-VRBXQ,2025-12-09,Refferal,2026-12-09,Basic,Annual,2026-02-10,Forgot to cancel trial,6.16,517,70,1,chaaya,India,Rajasthan,Female,1975-01-20 11:31:26,2026-05-02,Y,14.0,2.0
8341-WGGHD,2020-12-07,Paid,2021-01-06,Standard,Monthly,,,15.53,232,39,0,ikshita,India,Rajasthan,Female,1958-08-17 11:31:26,2025-05-23,N,67.0,1.0
8341-LHIYC,2025-08-29,Organic,2025-09-28,Standard,Monthly,,,16.8,504,53,0,anusha,India,Rajasthan,Female,1997-05-22 11:31:26,2025-01-05,N,67.0,1.0
0575-FYPTX,2023-05-24,Paid,2023-06-23,Basic,Monthly,2023-06-25,Forgot to cancel trial,7.79,124,89,1,ikbal,India,Uttar Pradesh,Male,1988-11-27 11:31:26,,,,
5719-FVWZE,2022-05-19,Organic,2023-05-19,Standard,Annual,,,11.5,828,32,0,osha,India,Meghalaya,Female,1960-03-25 11:31:26,2026-06-16,Y,10.0,1.0
8105-RVHOE,2026-01-10,Refferal,2027-01-10,Standard,Annual,,,16.7,1436,33,0,hitesh,India,Karnataka,Male,1999-12-29 11:31:26,2026-07-25,Y,39.0,1.0
3353-EJZVU,2024-12-06,Refferal,2025-01-05,Premium,Monthly,2026-04-21,Switched to competitor,50.36,1712,87,1,daniel,India,Nagaland,Male,1965-08-18 11:31:26,2026-02-23,Y,39.0,1.0
0575-AIUKU,2024-08-20,Paid,2025-08-20,Standard,Annual,2026-04-03,Switched to competitor,11.56,208,95,1,jairaj,India,Rajasthan,Male,2005-06-19 11:31:26,,,,
7560-CTALE,2022-12-01,Refferal,2023-12-01,Standard,Annual,,,15.82,791,50,0,ishani,India,Telangana,Female,2002-05-19 11:31:26,2025-02-11,N,86.0,1.0
1120-MAGGB,2025-02-04,Refferal,2025-03-06,Standard,Monthly,,,12.28,405,64,0,naveen,Nepal,Kathmandu,Male,1968-07-04 11:31:26,,,,
0278-PHVUM,2023-04-27,Organic,2024-04-26,Premium,Annual,,,23.91,2056,4,0,sachi,India,Nagaland,Female,1994-06-05 11:31:26,,,,
2194-HIRPJ,2022-05-30,Organic,2022-06-29,Standard,Monthly,,,13.57,692,49,0,rachita,India,Karnataka,Female,1966-08-05 11:31:26,,,,
8779-XGOUX,2023-08-02,Paid,2024-08-01,Standard,Annual,,,15.49,402,65,0,radha,India,Nagaland,Female,1961-12-17 11:31:26,,,,
9369-AHWDL,2023-04-26,Paid,2023-05-26,Premium,Monthly,2024-03-29,Switched to competitor,38.27,1645,88,1,yuvraj,India,Nagaland,Male,1968-02-27 11:31:26,,,,
6721-ILDWE,2025-01-06,Organic,2026-01-06,Basic,Annual,,,6.0,378,18,0,vrinda,Nepal,Kathmandu,Female,1969-12-31 11:31:26,,,,
6607-LPPAN,2025-11-23,Organic,2025-12-23,Standard,Monthly,2026-04-07,Too expensive,14.4,1123,76,1,nathaniel,India,Karnataka,Male,1967-05-17 11:31:26,,,,
9535-RYPLS,2022-06-09,Paid,2023-06-09,Standard,Annual,,,12.46,1121,35,0,qasim,India,Rajasthan,Male,1964-01-23 11:31:26,2024-09-23,N,56.0,1.0
4002-YCCWI,2024-11-24,Refferal,2024-12-24,Standard,Monthly,,,14.81,340,26,0,janya,India,Rajasthan,Female,1986-04-08 11:31:26,2025-09-29,N,86.0,2.0
4102-HXHKL,2022-05-02,Refferal,2022-06-01,Premium,Monthly,,,87.04,4439,64,0,sathvik,India,Delhi,Male,1958-02-15 11:31:26,2025-02-05,N,54.0,2.0
5320-XMUJZ,2023-07-05,Refferal,2023-08-04,Basic,Monthly,2024-03-13,Poor streaming quality,9.79,225,90,1,jason,India,Nagaland,Male,,2025-12-12,N,86.0,1.0
6513-CAMEB,2022-02-12,Paid,2022-03-14,Premium,Monthly,2024-07-20,Switched to competitor,31.17,1839,72,1,om,India,Karnataka,Male,1978-06-04 11:31:26,2026-04-13,Y,27.0,1.0
0188-MLTFV,2023-04-15,Refferal,2023-05-15,Premium,Monthly,2023-06-20,Switched to competitor,92.06,2393,80,1,yatan,India,Meghalaya,Male,1960-10-24 11:31:26,2026-02-07,N,90.0,1.0
5064-MDGOK,2021-08-11,Paid,2021-09-10,Basic,Monthly,,,7.57,514,48,0,patrick,India,Delhi,Male,1985-03-15 11:31:26,,,,
5752-YUYWH,2021-09-11,Refferal,2021-10-11,Premium,Monthly,,,53.49,4760,6,0,wishi,India,Uttar Pradesh,Female,1993-05-11 11:31:26,,,,
5924-AKYUH,2023-08-26,Paid,2024-08-25,Premium,Annual,2024-04-23,Too expensive,73.41,1908,80,1,ayushman,India,Delhi,Male,1984-10-14 11:31:26,,,,
7091-VPTEG,2026-01-26,Refferal,2026-02-25,Premium,Monthly,,,63.92,1598,36,0,bishakha,India,Telangana,Female,1981-06-26 11:31:26,2025-12-22,N,77.0,1.0
3692-IPHWN,2023-01-04,Organic,2023-02-03,Standard,Monthly,,,16.07,610,8,0,aarini,India,Meghalaya,Female,1994-05-07 11:31:26,2026-04-28,N,67.0,2.0
1940-SBPYL,2020-09-09,Refferal,2021-09-09,Premium,Annual,,,25.87,543,8,0,faqid,India,Delhi,Male,2002-01-05 11:31:26,2025-08-25,N,63.0,1.0
7779-VGTMC,2020-12-25,Refferal,2021-01-24,Basic,Monthly,,,7.41,155,49,0,rachit,India,Telangana,Male,1966-02-07 11:31:26,,,,
1614-PHZMN,2024-06-05,Refferal,2024-07-05,Premium,Monthly,,,30.48,2164,36,0,wyatt,India,Karnataka,Male,1995-12-10 11:31:26,,,,
7727-DMTSM,2020-09-03,Refferal,2020-10-03,Standard,Monthly,,,14.56,931,19,0,adweta,Nepal,Kathmandu,Female,2002-08-14 11:31:26,,,,
1976-NMVBW,2020-09-14,Paid,2020-10-14,Premium,Monthly,2022-03-09,Not enough content,83.02,3237,95,1,samesh,India,Maharashtra,Male,1982-06-01 11:31:26,,,,
3494-WZEVK,2024-10-15,Organic,2025-10-15,Premium,Annual,,,44.73,2057,39,0,zilmil,India,Telangana,Female,1997-08-02 11:31:26,,,,
5974-SYYCB,2020-09-25,Refferal,2020-10-25,Standard,Monthly,,,16.64,798,60,0,mekhala,India,Meghalaya,Female,1991-07-13 11:31:26,,,,
4621-WSSQW,2025-04-09,Paid,2026-04-09,Basic,Annual,,,6.29,125,12,0,upasna,India,Meghalaya,Female,,2026-06-17,N,73.0,2.0
6623-SGRYW,2023-08-27,Paid,2024-08-26,Standard,Annual,,,16.95,1508,53,0,chanakya,India,Karnataka,Male,1958-03-21 11:31:26,2025-11-17,N,57.0,2.0
1251-XXICG,2025-04-28,Organic,2026-04-28,Basic,Annual,,,7.84,266,21,0,jonathan,India,Karnataka,Male,1979-12-23 11:31:26,,,,
7129-TVJHU,2025-03-17,Refferal,2025-04-16,Premium,Monthly,,,37.76,1661,33,0,kiaan,India,Karnataka,Male,1959-02-20 11:31:26,,,,
1002-FMHFA,2022-10-13,Paid,2023-10-13,Standard,Annual,,,12.03,986,28,0,chaaya,India,Karnataka,Female,2001-11-01 11:31:26,,,,
7387-ENHBK,2023-04-11,Refferal,2023-05-11,Standard,Monthly,,,15.35,1043,47,0,tanmayi,India,Telangana,Female,1969-08-03 11:31:26,2025-02-14,Y,26.0,1.0
8256-VPKRA,2022-05-12,Organic,2023-05-12,Standard,Annual,,,13.07,431,33,0,jeevika,India,Telangana,Female,1977-08-28 11:31:26,2026-04-18,Y,38.0,1.0
7362-LGAER,2024-05-24,Paid,2025-05-24,Standard,Annual,,,15.22,1248,19,0,chaitaly,India,Uttar Pradesh,Female,1998-04-04 11:31:26,2026-05-10,Y,22.0,1.0
2133-LFBEY,2021-03-05,Organic,2021-04-04,Standard,Monthly,2023-04-20,Switched to competitor,11.98,610,78,1,anamika,India,Karnataka,Female,1989-12-20 11:31:26,,,,
6621-PGJYV,2022-10-22,Refferal,2023-10-22,Basic,Annual,,,9.55,744,56,0,ranveer,India,Delhi,Male,1972-11-07 11:31:26,2025-08-03,Y,12.0,1.0
0316-XUCYL,2024-09-04,Paid,2024-10-04,Standard,Monthly,,,12.67,899,13,0,aayush,India,Maharashtra,Male,1982-10-24 11:31:26,,,,
7267-LGOOY,2023-07-06,Organic,2024-07-05,Standard,Annual,,,15.18,470,32,0,benjamin,India,Rajasthan,Male,1970-09-15 11:31:26,,,,
8081-EWEOV,2024-05-06,Paid,2024-06-05,Premium,Monthly,,,66.43,2391,38,0,urishilla,India,Meghalaya,Female,2007-03-20 11:31:26,,,,
5831-ZPGTP,2023-11-22,Paid,2023-12-22,Basic,Monthly,,,6.67,186,39,0,noah,India,Telangana,Male,1956-12-08 11:31:26,,,,
2814-PEUXU,2025-10-13,Refferal,2026-10-13,Basic,Annual,2025-10-31,Too expensive,7.38,339,81,1,charvi,Nepal,Kathmandu,Female,1981-10-05 11:31:26,2026-06-23,N,71.0,1.0
0972-CXFII,2021-11-07,Organic,2022-11-07,Premium,Annual,,,74.62,3880,57,0,jyoti,India,Nagaland,Female,2001-12-05 11:31:26,2026-05-31,N,72.0,2.0
8820-ZFDZH,2022-03-13,Paid,2023-03-13,Standard,Annual,,,11.33,747,15,0,wazir,India,Maharashtra,Male,1986-08-04 11:31:26,2026-06-27,N,67.0,1.0
0243-JPWQO,2025-10-22,Paid,2025-11-21,Standard,Monthly,,,13.39,669,33,0,meera,Nepal,Kathmandu,Female,1972-11-27 11:31:26,2025-10-06,N,75.0,1.0
1685-XDAQD,2021-09-01,Organic,2021-10-01,Standard,Monthly,2022-12-31,Not enough content,12.14,728,70,1,anamika,India,Maharashtra,Female,1970-11-22 11:31:26,2026-05-04,N,58.0,1.0
1721-HRBWM,2026-03-02,Refferal,2026-04-01,Standard,Monthly,2026-06-07,Forgot to cancel trial,14.26,413,88,1,adweta,India,Meghalaya,Female,1968-01-25 11:31:26,2026-02-21,N,77.0,2.0
6262-VFFGE,2025-12-23,Refferal,2026-01-22,Premium,Monthly,,,22.29,1337,50,0,rushil,India,Rajasthan,Male,1961-10-25 11:31:26,,,,
3147-VOZIL,2021-07-28,Organic,2021-08-27,Premium,Monthly,,,87.29,4800,50,0,mason,India,Delhi,Male,2002-04-03 11:31:26,2026-04-23,Y,21.0,2.0
1741-NJUYK,2024-07-12,Paid,2024-08-11,Standard,Monthly,2025-05-03,Switched to competitor,16.66,849,88,1,robert,India,Uttar Pradesh,Male,1993-07-29 11:31:26,,,,
9732-AASKE,2022-11-05,Refferal,2023-11-05,Premium,Annual,,,50.26,2563,44,0,noah,India,Telangana,Male,1980-03-20 11:31:26,2026-02-12,N,53.0,1.0
1382-OGTOE,2023-07-08,Organic,2024-07-07,Basic,Annual,2025-10-19,Not enough content,6.56,432,73,1,balveer,India,Karnataka,Male,1976-08-14 11:31:26,,,,
6848-VBZWK,2020-12-11,Paid,2021-12-11,Premium,Annual,2021-08-10,Too expensive,49.91,1996,95,1,oscar,India,Rajasthan,Male,2008-01-16 11:31:26,2025-07-06,N,89.0,1.0
1526-ZHYSK,2022-08-06,Paid,2022-09-05,Premium,Monthly,,,89.32,6163,57,0,baljiwan,India,Karnataka,Male,1974-04-30 11:31:26,,,,
4112-PEZVW,2026-03-17,Paid,2027-03-17,Premium,Annual,2026-05-14,Not enough content,32.15,2764,77,1,rushil,India,Rajasthan,Male,2006-01-27 11:31:26,2025-04-16,Y,34.0,1.0
3588-GLIFV,2025-02-21,Organic,2026-02-21,Standard,Annual,,,14.35,530,15,0,laban,India,Maharashtra,Male,1983-01-04 11:31:26,,,,
4361-BAYPF,2023-06-17,Paid,2023-07-17,Premium,Monthly,,,19.19,825,33,0,varenya,India,Rajasthan,Female,1980-09-21 11:31:26,,,,
4290-RBMQK,2023-10-26,Organic,2024-10-25,Basic,Annual,,,9.84,669,57,0,pranav,India,Meghalaya,Male,1997-09-09 11:31:26,,,,
6352-TKYXU,2023-02-13,Paid,2023-03-15,Basic,Monthly,2026-01-21,Not enough content,6.66,379,71,1,riya,India,Karnataka,Female,2003-02-12 11:31:26,,,,
9209-KHGKW,2021-02-16,Refferal,2021-03-18,Premium,Monthly,2023-06-09,Poor streaming quality,66.34,1990,87,1,sachi,India,Nagaland,Female,1996-07-15 11:31:26,,,,
2998-TKXMO,2025-03-23,Paid,2025-04-22,Standard,Monthly,,,14.58,597,39,0,neelima,India,Maharashtra,Female,1997-04-01 11:31:26,2026-01-24,N,82.0,1.0
8252-TZAVU,2022-03-06,Paid,2022-04-05,Premium,Monthly,,,75.36,4973,46,0,chakrika,India,Meghalaya,Female,1969-02-26 11:31:26,,,,
0487-KFVTK,2024-09-23,Paid,2025-09-23,Premium,Annual,2025-03-14,Poor streaming quality,58.23,3260,98,1,sachi,India,Maharashtra,Female,1972-08-05 11:31:26,,,,
3823-MLXAK,2024-11-21,Paid,2024-12-21,Basic,Monthly,,,6.93,311,64,0,faraj,India,Delhi,Male,1982-11-17 11:31:26,2025-04-09,N,51.0,1.0
5878-UPKAJ,2021-03-01,Organic,2021-03-31,Standard,Monthly,2022-07-31,Switched to competitor,16.46,543,95,1,chatresh,India,Uttar Pradesh,Male,1989-09-09 11:31:26,,,,
1234-MOKNY,2023-03-12,Organic,2024-03-11,Basic,Annual,,,6.2,551,61,0,nikita,India,Meghalaya,Female,1966-11-27 11:31:26,,,,
2325-XRCAY,2021-03-23,Refferal,2022-03-23,Standard,Annual,,,14.76,339,32,0,krishna,India,Maharashtra,Male,1970-09-09 11:31:26,2024-10-23,Y,40.0,1.0
2848-QUVVI,2023-03-21,Paid,2024-03-20,Premium,Annual,2023-04-09,Poor streaming quality,53.01,4770,91,1,upasna,Nepal,Kathmandu,Female,2003-01-04 11:31:26,2025-09-30,N,57.0,1.0
7737-KDONV,2021-03-25,Organic,2021-04-24,Standard,Monthly,,,12.3,467,44,0,tanvi,India,Maharashtra,Female,1972-05-28 11:31:26,2025-09-30,Y,10.0,2.0
4837-VYDEW,2025-08-08,Refferal,2026-08-08,Basic,Annual,,,8.27,181,18,0,nicholas,India,Karnataka,Male,1970-09-13 11:31:26,,,,
7354-AXHJD,2022-04-25,Refferal,2023-04-25,Premium,Annual,,,50.96,866,65,0,abeer,India,Maharashtra,Male,1976-08-18 11:31:26,2025-05-31,N,82.0,1.0
1947-JSLMN,2024-10-21,Paid,2024-11-20,Premium,Monthly,,,76.15,6777,7,0,brijesh,India,Telangana,Male,1974-05-31 11:31:26,2025-10-04,N,81.0,1.0
2853-DBGPK,2023-12-05,Paid,2024-12-04,Standard,Annual,,,16.35,555,40,0,jairaj,India,Delhi,Male,1994-02-03 11:31:26,,,,
9882-UTGIO,2024-07-30,Refferal,2025-07-30,Standard,Annual,,,12.52,588,60,0,hamsini,India,Uttar Pradesh,Female,1997-02-21 11:31:26,,,,
4047-CFNET,2021-06-08,Organic,2022-06-08,Premium,Annual,,,87.74,2018,64,0,frado,India,Telangana,Male,1957-01-30 11:31:26,,,,
3716-WWTOF,2022-03-07,Paid,2023-03-07,Standard,Annual,,,15.02,480,21,0,matthew,India,Uttar Pradesh,Male,2005-06-14 11:31:26,,,,
5398-QSDNG,2020-12-31,Refferal,2021-01-30,Basic,Monthly,,,7.59,637,61,0,eta,India,Uttar Pradesh,Female,1995-02-04 11:31:26,,,,
0556-QWKDA,2022-03-23,Paid,2022-04-22,Premium,Monthly,,,74.82,3890,57,0,teerth,India,Maharashtra,Male,1993-05-02 11:31:26,,,,
5072-GYMDE,2023-06-03,Paid,2024-06-02,Standard,Annual,,,12.01,264,17,0,netra,India,Nagaland,Female,1985-01-05 11:31:26,2025-02-20,Y,20.0,2.0
9565-PBFMF,2024-10-12,Refferal,2025-10-12,Standard,Annual,,,13.58,923,58,0,krishna,India,Delhi,Female,1984-07-17 11:31:26,2025-08-18,N,50.0,1.0
7707-KBTBM,2023-04-09,Paid,2023-05-09,Standard,Monthly,2023-09-21,Forgot to cancel trial,13.29,797,86,1,guneet,India,Rajasthan,Male,1978-02-13 11:31:26,2024-11-28,N,56.0,1.0
7403-GSQRG,2026-02-03,Organic,2027-02-03,Basic,Annual,2026-07-06,Not enough content,8.86,150,94,1,aarini,India,Maharashtra,Female,,2025-11-17,N,51.0,2.0
9643-JTTTB,2023-03-03,Paid,2024-03-02,Premium,Annual,,,29.36,1702,8,0,omya,India,Telangana,Female,1981-09-09 11:31:26,,,,
6260-HLPWS,2025-04-29,Refferal,2025-05-29,Basic,Monthly,,,9.59,738,5,0,tanveer,India,Nagaland,Male,1973-09-20 11:31:26,,,,
9914-OZBEZ,2022-05-13,Organic,2023-05-13,Standard,Annual,2023-12-13,Forgot to cancel trial,13.33,773,87,1,ekanta,India,Karnataka,Female,1981-12-31 11:31:26,2025-11-04,N,61.0,1.0
1825-PKHLR,2023-05-23,Paid,2023-06-22,Standard,Monthly,2024-03-14,Too expensive,15.35,383,84,1,harish,Nepal,Kathmandu,Male,1998-11-20 11:31:26,,,,
4739-KBQIG,2026-03-08,Paid,2027-03-08,Premium,Annual,,,87.2,2790,50,0,hema,India,Uttar Pradesh,Female,1993-04-22 11:31:26,2026-07-30,N,58.0,1.0
9101-XAXNB,2024-11-11,Refferal,2024-12-11,Premium,Monthly,,,66.07,1057,42,0,madhav,Nepal,Kathmandu,Male,1992-03-12 11:31:26,,,,
1977-AFBDE,2026-03-15,Refferal,2026-04-14,Basic,Monthly,,,9.02,550,17,0,yatan,India,Maharashtra,Male,,,,,
9412-QEKBS,2022-07-06,Refferal,2023-07-06,Premium,Annual,2024-02-17,Not enough content,89.38,5094,77,1,jairaj,India,Uttar Pradesh,Male,2000-11-30 11:31:26,,,,
2037-OQDOK,2025-05-01,Organic,2026-05-01,Premium,Annual,,,69.43,5415,6,0,meera,India,Meghalaya,Female,1982-01-28 11:31:26,2025-06-04,Y,35.0,1.0
6881-VIKLH,2025-12-30,Refferal,2026-12-30,Premium,Annual,2026-01-15,Switched to competitor,20.03,1422,77,1,dakshesh,India,Telangana,Male,,,,,
1477-LVIBN,2024-01-16,Paid,2025-01-15,Standard,Annual,,,13.24,556,9,0,harish,India,Delhi,Male,1963-06-03 11:31:26,,,,
5240-SZMBS,2024-07-22,Paid,2024-08-21,Standard,Monthly,,,15.3,979,59,0,hemangini,India,Karnataka,Female,2003-10-05 11:31:26,2025-09-27,N,88.0,1.0
9167-LOARB,2026-01-22,Paid,2026-02-21,Premium,Monthly,,,30.29,1363,16,0,vedhika,India,Uttar Pradesh,Female,1964-08-23 11:31:26,2026-03-27,Y,31.0,2.0
9265-ZKGEO,2025-05-06,Refferal,2025-06-05,Premium,Monthly,,,86.87,3735,49,0,bhavya,India,Delhi,Female,1997-12-21 11:31:26,,,,
5540-QBGEO,2024-07-04,Refferal,2024-08-03,Standard,Monthly,,,12.77,1047,12,0,samarth,India,Karnataka,Male,1973-08-19 11:31:26,,,,
0148-UMVWI,2024-04-12,Refferal,2025-04-12,Premium,Annual,,,34.58,2247,53,0,ekaraj,India,Telangana,Male,1996-05-22 11:31:26,2025-02-13,N,61.0,1.0
7086-ZSDDL,2024-09-30,Organic,2024-10-30,Premium,Monthly,2026-05-09,Not enough content,20.11,422,77,1,faraj,India,Karnataka,Male,2002-02-07 11:31:26,2026-03-20,N,60.0,1.0
4984-DHSAM,2023-03-22,Organic,2024-03-21,Premium,Annual,2023-04-10,Poor streaming quality,30.52,1068,70,1,bina,India,Delhi,Female,,,,,
4015-SENZQ,2023-12-26,Paid,2024-01-25,Premium,Monthly,,,25.83,2273,46,0,wriddhish,India,Meghalaya,Male,1963-01-20 11:31:26,,,,
9409-VSVPC,2025-12-12,Paid,2026-12-12,Premium,Annual,,,28.71,1492,16,0,zehaan,India,Telangana,Male,1984-12-11 11:31:26,2026-05-18,N,66.0,1.0
1661-DEOSW,2023-10-06,Refferal,2024-10-05,Standard,Annual,,,15.1,528,11,0,shaurya,India,Karnataka,Male,1982-07-21 11:31:26,,,,
9692-ZSHME,2024-09-02,Paid,2024-10-02,Premium,Monthly,2026-03-09,Forgot to cancel trial,28.59,2172,71,1,pranit,India,Rajasthan,Male,1998-01-20 11:31:26,2026-04-06,N,54.0,1.0
0810-JCTSG,2021-04-07,Refferal,2021-05-07,Premium,Monthly,,,56.64,4927,52,0,chaman,India,Uttar Pradesh,Female,2008-04-08 11:31:26,,,,
3158-WOZWW,2024-06-01,Paid,2025-06-01,Standard,Annual,,,11.58,833,46,0,jeet,India,Karnataka,Male,2005-05-27 11:31:26,,,,
4551-IRNKI,2021-08-05,Refferal,2021-09-04,Premium,Monthly,,,43.31,3551,57,0,peter,India,Rajasthan,Male,1972-02-17 11:31:26,2025-11-11,N,76.0,1.0
4183-IEXWG,2026-03-13,Paid,2027-03-13,Basic,Annual,,,9.98,548,55,0,ryan,India,Uttar Pradesh,Male,1957-02-16 11:31:26,,,,
0686-SLYKB,2026-03-11,Organic,2026-04-10,Standard,Monthly,,,11.28,203,65,0,noah,India,Meghalaya,Male,1975-09-21 11:31:26,,,,
4554-TFRAU,2021-03-31,Organic,2022-03-31,Premium,Annual,,,26.2,2148,3,0,upasna,India,Uttar Pradesh,Female,2008-05-07 11:31:26,2025-01-30,N,81.0,2.0
8346-ZAIQY,2023-11-05,Refferal,2023-12-05,Premium,Monthly,,,38.26,765,54,0,yochana,India,Rajasthan,Female,2005-11-23 11:31:26,2026-01-05,N,88.0,1.0
2292-IHVAE,2023-03-15,Paid,2024-03-14,Premium,Annual,2026-02-13,Poor streaming quality,89.67,4393,99,1,janya,India,Karnataka,Female,1996-02-29 11:31:26,,,,
2604-FNTDP,2023-04-20,Organic,2024-04-19,Standard,Annual,,,16.34,1388,27,0,shivani,India,Telangana,Female,1981-06-27 11:31:26,,,,
4586-EKMYF,2021-07-03,Refferal,2021-08-02,Standard,Monthly,,,15.86,412,32,0,zashil,India,Maharashtra,Male,1972-12-30 11:31:26,,,,
2450-HDJJI,2023-05-31,Paid,2023-06-30,Standard,Monthly,2024-04-20,Too expensive,14.74,648,85,1,advik,India,Maharashtra,Male,1970-05-23 11:31:26,,,,
9391-BSUZI,2023-01-11,Paid,2024-01-11,Standard,Annual,,,14.75,811,15,0,manbir,India,Uttar Pradesh,Male,2006-03-24 11:31:26,,,,
1268-ZWOQB,2021-04-21,Paid,2021-05-21,Premium,Monthly,,,63.63,4199,55,0,brijesh,India,Karnataka,Male,1962-07-02 11:31:26,,,,
8282-GNKNW,2022-08-22,Organic,2022-09-21,Basic,Monthly,2023-03-05,Forgot to cancel trial,8.4,705,73,1,ekavir,Nepal,Kathmandu,Male,1978-01-08 11:31:26,2025-04-28,N,83.0,1.0
1610-NDVQM,2023-08-20,Refferal,2023-09-19,Premium,Monthly,2025-03-19,Forgot to cancel trial,47.06,3294,91,1,ishanvi,Nepal,Kathmandu,Female,1960-11-28 11:31:26,2025-05-02,N,65.0,2.0
8372-PWUWZ,2022-06-21,Organic,2023-06-21,Premium,Annual,2022-10-01,Not enough content,83.98,5962,91,1,upkaar,India,Uttar Pradesh,Male,2000-05-12 11:31:26,,,,
5856-DCMPW,2020-11-22,Organic,2021-11-22,Standard,Annual,2021-07-04,Too expensive,12.84,564,90,1,mason,India,Meghalaya,Male,1984-08-08 11:31:26,,,,
0806-FNLIT,2020-10-07,Refferal,2020-11-06,Basic,Monthly,,,6.92,339,25,0,deepa,India,Karnataka,Female,1995-12-22 11:31:26,2025-04-28,N,80.0,1.0
4807-ATGUS,2024-07-12,Organic,2025-07-12,Premium,Annual,,,33.61,2621,26,0,chatura,India,Maharashtra,Male,1976-03-28 11:31:26,,,,
2624-PSDLC,2025-12-25,Organic,2026-01-24,Premium,Monthly,2026-02-22,Not enough content,66.18,1720,82,1,gayathri,India,Nagaland,Female,1968-12-13 11:31:26,,,,
6108-BJTNP,2023-08-09,Refferal,2023-09-08,Standard,Monthly,,,11.72,984,21,0,jairaj,India,Uttar Pradesh,Male,1983-08-04 11:31:26,,,,
7979-GYYCB,2022-07-17,Refferal,2022-08-16,Basic,Monthly,2024-04-06,Not enough content,7.14,542,82,1,gauri,India,Delhi,Female,1963-08-03 11:31:26,,,,
0959-SGOSV,2026-02-23,Refferal,2026-03-25,Standard,Monthly,,,16.6,979,65,0,unni,India,Delhi,Female,1967-12-08 11:31:26,,,,
0484-OQJVD,2025-03-23,Refferal,2026-03-23,Standard,Annual,2026-08-06,Switched to competitor,13.35,427,95,1,kala,India,Uttar Pradesh,Female,1990-07-23 11:31:26,,,,
2097-DSFPO,2021-09-16,Paid,2021-10-16,Standard,Monthly,2023-06-16,Not enough content,16.18,1067,73,1,hiral,India,Uttar Pradesh,Female,2006-05-13 11:31:26,2025-12-14,Y,17.0,1.0
5741-BHKJW,2020-10-21,Refferal,2020-11-20,Premium,Monthly,,,74.27,4233,25,0,rudra,India,Maharashtra,Male,1991-02-11 11:31:26,,,,
2587-QMLWG,2023-03-23,Paid,2024-03-22,Standard,Annual,,,15.32,750,52,0,hardik,India,Maharashtra,Male,2005-10-23 11:31:26,2025-07-01,N,75.0,1.0
2958-NNOHT,2024-09-08,Refferal,2024-10-08,Premium,Monthly,,,26.57,2178,36,0,aarnav,Nepal,Kathmandu,Male,1964-03-12 11:31:26,,,,
5190-FDRHP,2022-03-28,Paid,2022-04-27,Standard,Monthly,,,15.33,383,22,0,harshil,India,Telangana,Male,2002-10-14 11:31:26,2026-01-17,Y,12.0,1.0
7096-MKQYA,2023-12-16,Paid,2024-01-15,Premium,Monthly,,,21.96,329,12,0,azad,India,Uttar Pradesh,Male,1993-01-20 11:31:26,,,,
9473-RGVBY,2022-09-28,Organic,2023-09-28,Basic,Annual,,,8.76,490,61,0,girik,India,Maharashtra,Male,1961-06-03 11:31:26,,,,
2755-HCHDK,2023-04-08,Paid,2023-05-08,Standard,Monthly,2024-01-27,Not enough content,16.08,305,71,1,guneet,India,Karnataka,Male,2007-07-02 11:31:26,,,,
3802-WPEEJ,2024-06-29,Refferal,2025-06-29,Standard,Annual,2025-08-05,Switched to competitor,12.36,519,75,1,lekha,India,Maharashtra,Female,1966-11-26 11:31:26,2025-08-13,N,76.0,1.0
5460-DHNHU,2024-01-26,Refferal,2025-01-25,Basic,Annual,,,9.79,734,43,0,naksh,India,Maharashtra,Male,2002-08-15 11:31:26,,,,
3973-HOQJQ,2024-01-05,Organic,2025-01-04,Premium,Annual,,,22.97,803,26,0,rohan,India,Karnataka,Male,1972-08-13 11:31:26,,,,
8370-BXKCM,2022-08-30,Organic,2022-09-29,Basic,Monthly,,,7.57,439,16,0,priya,Nepal,Kathmandu,Female,1989-12-16 11:31:26,,,,
6680-DQTOI,2024-03-09,Paid,2025-03-09,Basic,Annual,2025-12-24,Forgot to cancel trial,8.78,377,80,1,vasudha,India,Telangana,Female,1970-03-18 11:31:26,2026-04-07,Y,27.0,2.0
0428-KCSDO,2025-12-02,Refferal,2026-12-02,Basic,Annual,,,8.05,144,18,0,manthan,India,Karnataka,Male,1988-06-27 11:31:26,2025-12-25,N,50.0,2.0
4487-NLMOS,2021-04-25,Organic,2021-05-25,Premium,Monthly,,,40.33,2258,44,0,nirja,India,Meghalaya,Female,1967-04-04 11:31:26,2025-04-01,N,90.0,1.0
4858-IKXEC,2022-10-13,Refferal,2023-10-13,Premium,Annual,,,31.6,1643,39,0,gavin,India,Meghalaya,Male,1992-02-28 11:31:26,,,,
6717-LRKXF,2023-07-29,Refferal,2023-08-28,Premium,Monthly,2023-10-21,Switched to competitor,71.87,2802,77,1,ekavir,India,Maharashtra,Male,1991-08-23 11:31:26,2025-06-22,Y,39.0,2.0
4483-NCBOU,2023-01-26,Refferal,2023-02-25,Premium,Monthly,,,91.14,2278,52,0,sanaya,India,Karnataka,Female,2000-12-21 11:31:26,2025-09-17,Y,26.0,2.0
6835-WYKOA,2023-10-30,Paid,2023-11-29,Premium,Monthly,,,42.67,938,16,0,gabriel,Nepal,Kathmandu,Male,1969-08-22 11:31:26,2025-08-13,Y,25.0,1.0
1575-MYPFO,2021-09-17,Organic,2021-10-17,Standard,Monthly,,,15.08,482,22,0,ekaraj,India,Uttar Pradesh,Male,1964-06-09 11:31:26,,,,
0070-EYORH,2024-03-13,Organic,2025-03-13,Premium,Annual,,,90.72,6985,27,0,varenya,India,Uttar Pradesh,Female,1983-07-09 11:31:26,2026-05-15,N,65.0,1.0
1305-AQHZR,2023-06-04,Paid,2024-06-03,Standard,Annual,,,13.0,910,64,0,aayush,India,Meghalaya,Male,1970-04-20 11:31:26,,,,
6365-BOVIZ,2025-04-28,Organic,2025-05-28,Basic,Monthly,,,7.86,393,36,0,indali,India,Meghalaya,Female,1956-11-13 11:31:26,,,,
5880-LPNZP,2024-05-23,Paid,2025-05-23,Premium,Annual,2024-12-12,Poor streaming quality,76.36,1985,84,1,yashawini,Nepal,Kathmandu,Female,1987-04-04 11:31:26,2025-06-16,N,73.0,1.0
0424-GWMRC,2023-01-10,Organic,2024-01-10,Premium,Annual,,,31.49,2235,52,0,yatan,India,Meghalaya,Male,,,,,
0084-AQVKP,2023-06-13,Paid,2023-07-13,Standard,Monthly,2024-10-09,Too expensive,13.1,1113,74,1,vamakshi,India,Karnataka,Female,2004-10-19 11:31:26,2024-10-20,Y,27.0,1.0
5353-WNJPP,2025-03-19,Paid,2025-04-18,Basic,Monthly,2025-04-18,Not enough content,8.81,343,80,1,amruta,India,Maharashtra,Female,2006-05-30 11:31:26,,,,
7258-YEQPY,2022-04-26,Organic,2022-05-26,Premium,Monthly,2022-10-07,Switched to competitor,20.18,1069,73,1,imaran,India,Meghalaya,Male,1988-12-05 11:31:26,,,,
5397-GCITU,2021-12-06,Paid,2022-01-05,Premium,Monthly,,,31.14,1339,4,0,laksh,India,Meghalaya,Male,2006-07-16 11:31:26,2026-03-14,N,64.0,2.0
9587-URCVQ,2023-10-19,Paid,2023-11-18,Basic,Monthly,,,9.65,521,47,0,yachana,Nepal,Kathmandu,Female,1992-10-18 11:31:26,,,,
8924-TEXAK,2023-12-06,Paid,2024-12-05,Premium,Annual,,,72.58,3266,17,0,dayita,Nepal,Kathmandu,Female,1988-12-02 11:31:26,,,,
4478-JXCIL,2025-02-03,Paid,2025-03-05,Standard,Monthly,2026-04-01,Not enough content,15.33,751,79,1,krish,India,Karnataka,Male,2006-03-12 11:31:26,,,,
8173-WEUVN,2023-10-03,Refferal,2024-10-02,Premium,Annual,2025-03-06,Poor streaming quality,27.44,768,80,1,qadim,India,Delhi,Male,1972-04-22 11:31:26,,,,
5166-LVPAE,2025-01-03,Refferal,2025-02-02,Standard,Monthly,2025-07-22,Too expensive,15.76,394,80,1,ansh,India,Maharashtra,Male,1971-06-13 11:31:26,,,,
2282-NFHXD,2023-10-12,Organic,2024-10-11,Standard,Annual,,,11.51,425,60,0,thomas,India,Karnataka,Male,1965-08-02 11:31:26,2026-08-14,N,75.0,1.0
3439-MZAFD,2024-11-13,Organic,2025-11-13,Basic,Annual,,,6.02,535,6,0,charan,India,Nagaland,Male,1977-05-18 11:31:26,2025-12-11,Y,21.0,1.0
8018-PCBBA,2022-05-08,Paid,2022-06-07,Premium,Monthly,,,22.79,1230,3,0,jatin,India,Telangana,Male,1969-10-21 11:31:26,,,,
9492-ZVDAU,2023-03-23,Paid,2024-03-22,Basic,Annual,,,9.06,643,49,0,amol,India,Nagaland,Male,1977-09-16 11:31:26,2025-05-02,Y,33.0,1.0
4844-YJRSC,2023-03-01,Paid,2024-02-29,Premium,Annual,2024-02-06,Forgot to cancel trial,74.96,1948,96,1,caleb,India,Uttar Pradesh,Male,1994-06-07 11:31:26,,,,
5261-MBRUQ,2025-02-04,Organic,2026-02-04,Premium,Annual,2026-07-01,Switched to competitor,33.33,2799,81,1,daniel,India,Karnataka,Male,2005-10-08 11:31:26,,,,
1173-WJQSQ,2021-11-04,Refferal,2021-12-04,Basic,Monthly,,,6.97,320,39,0,jagat,India,Uttar Pradesh,Male,1982-05-08 11:31:26,,,,
9250-XDGSF,2025-08-03,Refferal,2025-09-02,Premium,Monthly,,,33.12,2881,7,0,parth,India,Telangana,Male,1975-05-30 11:31:26,,,,
5584-XXDCU,2021-08-04,Paid,2021-09-03,Basic,Monthly,2022-06-10,Poor streaming quality,6.87,261,78,1,upadhriti,India,Telangana,Female,1971-05-16 11:31:26,2024-11-30,N,65.0,1.0
5987-RITPZ,2025-04-25,Paid,2026-04-25,Basic,Annual,2025-05-12,Poor streaming quality,6.08,541,74,1,ishanvi,India,Meghalaya,Female,1971-01-07 11:31:26,,,,
6861-INICV,2023-12-01,Paid,2024-11-30,Premium,Annual,,,61.81,3028,58,0,bhanumati,India,Delhi,Female,1994-03-06 11:31:26,2025-09-14,Y,23.0,1.0
6082-XEUHM,2022-07-01,Organic,2023-07-01,Premium,Annual,,,82.79,6043,4,0,frado,India,Maharashtra,Male,1987-08-18 11:31:26,2026-01-17,N,55.0,1.0
9101-RYZDG,2023-12-06,Organic,2024-12-05,Premium,Annual,,,75.44,5054,43,0,mohini,India,Delhi,Female,2007-08-04 11:31:26,2026-07-18,N,83.0,1.0
0071-CZWVA,2026-04-21,Organic,2027-04-21,Standard,Annual,,,16.95,1491,27,0,yasti,Nepal,Kathmandu,Female,1980-10-07 11:31:26,2025-12-30,Y,32.0,2.0
3388-JWQGX,2025-12-02,Refferal,2026-01-01,Basic,Monthly,,,6.57,170,61,0,samesh,India,Delhi,Male,1989-12-03 11:31:26,,,,
3525-JVZWC,2025-08-15,Paid,2025-09-14,Standard,Monthly,,,16.7,317,21,0,manya,India,Karnataka,Female,2004-04-15 11:31:26,2024-11-21,Y,18.0,1.0
5710-KXIRV,2022-01-27,Refferal,2023-01-27,Standard,Annual,,,14.82,815,27,0,dominic,India,Karnataka,Male,1976-03-05 11:31:26,2026-01-23,N,78.0,1.0
0591-CYAXU,2025-01-06,Paid,2026-01-06,Basic,Annual,2026-05-17,Poor streaming quality,8.06,572,81,1,krishna,India,Nagaland,Female,1965-11-29 11:31:26,,,,
8541-FFKMB,2023-06-14,Paid,2024-06-13,Premium,Annual,,,29.24,1315,18,0,ronith,India,Nagaland,Male,1979-08-13 11:31:26,,,,
9720-UNHKR,2024-03-31,Organic,2024-04-30,Premium,Monthly,2026-06-19,Too expensive,54.36,815,74,1,krish,India,Uttar Pradesh,Male,1960-07-28 11:31:26,,,,
5586-FXMMJ,2023-03-28,Refferal,2023-04-27,Standard,Monthly,,,14.1,634,3,0,raghav,India,Nagaland,Male,1962-12-07 11:31:26,,,,
7653-VYAXY,2022-12-14,Paid,2023-01-13,Premium,Monthly,,,52.18,1565,59,0,charita,India,Maharashtra,Female,1976-10-05 11:31:26,,,,
4792-DDTQX,2024-08-18,Organic,2025-08-18,Standard,Annual,2026-07-28,Switched to competitor,12.76,752,93,1,liam,India,Maharashtra,Male,1964-02-16 11:31:26,,,,
7324-ZCQYS,2023-04-02,Paid,2023-05-02,Premium,Monthly,,,40.19,2531,36,0,qarin,India,Uttar Pradesh,Male,1989-05-30 11:31:26,,,,
3191-HGASD,2022-07-09,Paid,2022-08-08,Basic,Monthly,,,6.72,322,18,0,widisha,Nepal,Kathmandu,Female,1990-10-07 11:31:26,,,,
0217-LJHRK,2025-08-19,Paid,2026-08-19,Basic,Annual,,,6.6,211,28,0,aarav,India,Karnataka,Male,1986-03-07 11:31:26,2026-05-02,Y,18.0,1.0
5509-PWXFI,2024-11-02,Paid,2025-11-02,Standard,Annual,,,12.5,987,62,0,charita,India,Rajasthan,Female,1964-09-10 11:31:26,2025-07-22,N,65.0,1.0
0375-WCZMD,2025-07-11,Organic,2026-07-11,Basic,Annual,2025-07-27,Switched to competitor,9.94,188,92,1,rachita,India,Delhi,Female,1969-06-04 11:31:26,,,,
2314-AKBHT,2021-11-21,Refferal,2022-11-21,Basic,Annual,,,6.8,272,18,0,sneha,India,Maharashtra,Female,1987-01-01 11:31:26,2025-07-01,N,63.0,1.0
3289-VCBSP,2023-06-25,Paid,2024-06-24,Basic,Annual,,,9.86,433,24,0,hitesh,India,Nagaland,Male,1996-06-18 11:31:26,,,,
4565-BOYTQ,2025-05-26,Organic,2025-06-25,Premium,Monthly,,,58.02,1450,11,0,neel,India,Maharashtra,Male,1976-06-24 11:31:26,,,,
7030-NJZTH,2023-10-14,Organic,2023-11-13,Basic,Monthly,,,6.34,266,46,0,pahal,India,Meghalaya,Female,1957-01-08 11:31:26,,,,
4006-APMFL,2023-11-22,Refferal,2024-11-21,Basic,Annual,2025-12-21,Switched to competitor,8.92,588,95,1,eiravati,India,Karnataka,Female,1967-11-19 11:31:26,,,,
7846-RCMKX,2025-03-03,Paid,2025-04-02,Standard,Monthly,,,14.92,522,32,0,xavier,India,Nagaland,Male,1977-11-16 11:31:26,,,,
2816-PELLV,2020-11-25,Refferal,2020-12-25,Premium,Monthly,,,66.05,990,32,0,arjun,India,Nagaland,Male,1992-04-23 11:31:26,2025-11-21,N,86.0,1.0
2221-IQMDI,2020-09-24,Refferal,2020-10-24,Standard,Monthly,,,11.42,342,52,0,victor,India,Meghalaya,Male,1973-07-20 11:31:26,2026-07-01,N,71.0,2.0
2278-PYJKU,2020-08-22,Paid,2021-08-22,Standard,Annual,2021-09-11,Forgot to cancel trial,15.3,1101,87,1,vasatika,India,Karnataka,Female,1984-05-08 11:31:26,,,,
8049-JMBGA,2021-10-19,Paid,2022-10-19,Premium,Annual,,,55.0,935,28,0,tanish,India,Karnataka,Male,1970-02-19 11:31:26,,,,
9842-IZEWK,2025-09-16,Refferal,2026-09-16,Standard,Annual,,,12.56,866,11,0,dominic,India,Maharashtra,Male,,2026-05-22,N,90.0,2.0
0407-SIWRU,2021-03-05,Paid,2022-03-05,Standard,Annual,,,14.87,698,24,0,laksh,India,Rajasthan,Male,2001-03-10 11:31:26,,,,
4598-JLONV,2022-01-28,Organic,2022-02-27,Premium,Monthly,,,87.5,3062,57,0,radha,India,Nagaland,Female,1980-09-12 11:31:26,2025-05-19,N,75.0,1.0
8480-IEWVM,2020-12-07,Organic,2021-01-06,Premium,Monthly,2022-05-05,Poor streaming quality,34.37,1993,97,1,fitan,Nepal,Kathmandu,Male,1982-10-08 11:31:26,,,,
5833-ASHUJ,2024-10-23,Refferal,2024-11-22,Basic,Monthly,,,9.02,667,31,0,michael,India,Meghalaya,Male,1971-07-04 11:31:26,2026-02-24,N,87.0,1.0
5658-RZAOA,2024-05-28,Refferal,2024-06-27,Standard,Monthly,2025-01-12,Not enough content,14.94,657,98,1,tanish,India,Rajasthan,Male,1960-02-19 11:31:26,2026-01-17,N,64.0,2.0
5416-EUSCD,2021-01-31,Refferal,2022-01-31,Premium,Annual,2023-01-20,Switched to competitor,81.03,1701,86,1,waida,India,Meghalaya,Female,1971-08-28 11:31:26,2025-10-28,Y,32.0,1.0
5710-HYGTZ,2024-07-18,Paid,2025-07-18,Premium,Annual,,,74.67,1418,62,0,yochana,India,Karnataka,Female,1985-10-08 11:31:26,,,,
2223-MOCLG,2020-09-06,Paid,2021-09-06,Basic,Annual,,,6.66,246,51,0,aarna,India,Delhi,Female,1985-03-02 11:31:26,2025-04-29,N,82.0,1.0
7242-KAQBO,2026-04-27,Paid,2027-04-27,Basic,Annual,2026-07-29,Forgot to cancel trial,7.23,607,74,1,darpan,India,Nagaland,Male,1977-10-04 11:31:26,,,,
2048-XSKFU,2024-08-17,Organic,2024-09-16,Standard,Monthly,,,13.05,443,6,0,siddharth,Nepal,Kathmandu,Male,1977-03-30 11:31:26,2025-08-05,Y,19.0,1.0
2371-OUGGD,2022-11-03,Paid,2023-11-03,Premium,Annual,,,32.55,1302,44,0,jyoti,India,Telangana,Female,1962-06-03 11:31:26,2026-02-06,N,64.0,1.0
1385-XRWRP,2021-03-25,Paid,2022-03-25,Premium,Annual,2023-10-21,Too expensive,76.66,2683,86,1,charan,India,Karnataka,Male,1993-04-16 11:31:26,2025-05-16,N,55.0,1.0
8248-MVECO,2021-06-04,Paid,2022-06-04,Premium,Annual,,,69.17,3596,25,0,mason,India,Rajasthan,Male,1997-12-31 11:31:26,,,,
1326-JFGIA,2024-04-29,Organic,2025-04-29,Premium,Annual,2026-01-12,Not enough content,41.22,3256,82,1,ekani,India,Telangana,Female,2003-05-28 11:31:26,,,,
6497-BQBAU,2021-01-11,Refferal,2022-01-11,Premium,Annual,,,55.86,4748,45,0,eshana,India,Uttar Pradesh,Female,1983-05-21 11:31:26,2025-10-06,Y,34.0,1.0
3992-GJCID,2023-03-03,Paid,2024-03-02,Standard,Annual,2025-07-06,Too expensive,15.5,1054,96,1,fitan,India,Delhi,Male,1977-11-11 11:31:26,2026-01-31,N,55.0,1.0
7846-ZTPMN,2025-12-04,Paid,2026-12-04,Standard,Annual,2026-01-17,Poor streaming quality,11.29,508,78,1,forum,India,Telangana,Female,1960-10-29 11:31:26,,,,
0451-URVIE,2025-07-31,Refferal,2026-07-31,Premium,Annual,,,63.4,3677,27,0,vaishnavi,India,Karnataka,Female,1963-11-28 11:31:26,,,,
9831-ELCLT,2025-10-16,Paid,2025-11-15,Basic,Monthly,,,7.52,135,26,0,chameli,India,Telangana,Female,1994-11-15 11:31:26,2024-12-01,Y,27.0,1.0
8597-MHZED,2024-01-11,Refferal,2025-01-10,Premium,Annual,,,72.55,2103,7,0,diya,India,Meghalaya,Female,1962-11-11 11:31:26,,,,
6817-URERJ,2022-08-29,Refferal,2022-09-28,Standard,Monthly,,,12.87,1158,35,0,sanaya,India,Telangana,Female,1994-07-02 11:31:26,,,,
0357-FOUGA,2022-06-12,Organic,2022-07-12,Premium,Monthly,,,28.86,836,45,0,tanish,India,Nagaland,Male,1977-01-19 11:31:26,,,,
7906-YJPHB,2022-01-23,Refferal,2023-01-23,Standard,Annual,2024-05-07,Switched to competitor,12.15,923,80,1,ekiya,India,Delhi,Female,1964-01-15 11:31:26,,,,
8615-PUSRV,2022-01-24,Paid,2023-01-24,Standard,Annual,2024-06-12,Not enough content,14.27,1155,93,1,chaman,India,Uttar Pradesh,Female,1961-10-15 11:31:26,2025-11-03,N,50.0,1.0
8069-FUWWI,2025-02-11,Paid,2026-02-11,Standard,Annual,,,16.19,874,41,0,lucky,India,Telangana,Male,1965-02-17 11:31:26,2026-01-07,N,54.0,1.0
3461-NRPPP,2021-10-26,Refferal,2021-11-25,Basic,Monthly,,,7.38,214,27,0,nidhi,India,Delhi,Female,1966-11-24 11:31:26,2025-11-07,Y,39.0,2.0
8632-IPTBR,2022-05-03,Paid,2022-06-02,Premium,Monthly,,,90.57,8151,38,0,shivani,India,Delhi,Female,1983-03-25 11:31:26,,,,
2026-DWZFQ,2025-02-21,Paid,2025-03-23,Basic,Monthly,,,6.26,294,56,0,avi,India,Rajasthan,Male,1981-02-12 11:31:26,,,,
6897-XXCSE,2023-06-26,Refferal,2024-06-25,Standard,Annual,2025-04-13,Poor streaming quality,15.63,656,94,1,kashvi,India,Karnataka,Female,1992-02-20 11:31:26,2024-11-11,N,80.0,1.0
8541-RIYBP,2024-04-21,Paid,2025-04-21,Standard,Annual,,,11.64,453,24,0,zaid,India,Uttar Pradesh,Male,1981-08-03 11:31:26,,,,
1522-KNBFZ,2023-09-04,Organic,2024-09-03,Premium,Annual,2024-09-02,Not enough content,31.51,850,92,1,balendra,India,Uttar Pradesh,Male,1968-11-23 11:31:26,,,,
3760-VBRGT,2026-04-24,Refferal,2026-05-24,Basic,Monthly,2026-08-02,Switched to competitor,8.2,287,92,1,abeer,India,Maharashtra,Male,2005-07-07 11:31:26,2026-07-04,N,50.0,2.0
1488-DTLBI,2022-09-27,Refferal,2023-09-27,Standard,Annual,,,11.22,594,56,0,shivansh,India,Meghalaya,Male,2001-02-03 11:31:26,2026-01-02,N,53.0,1.0
2934-KBXUA,2026-02-15,Refferal,2027-02-15,Premium,Annual,,,71.32,4921,41,0,warinder,India,Meghalaya,Male,2008-07-13 11:31:26,2026-03-07,N,64.0,1.0
1528-OCBVU,2024-01-06,Refferal,2024-02-05,Premium,Monthly,2025-03-15,Too expensive,68.49,2739,95,1,adweta,India,Nagaland,Female,1984-02-06 11:31:26,2024-08-31,N,65.0,1.0
7743-JYTJX,2020-11-12,Paid,2021-11-12,Premium,Annual,2021-01-08,Poor streaming quality,64.51,3160,76,1,janaki,India,Telangana,Female,1989-02-28 11:31:26,2026-03-20,N,85.0,2.0
8569-UZPWX,2022-04-14,Organic,2023-04-14,Premium,Annual,2025-04-04,Too expensive,42.6,639,71,1,yashica,India,Nagaland,Female,1994-07-17 11:31:26,,,,
9645-IDNLY,2025-01-17,Paid,2025-02-16,Standard,Monthly,,,11.09,188,58,0,yamini,Nepal,Kathmandu,Female,2003-01-04 11:31:26,,,,
7098-PCGLC,2024-09-02,Paid,2025-09-02,Premium,Annual,,,17.99,1421,30,0,udyati,India,Meghalaya,Female,1996-11-18 11:31:26,,,,
1571-JRGXR,2024-04-27,Organic,2025-04-27,Standard,Annual,2025-07-04,Poor streaming quality,15.55,1368,95,1,chakrika,India,Rajasthan,Female,1995-09-16 11:31:26,,,,
7937-IBVTG,2022-03-26,Refferal,2023-03-26,Basic,Annual,,,9.37,421,37,0,ganga,India,Karnataka,Female,2004-11-13 11:31:26,2025-04-04,N,61.0,1.0
4929-NUQTG,2025-12-06,Refferal,2026-01-05,Premium,Monthly,,,24.33,802,31,0,yashodhara,India,Telangana,Female,1961-05-01 11:31:26,,,,
6182-PCUQA,2023-09-21,Refferal,2024-09-20,Standard,Annual,,,12.96,894,16,0,faras,India,Rajasthan,Male,2000-08-15 11:31:26,2025-06-02,Y,29.0,1.0
8334-UJTGC,2022-06-03,Paid,2022-07-03,Standard,Monthly,,,16.29,863,20,0,bachittar,India,Nagaland,Male,1996-02-20 11:31:26,,,,
7552-MLRXK,2024-10-31,Paid,2024-11-30,Premium,Monthly,,,76.76,3761,46,0,urmi,Nepal,Kathmandu,Female,2002-05-23 11:31:26,2026-05-01,Y,26.0,1.0
2266-PWLLG,2022-01-16,Organic,2023-01-16,Standard,Annual,,,16.19,874,41,0,barkha,India,Nagaland,Female,1998-06-21 11:31:26,2026-06-27,Y,20.0,1.0
3402-QFQBA,2023-03-31,Refferal,2024-03-30,Standard,Annual,,,12.57,716,44,0,devika,India,Meghalaya,Female,1993-05-20 11:31:26,,,,
5987-GYXWD,2022-06-01,Refferal,2022-07-01,Premium,Monthly,,,79.11,4825,55,0,baghyawati,India,Maharashtra,Female,1959-12-28 11:31:26,2026-02-14,N,88.0,1.0
9692-TVZCC,2021-04-28,Paid,2021-05-28,Premium,Monthly,,,24.97,1997,34,0,harita,India,Uttar Pradesh,Female,1981-07-05 11:31:26,,,,
4598-STKRW,2024-09-02,Paid,2024-10-02,Premium,Monthly,,,46.11,2305,48,0,ekantika,India,Delhi,Female,1958-02-08 11:31:26,2024-12-18,Y,33.0,1.0
3046-MXWIV,2023-08-24,Organic,2024-08-23,Premium,Annual,2025-01-18,Too expensive,46.2,3927,88,1,oscar,India,Telangana,Male,1970-08-23 11:31:26,,,,
4150-LTIGH,2021-08-06,Organic,2021-09-05,Standard,Monthly,,,15.32,658,56,0,kai,India,Nagaland,Male,1980-03-26 11:31:26,2024-11-21,N,76.0,1.0
8141-MCCFJ,2024-11-07,Paid,2024-12-07,Standard,Monthly,,,12.25,1016,26,0,krish,India,Delhi,Male,1990-03-25 11:31:26,,,,
1948-MPIQQ,2025-01-27,Organic,2026-01-27,Basic,Annual,,,6.43,237,16,0,daniel,India,Karnataka,Male,2006-05-22 11:31:26,,,,
1590-PITOO,2022-07-25,Refferal,2023-07-25,Premium,Annual,,,91.64,2565,47,0,amruta,India,Maharashtra,Female,2004-06-29 11:31:26,,,,
6061-OTGTB,2022-03-15,Organic,2023-03-15,Standard,Annual,2024-03-28,Not enough content,13.4,536,97,1,tanish,India,Delhi,Male,1984-11-22 11:31:26,2024-10-06,Y,16.0,1.0
5034-HLNRC,2023-06-28,Paid,2023-07-28,Basic,Monthly,2025-03-25,Switched to competitor,7.72,663,93,1,balvan,India,Telangana,Male,2005-12-10 11:31:26,,,,
9791-PDYWP,2022-09-16,Organic,2023-09-16,Premium,Annual,,,64.18,5262,43,0,yashodhara,India,Meghalaya,Female,,2025-08-21,Y,33.0,1.0
8774-DVYDC,2022-10-02,Refferal,2023-10-02,Premium,Annual,,,65.35,1699,50,0,fiyaz,India,Telangana,Male,1990-11-14 11:31:26,2025-02-23,Y,31.0,1.0
5762-MTOLS,2025-10-11,Refferal,2026-10-11,Standard,Annual,,,13.77,358,21,0,charan,India,Uttar Pradesh,Male,1980-09-01 11:31:26,2025-12-26,N,71.0,2.0
2415-XYKUB,2020-11-21,Refferal,2020-12-21,Basic,Monthly,,,7.59,151,48,0,aarav,India,Delhi,Male,1994-03-26 11:31:26,,,,
4213-WQZPI,2022-01-16,Refferal,2022-02-15,Premium,Monthly,,,54.9,3458,25,0,abeer,India,Nagaland,Male,1991-07-31 11:31:26,2025-07-31,N,89.0,2.0
0859-KDYVA,2021-08-31,Paid,2021-09-30,Premium,Monthly,,,84.16,3534,35,0,falguni,India,Nagaland,Female,1957-07-03 11:31:26,2026-07-24,N,66.0,1.0
8536-PZIGE,2023-10-26,Organic,2023-11-25,Standard,Monthly,,,13.63,354,64,0,anita,India,Karnataka,Female,1967-08-20 11:31:26,,,,
7769-FBOSD,2021-12-05,Paid,2022-01-04,Basic,Monthly,,,7.51,270,26,0,ubika,India,Meghalaya,Female,2003-01-28 11:31:26,,,,
8762-RWEXS,2023-01-12,Paid,2024-01-12,Standard,Annual,,,14.2,979,34,0,kritika,Nepal,Kathmandu,Female,1970-07-11 11:31:26,,,,
8113-NPKIO,2022-03-13,Paid,2022-04-12,Standard,Monthly,,,13.86,790,41,0,odika,India,Meghalaya,Female,2008-04-04 11:31:26,,,,
8240-SMNLH,2023-12-04,Paid,2024-01-03,Basic,Monthly,,,9.35,729,30,0,brinda,Nepal,Kathmandu,Female,1991-04-18 11:31:26,2024-11-16,N,72.0,1.0
1178-TULXP,2021-09-01,Paid,2022-09-01,Basic,Annual,,,6.23,118,8,0,atharv,India,Nagaland,Male,1957-05-26 11:31:26,,,,
5362-OQEXD,2026-02-14,Paid,2026-03-16,Basic,Monthly,,,7.73,610,65,0,arin,India,Nagaland,Male,1971-09-15 11:31:26,2024-10-10,Y,39.0,1.0
0082-BWWLG,2025-08-13,Paid,2026-08-13,Standard,Annual,,,12.46,872,34,0,vidhi,India,Telangana,Female,2000-04-14 11:31:26,,,,
6601-QDDQT,2022-07-09,Organic,2022-08-08,Standard,Monthly,,,13.66,1079,26,0,nimrat,India,Meghalaya,Female,1962-05-03 11:31:26,,,,
2796-ZWYZS,2020-09-06,Paid,2021-09-06,Standard,Annual,2022-10-20,Poor streaming quality,11.94,907,90,1,vasatika,India,Nagaland,Female,1958-06-12 11:31:26,,,,
4727-TAOUA,2022-04-25,Paid,2022-05-25,Premium,Monthly,,,40.41,1454,24,0,irya,India,Karnataka,Female,1962-06-28 11:31:26,2026-03-17,N,89.0,1.0
8519-TTNQR,2023-04-22,Paid,2023-05-22,Premium,Monthly,2025-01-22,Too expensive,37.74,2641,87,1,jairaj,India,Telangana,Male,1985-04-29 11:31:26,,,,
8071-CWUED,2026-05-17,Paid,2026-06-16,Premium,Monthly,2026-07-13,Not enough content,92.55,6848,84,1,xiti,India,Maharashtra,Female,1978-04-22 11:31:26,,,,
4714-PGRVR,2024-11-06,Refferal,2024-12-06,Standard,Monthly,,,14.88,401,28,0,guneet,India,Delhi,Male,1989-06-16 11:31:26,,,,
6129-MQIGD,2021-07-03,Paid,2022-07-03,Premium,Annual,2023-01-06,Switched to competitor,67.01,2613,83,1,krisha,India,Maharashtra,Female,1987-07-20 11:31:26,2026-07-03,N,90.0,1.0
0030-HMGUZ,2021-12-23,Organic,2022-01-22,Standard,Monthly,,,12.74,1121,24,0,amaira,India,Meghalaya,Female,2000-11-20 11:31:26,,,,
8490-SMHSK,2024-04-17,Organic,2025-04-17,Basic,Annual,,,7.74,681,53,0,oscar,India,Telangana,Male,1963-09-02 11:31:26,,,,
9414-AOSEN,2026-02-08,Organic,2027-02-08,Basic,Annual,2026-04-14,Poor streaming quality,7.69,592,77,1,aayush,India,Delhi,Male,1989-06-12 11:31:26,2024-08-22,N,83.0,1.0
0745-MLDNH,2025-07-08,Paid,2026-07-08,Basic,Annual,2026-06-02,Too expensive,7.23,506,82,1,riya,India,Rajasthan,Female,1974-01-29 11:31:26,,,,
3686-ISSKT,2021-03-27,Refferal,2021-04-26,Standard,Monthly,,,13.73,961,56,0,nikita,India,Meghalaya,Female,1958-09-10 11:31:26,2025-09-12,N,51.0,2.0
6800-GSVYS,2026-03-01,Refferal,2026-03-31,Basic,Monthly,2026-04-25,Poor streaming quality,6.29,157,99,1,yatan,India,Telangana,Male,1965-12-27 11:31:26,2026-08-01,N,86.0,1.0
2404-VVWKT,2024-09-23,Paid,2024-10-23,Standard,Monthly,,,11.45,950,45,0,ekavir,India,Meghalaya,Male,1990-02-01 11:31:26,,,,
5613-CJLNA,2020-11-21,Paid,2021-11-21,Standard,Annual,,,15.66,391,19,0,charita,India,Karnataka,Female,1976-02-06 11:31:26,2025-02-06,Y,12.0,1.0
8556-GGGBC,2024-08-31,Paid,2025-08-31,Standard,Annual,,,16.44,1117,45,0,samuel,India,Nagaland,Male,1957-09-17 11:31:26,,,,
7135-COUJT,2023-04-10,Refferal,2023-05-10,Standard,Monthly,,,14.13,748,9,0,ria,India,Uttar Pradesh,Female,1962-07-31 11:31:26,,,,
9409-FFVEV,2023-12-23,Refferal,2024-12-22,Premium,Annual,,,69.34,4437,53,0,chaman,India,Meghalaya,Female,1998-08-10 11:31:26,,,,
9324-AOSMA,2021-05-28,Organic,2022-05-28,Premium,Annual,,,25.48,2267,28,0,yashawini,India,Karnataka,Female,1997-02-11 11:31:26,,,,
0176-MEYXB,2021-01-25,Refferal,2021-02-24,Premium,Monthly,,,73.11,5848,32,0,shravya,India,Delhi,Female,1987-04-10 11:31:26,2025-10-10,Y,37.0,1.0
9887-GUJGN,2024-06-12,Refferal,2025-06-12,Standard,Annual,2026-06-03,Not enough content,16.5,495,70,1,teerth,India,Karnataka,Male,1989-03-03 11:31:26,,,,
1335-HXTDO,2021-12-31,Organic,2022-12-31,Basic,Annual,,,7.81,601,47,0,eiravati,India,Rajasthan,Female,1999-12-12 11:31:26,2025-02-27,N,78.0,1.0
9390-HDXSA,2025-12-17,Paid,2026-01-16,Standard,Monthly,,,14.33,1060,58,0,nisha,India,Nagaland,Female,2006-07-03 11:31:26,,,,
0993-AHIYR,2024-08-31,Refferal,2024-09-30,Standard,Monthly,,,12.05,867,24,0,shravya,India,Uttar Pradesh,Female,1977-08-09 11:31:26,,,,
8189-XGWDA,2022-06-19,Refferal,2023-06-19,Standard,Annual,2025-03-20,Switched to competitor,11.11,811,89,1,omisha,India,Maharashtra,Female,1996-01-20 11:31:26,,,,
9562-XJPXU,2021-12-24,Refferal,2022-12-24,Premium,Annual,,,49.36,3603,12,0,laban,India,Karnataka,Male,2008-05-16 11:31:26,2026-07-11,Y,26.0,1.0
0405-TPPGR,2025-02-13,Organic,2026-02-13,Basic,Annual,2025-07-13,Poor streaming quality,8.86,753,85,1,ekansh,India,Telangana,Male,1995-08-12 11:31:26,2025-10-22,N,78.0,2.0
3360-OXKJM,2023-03-23,Paid,2024-03-22,Standard,Annual,,,14.57,276,29,0,fitan,India,Uttar Pradesh,Male,1964-05-07 11:31:26,,,,
2751-HEFYG,2022-12-22,Refferal,2023-01-21,Basic,Monthly,,,9.78,430,46,0,naksh,India,Nagaland,Male,,,,,
6534-PRELW,2026-03-08,Refferal,2027-03-08,Premium,Annual,,,88.51,7611,24,0,praneel,India,Meghalaya,Male,2002-01-25 11:31:26,2025-01-19,N,65.0,1.0
9480-QTNAE,2023-04-21,Organic,2023-05-21,Basic,Monthly,,,7.45,514,38,0,nikita,India,Delhi,Female,1957-04-07 11:31:26,,,,
7317-OAEFP,2021-02-26,Paid,2021-03-28,Basic,Monthly,,,9.68,300,37,0,darpan,India,Karnataka,Male,1959-10-03 11:31:26,,,,
9271-NMXNF,2025-05-22,Refferal,2026-05-22,Basic,Annual,2025-06-10,Too expensive,8.3,323,94,1,nidra,India,Delhi,Female,2007-08-04 11:31:26,2026-01-12,Y,10.0,1.0
1287-SEMIC,2021-11-15,Paid,2021-12-15,Standard,Monthly,,,13.38,307,6,0,anusha,Nepal,Kathmandu,Female,1957-01-04 11:31:26,,,,
4408-KDMQA,2021-06-28,Refferal,2022-06-28,Premium,Annual,,,75.52,2945,15,0,nihal,India,Uttar Pradesh,Male,1972-01-05 11:31:26,2026-07-29,Y,27.0,2.0
8763-SABCG,2023-08-04,Paid,2024-08-03,Standard,Annual,,,14.8,414,39,0,rudra,India,Nagaland,Male,2000-03-27 11:31:26,2025-12-29,N,80.0,1.0
0453-QJOBW,2025-05-09,Refferal,2026-05-09,Standard,Annual,,,14.87,862,35,0,kalpit,India,Rajasthan,Male,1977-01-14 11:31:26,2026-07-17,N,57.0,2.0
3457-UQCPZ,2023-11-01,Paid,2024-10-31,Premium,Annual,,,35.86,2115,41,0,upkaar,Nepal,Kathmandu,Male,1966-08-14 11:31:26,2025-09-27,Y,12.0,2.0
3860-TQSLE,2025-04-05,Paid,2026-04-05,Premium,Annual,2026-07-26,Poor streaming quality,83.02,4483,77,1,charan,India,Meghalaya,Male,1987-06-04 11:31:26,,,,
0704-VPOTF,2021-05-03,Refferal,2021-06-02,Standard,Monthly,,,12.71,762,33,0,ekaraj,Nepal,Kathmandu,Male,1998-12-07 11:31:26,2024-10-05,Y,15.0,1.0
2267-DGDAK,2021-05-22,Refferal,2022-05-22,Standard,Annual,,,13.79,1006,14,0,janya,India,Karnataka,Female,1980-10-07 11:31:26,,,,
6488-IBMWK,2022-10-11,Refferal,2022-11-10,Standard,Monthly,,,14.15,764,13,0,suhani,India,Maharashtra,Female,2003-06-29 11:31:26,2025-11-24,Y,35.0,1.0
5292-QRXMM,2023-12-26,Refferal,2024-12-25,Standard,Annual,2024-02-22,Too expensive,15.36,506,89,1,chaman,Nepal,Kathmandu,Female,1958-06-21 11:31:26,,,,
9415-AZBHL,2025-11-29,Paid,2025-12-29,Standard,Monthly,2026-05-27,Too expensive,16.62,498,82,1,kai,India,Meghalaya,Male,1997-03-15 11:31:26,,,,
9808-DSBLY,2020-10-05,Refferal,2020-11-04,Standard,Monthly,,,12.26,465,53,0,bishakha,India,Nagaland,Female,1984-02-13 11:31:26,,,,
5681-EMSIF,2021-10-10,Refferal,2022-10-10,Basic,Annual,,,8.71,600,22,0,bhavini,India,Karnataka,Female,,2025-12-06,Y,25.0,1.0
0354-QOEVE,2021-03-02,Refferal,2022-03-02,Standard,Annual,,,15.24,1264,57,0,devansh,India,Rajasthan,Male,1992-07-20 11:31:26,,,,
9629-YGZBD,2021-05-05,Paid,2022-05-05,Premium,Annual,,,24.56,466,63,0,noah,India,Meghalaya,Male,1991-12-20 11:31:26,,,,
8468-BCGZZ,2020-12-05,Refferal,2021-12-05,Premium,Annual,,,53.27,2929,25,0,vedhika,India,Nagaland,Female,1984-07-03 11:31:26,,,,
1986-XKUEN,2025-05-12,Refferal,2026-05-12,Premium,Annual,,,58.22,4075,18,0,tarak,India,Telangana,Male,1995-04-26 11:31:26,2025-06-05,N,79.0,1.0
1198-IHBPR,2022-11-02,Paid,2022-12-02,Premium,Monthly,,,86.46,7781,5,0,amruta,India,Telangana,Female,1998-01-03 11:31:26,2025-06-28,Y,34.0,1.0
1573-WTPMN,2021-11-14,Paid,2021-12-14,Premium,Monthly,,,56.11,1458,36,0,peter,India,Nagaland,Male,1991-09-28 11:31:26,,,,
5787-YYBJA,2022-03-21,Refferal,2023-03-21,Premium,Annual,,,29.7,2524,10,0,idika,India,Telangana,Female,2004-10-19 11:31:26,,,,
4757-LQLJH,2025-09-19,Organic,2025-10-19,Basic,Monthly,,,8.33,391,25,0,vansha,India,Maharashtra,Female,1976-08-06 11:31:26,,,,
9954-OKXGM,2024-03-02,Organic,2025-03-02,Basic,Annual,,,6.33,373,45,0,anika,India,Telangana,Female,1994-03-05 11:31:26,,,,
5987-VFHYC,2024-05-11,Organic,2024-06-10,Standard,Monthly,2025-09-18,Poor streaming quality,12.98,986,95,1,jason,India,Uttar Pradesh,Male,,2025-08-20,Y,25.0,1.0
7881-CUVCH,2020-12-27,Paid,2021-12-27,Standard,Annual,,,11.34,215,35,0,wriddhish,India,Karnataka,Male,1961-11-07 11:31:26,,,,
0597-RPOFW,2022-11-03,Organic,2022-12-03,Standard,Monthly,2023-01-18,Forgot to cancel trial,14.15,353,79,1,logan,India,Uttar Pradesh,Male,1990-07-22 11:31:26,2025-06-23,N,64.0,1.0
8056-RSCZO,2024-04-06,Paid,2025-04-06,Premium,Annual,2025-07-28,Not enough content,77.87,5139,71,1,jeet,India,Meghalaya,Male,1991-06-14 11:31:26,2026-03-30,Y,17.0,1.0
4701-BJMWZ,2026-04-29,Paid,2026-05-29,Basic,Monthly,2026-07-05,Poor streaming quality,8.02,561,71,1,adya,India,Rajasthan,Female,1960-08-02 11:31:26,,,,
1880-WFDNH,2023-05-25,Paid,2023-06-24,Premium,Monthly,,,80.17,4088,22,0,rachita,India,Maharashtra,Female,1990-12-03 11:31:26,2026-03-15,Y,18.0,1.0
2444-GOKSG,2025-11-19,Organic,2025-12-19,Standard,Monthly,,,11.9,357,61,0,orinder,India,Meghalaya,Male,1976-12-29 11:31:26,2025-08-23,N,86.0,1.0
6278-CGYUW,2022-03-11,Paid,2022-04-10,Premium,Monthly,,,84.62,7192,45,0,sara,India,Karnataka,Female,1967-12-02 11:31:26,,,,
4742-BBGHF,2022-06-21,Paid,2022-07-21,Standard,Monthly,2025-01-13,Switched to competitor,16.23,1282,81,1,agastya,India,Karnataka,Male,1987-05-09 11:31:26,2025-01-28,Y,11.0,1.0
6330-LHVLF,2020-12-22,Paid,2021-12-22,Premium,Annual,2022-07-08,Switched to competitor,53.42,2297,76,1,meera,India,Rajasthan,Female,1991-08-26 11:31:26,,,,
7368-GQPXN,2023-09-06,Refferal,2024-09-05,Basic,Annual,2025-11-18,Switched to competitor,7.61,327,75,1,vrishti,India,Nagaland,Female,1977-03-17 11:31:26,2026-08-21,N,72.0,2.0
6497-GRAAN,2021-03-19,Refferal,2021-04-18,Standard,Monthly,,,13.63,722,59,0,gauri,India,Telangana,Female,1971-07-23 11:31:26,,,,
9566-VPNNM,2022-03-03,Organic,2022-04-02,Premium,Monthly,2024-11-26,Not enough content,89.22,7851,99,1,jai,India,Karnataka,Male,1961-06-28 11:31:26,2026-04-09,Y,39.0,1.0
8647-CYBCS,2025-01-11,Refferal,2025-02-10,Basic,Monthly,,,7.42,371,17,0,ayaan,India,Maharashtra,Male,1958-10-22 11:31:26,2026-07-14,N,86.0,1.0
5610-JEOCU,2022-09-05,Paid,2022-10-05,Premium,Monthly,,,31.5,1323,49,0,rishi,India,Nagaland,Male,1956-10-19 11:31:26,2026-04-26,N,80.0,1.0
7477-GZFOH,2021-08-25,Paid,2021-09-24,Standard,Monthly,,,14.15,650,56,0,harini,India,Meghalaya,Female,1970-05-06 11:31:26,,,,
7850-RKLCS,2025-04-10,Paid,2026-04-10,Standard,Annual,,,11.03,838,58,0,nitara,Nepal,Kathmandu,Female,1967-11-05 11:31:26,2026-01-12,N,57.0,1.0
1989-KIKVO,2024-09-06,Paid,2024-10-06,Standard,Monthly,,,12.77,778,34,0,akshay,India,Meghalaya,Male,1992-08-18 11:31:26,2025-10-09,Y,32.0,2.0
1622-SZKTZ,2023-11-16,Refferal,2023-12-16,Basic,Monthly,,,9.27,231,55,0,ekavir,India,Maharashtra,Male,1972-04-06 11:31:26,2025-01-05,Y,28.0,1.0
9205-GGUQN,2023-10-03,Organic,2023-11-02,Premium,Monthly,2026-01-24,Poor streaming quality,46.15,1430,76,1,yatin,India,Nagaland,Male,2006-07-28 11:31:26,,,,
3572-BGGDR,2023-06-16,Paid,2024-06-15,Premium,Annual,,,27.47,2334,11,0,harita,Nepal,Kathmandu,Female,1993-09-17 11:31:26,,,,
0343-KTNZV,2020-12-16,Paid,2021-12-16,Premium,Annual,,,49.76,4478,7,0,chandani,India,Nagaland,Female,1970-08-22 11:31:26,2025-11-03,Y,36.0,1.0
3691-URSTR,2023-08-31,Organic,2023-09-30,Standard,Monthly,,,14.49,811,57,0,aishani,Nepal,Kathmandu,Female,1992-10-12 11:31:26,,,,
3055-IXKGH,2022-07-18,Refferal,2023-07-18,Basic,Annual,,,6.45,277,5,0,aachal,India,Nagaland,Female,1995-03-12 11:31:26,2025-11-12,N,51.0,1.0
8186-MVIJR,2022-08-06,Refferal,2023-08-06,Premium,Annual,,,25.34,1241,64,0,eiravati,India,Telangana,Female,1971-08-29 11:31:26,2024-12-28,Y,23.0,1.0
6501-KADIH,2020-12-24,Paid,2021-01-23,Basic,Monthly,,,8.28,637,57,0,neel,India,Rajasthan,Male,2007-08-16 11:31:26,,,,
5673-BZVGL,2024-01-04,Paid,2024-02-03,Standard,Monthly,,,13.12,918,9,0,falak,India,Uttar Pradesh,Female,1991-10-24 11:31:26,2026-06-22,N,60.0,1.0
0501-UOJYA,2025-07-03,Organic,2025-08-02,Standard,Monthly,,,13.82,345,13,0,dayamai,Nepal,Kathmandu,Female,2006-10-20 11:31:26,,,,
3760-SZTHJ,2026-02-28,Paid,2026-03-30,Basic,Monthly,2026-08-18,Poor streaming quality,6.27,257,90,1,qabil,India,Maharashtra,Male,1996-12-26 11:31:26,2025-05-21,N,70.0,1.0
1497-RAYXA,2024-01-03,Refferal,2025-01-02,Premium,Annual,2024-02-26,Too expensive,92.69,7600,77,1,siya,India,Meghalaya,Female,1968-03-30 11:31:26,2025-04-24,N,59.0,2.0
5421-UOZTD,2024-11-05,Paid,2024-12-05,Premium,Monthly,2025-08-01,Too expensive,59.85,897,78,1,gaurangi,Nepal,Kathmandu,Female,1992-04-01 11:31:26,2025-12-01,N,66.0,2.0
0070-AOHTO,2024-05-15,Refferal,2025-05-15,Standard,Annual,,,11.77,647,55,0,widisha,India,Karnataka,Female,1983-07-17 11:31:26,2024-12-26,N,89.0,1.0
6810-CSFIE,2021-12-02,Paid,2022-01-01,Premium,Monthly,,,91.8,4131,25,0,rachana,India,Nagaland,Female,1968-08-19 11:31:26,,,,
0938-YWHZE,2022-10-24,Organic,2022-11-23,Standard,Monthly,,,15.1,1268,38,0,harita,India,Nagaland,Female,1960-11-17 11:31:26,,,,
6584-BCLNA,2021-05-15,Paid,2022-05-15,Standard,Annual,,,14.25,769,55,0,nandini,India,Rajasthan,Female,2004-07-24 11:31:26,,,,
2917-PXJSY,2026-02-03,Paid,2026-03-05,Standard,Monthly,,,13.97,391,46,0,aachal,India,Rajasthan,Female,1972-12-05 11:31:26,2026-07-15,N,85.0,1.0
5004-TMZLG,2025-07-12,Organic,2026-07-12,Premium,Annual,,,86.36,5095,45,0,shivani,India,Karnataka,Female,1956-09-26 11:31:26,,,,
2750-EUFSP,2021-09-07,Paid,2021-10-07,Premium,Monthly,2024-07-03,Not enough content,56.71,3629,98,1,amol,Nepal,Kathmandu,Male,1997-10-27 11:31:26,2025-04-10,Y,36.0,1.0
7850-PWPMQ,2024-04-25,Organic,2025-04-25,Premium,Annual,,,84.18,7239,58,0,indrajit,Nepal,Kathmandu,Male,1976-06-14 11:31:26,,,,
6497-NCUGG,2026-01-09,Paid,2026-02-08,Premium,Monthly,,,91.51,4850,53,0,charles,India,Nagaland,Male,,2024-12-01,N,66.0,1.0
5074-HWBKX,2022-01-02,Organic,2023-01-02,Basic,Annual,,,6.43,308,18,0,brinda,India,Telangana,Female,1987-06-29 11:31:26,2026-08-09,N,89.0,1.0
9301-TMPUZ,2024-04-17,Organic,2024-05-17,Premium,Monthly,,,46.37,1947,22,0,geetika,India,Uttar Pradesh,Female,1976-09-09 11:31:26,,,,
8008-VSBLR,2025-05-12,Paid,2026-05-12,Standard,Annual,,,14.75,944,40,0,chanchal,India,Uttar Pradesh,Female,1965-02-10 11:31:26,2025-12-23,N,82.0,1.0
0223-GEPPD,2023-03-16,Organic,2024-03-15,Basic,Annual,2025-02-05,Switched to competitor,7.25,369,89,1,oviya,India,Maharashtra,Female,1976-10-19 11:31:26,,,,
4300-PBDDG,2021-11-04,Paid,2022-11-04,Basic,Annual,2022-07-09,Poor streaming quality,9.64,453,72,1,libni,India,Rajasthan,Female,1978-06-28 11:31:26,2026-01-09,Y,39.0,2.0
1821-TCOYP,2024-10-11,Refferal,2024-11-10,Basic,Monthly,2026-08-04,Switched to competitor,9.62,586,82,1,darika,Nepal,Kathmandu,Female,,2024-09-25,N,65.0,1.0
4205-JIYPB,2024-11-06,Paid,2024-12-06,Basic,Monthly,,,6.86,267,39,0,theodore,Nepal,Kathmandu,Male,2001-07-08 11:31:26,,,,
1011-GVANS,2025-09-21,Refferal,2025-10-21,Premium,Monthly,,,29.22,1694,46,0,geetika,India,Telangana,Female,1969-06-08 11:31:26,2025-08-16,N,52.0,1.0
7573-ASYRE,2022-08-28,Organic,2022-09-27,Premium,Monthly,2024-01-11,Too expensive,72.6,6533,93,1,ranbir,India,Nagaland,Male,1959-08-30 11:31:26,,,,
1188-TEXUP,2021-03-21,Refferal,2021-04-20,Premium,Monthly,,,84.32,5986,50,0,raghav,India,Nagaland,Male,1964-04-25 11:31:26,2025-08-06,Y,19.0,1.0
5310-MOXUX,2021-07-28,Refferal,2021-08-27,Basic,Monthly,2023-03-31,Not enough content,7.68,522,92,1,isaiah,Nepal,Kathmandu,Male,2003-03-17 11:31:26,2024-10-13,N,67.0,1.0
0215-VKSAL,2022-05-02,Paid,2023-05-02,Premium,Annual,,,52.92,4392,19,0,anika,India,Delhi,Female,1979-10-01 11:31:26,2025-04-10,N,88.0,1.0
5211-MLWZC,2021-01-23,Organic,2022-01-23,Standard,Annual,,,15.77,378,48,0,damini,Nepal,Kathmandu,Female,1970-06-05 11:31:26,,,,
6187-GLAFM,2025-09-28,Paid,2026-09-28,Basic,Annual,,,7.6,668,56,0,frederick,India,Maharashtra,Male,1992-05-17 11:31:26,2024-12-16,N,83.0,1.0
2018-WTZDR,2023-10-13,Organic,2024-10-12,Premium,Annual,,,37.62,1128,33,0,baljiwan,India,Meghalaya,Male,1992-06-22 11:31:26,2026-06-08,N,75.0,1.0
1683-JBMCY,2022-07-31,Paid,2022-08-30,Premium,Monthly,,,29.36,616,23,0,chakradhar,India,Meghalaya,Male,1994-10-13 11:31:26,,,,
1500-AVYBM,2024-09-08,Refferal,2024-10-08,Premium,Monthly,2026-06-17,Too expensive,69.45,1319,72,1,wyatt,India,Rajasthan,Male,,2025-07-02,N,80.0,1.0
9880-MQRRW,2024-02-17,Paid,2024-03-18,Premium,Monthly,,,68.86,2478,6,0,fitan,India,Telangana,Male,1997-03-05 11:31:26,2025-07-04,Y,34.0,1.0
7222-HYUWC,2021-03-21,Paid,2021-04-20,Premium,Monthly,,,76.74,2225,50,0,avi,India,Uttar Pradesh,Male,1977-04-20 11:31:26,,,,
6172-TANIT,2026-03-29,Refferal,2026-04-28,Standard,Monthly,2026-07-08,Forgot to cancel trial,14.66,967,75,1,ishanvi,India,Maharashtra,Female,2003-06-04 11:31:26,2025-06-16,N,66.0,1.0
0439-OPLEJ,2024-06-08,Refferal,2024-07-08,Premium,Monthly,2025-12-22,Not enough content,45.89,3074,91,1,libni,India,Uttar Pradesh,Female,1966-06-28 11:31:26,2025-03-26,N,70.0,1.0
2718-BJODR,2020-12-03,Refferal,2021-12-03,Basic,Annual,,,7.05,549,45,0,chasmum,India,Nagaland,Female,,,,,
0141-IIOEO,2021-07-09,Paid,2021-08-08,Premium,Monthly,,,63.65,4073,3,0,xalak,India,Karnataka,Female,1969-04-30 11:31:26,2025-05-11,N,56.0,1.0
8972-XRZWC,2021-02-21,Organic,2021-03-23,Standard,Monthly,,,13.67,1079,36,0,tanay,India,Uttar Pradesh,Male,1960-12-09 11:31:26,,,,
7454-POLMH,2021-10-14,Paid,2022-10-14,Premium,Annual,,,69.88,1048,47,0,wakeeta,India,Uttar Pradesh,Female,1962-11-25 11:31:26,2024-09-08,Y,24.0,1.0
1048-ZPGXN,2024-04-22,Paid,2025-04-22,Basic,Annual,,,7.39,450,29,0,harinakshi,India,Meghalaya,Female,2004-01-21 11:31:26,,,,
6587-DDXWB,2023-05-12,Paid,2023-06-11,Standard,Monthly,2024-10-16,Switched to competitor,11.77,494,96,1,banjeet,Nepal,Kathmandu,Male,1979-04-29 11:31:26,2024-11-13,N,81.0,1.0
6780-QEHWJ,2023-05-06,Organic,2023-06-05,Premium,Monthly,2025-08-07,Poor streaming quality,54.61,1310,80,1,rushil,India,Karnataka,Male,1963-07-20 11:31:26,,,,
4895-JWIKG,2021-02-28,Refferal,2021-03-30,Standard,Monthly,,,16.62,1396,27,0,kevin,India,Meghalaya,Male,1959-04-07 11:31:26,2025-09-22,N,89.0,1.0
9655-XPTEN,2022-10-09,Refferal,2022-11-08,Premium,Monthly,,,79.08,5772,8,0,george,India,Meghalaya,Male,1959-12-01 11:31:26,,,,
2745-FEAWY,2022-10-05,Paid,2022-11-04,Standard,Monthly,,,13.82,248,49,0,sai,India,Delhi,Female,1999-10-19 11:31:26,2025-07-12,N,80.0,1.0
3710-VLCTK,2023-03-02,Paid,2024-03-01,Premium,Annual,2023-12-06,Poor streaming quality,43.65,3404,90,1,karan,India,Nagaland,Male,1987-10-25 11:31:26,,,,
0598-BIIJP,2021-12-09,Organic,2022-01-08,Standard,Monthly,2022-11-01,Not enough content,15.25,884,80,1,karan,India,Uttar Pradesh,Male,1968-01-16 11:31:26,2025-03-05,N,64.0,1.0
7370-XZQHC,2021-07-04,Paid,2021-08-03,Standard,Monthly,,,13.34,840,41,0,azaan,India,Karnataka,Male,1994-06-27 11:31:26,2026-01-12,Y,31.0,2.0
3739-FSQBR,2025-04-14,Refferal,2026-04-14,Premium,Annual,,,37.62,1880,64,0,pooja,India,Rajasthan,Female,,2025-06-19,N,51.0,1.0
9742-IBDSF,2023-10-27,Organic,2024-10-26,Standard,Annual,,,12.33,258,23,0,jhalak,Nepal,Kathmandu,Female,1978-05-03 11:31:26,,,,
8980-UBOAD,2025-05-05,Paid,2026-05-05,Premium,Annual,,,56.35,3550,26,0,sara,India,Meghalaya,Female,1974-06-05 11:31:26,,,,
6030-MXRHY,2026-03-10,Paid,2026-04-09,Premium,Monthly,,,60.23,3192,35,0,ubika,India,Rajasthan,Female,1958-12-19 11:31:26,2026-07-06,N,60.0,2.0
2146-TRJVB,2023-05-18,Paid,2023-06-17,Premium,Monthly,,,24.93,1296,48,0,kamya,India,Delhi,Female,1963-05-09 11:31:26,2024-10-17,N,52.0,1.0
2220-MKQGF,2023-07-11,Refferal,2024-07-10,Premium,Annual,,,24.86,1267,3,0,anay,India,Delhi,Male,1961-10-09 11:31:26,,,,
2832-PZLHV,2021-04-30,Organic,2022-04-30,Standard,Annual,,,13.86,249,21,0,ethan,India,Karnataka,Male,1964-08-18 11:31:26,,,,
7838-PGDXG,2021-08-19,Paid,2022-08-19,Basic,Annual,,,9.9,603,33,0,udarsh,India,Maharashtra,Male,1964-06-27 11:31:26,2026-08-10,N,89.0,1.0
2881-XLKEG,2025-04-14,Paid,2026-04-14,Basic,Annual,,,6.15,528,5,0,hitesh,India,Karnataka,Male,1971-07-12 11:31:26,2024-11-21,N,85.0,1.0
8655-SPRHJ,2021-02-01,Paid,2021-03-03,Basic,Monthly,2021-12-23,Too expensive,8.9,623,98,1,udyati,India,Karnataka,Female,1959-12-04 11:31:26,,,,
6532-MZZSS,2021-10-19,Refferal,2022-10-19,Premium,Annual,2022-01-03,Switched to competitor,75.19,3383,93,1,urishilla,India,Maharashtra,Female,1976-03-19 11:31:26,2026-04-14,N,65.0,1.0
4317-PLYBX,2025-06-07,Paid,2026-06-07,Premium,Annual,,,29.39,1204,10,0,falak,India,Maharashtra,Female,2001-03-06 11:31:26,2026-06-17,Y,37.0,2.0
0898-IXTZZ,2021-02-19,Refferal,2021-03-21,Premium,Monthly,,,39.06,2538,28,0,bhavna,Nepal,Kathmandu,Female,1975-02-23 11:31:26,,,,
4023-WDTFL,2023-10-24,Refferal,2024-10-23,Premium,Annual,2024-09-08,Too expensive,59.95,1079,95,1,sneha,India,Rajasthan,Female,1957-06-26 11:31:26,,,,
5531-XUHWO,2023-08-17,Refferal,2023-09-16,Premium,Monthly,,,84.69,2794,46,0,lakshit,India,Delhi,Male,1986-09-30 11:31:26,2026-06-22,N,72.0,2.0
1873-XYUZX,2021-04-14,Refferal,2022-04-14,Basic,Annual,,,9.35,776,4,0,shaurya,India,Nagaland,Male,2005-05-15 11:31:26,2024-12-08,N,78.0,1.0
5098-KXHLM,2025-12-15,Paid,2026-12-15,Basic,Annual,2026-03-06,Not enough content,8.29,663,79,1,daksha,India,Nagaland,Female,1964-08-11 11:31:26,2025-10-06,N,67.0,1.0
1302-JECIF,2025-02-26,Refferal,2025-03-28,Premium,Monthly,,,24.69,419,53,0,daksha,India,Telangana,Female,1967-04-19 11:31:26,2026-05-17,N,74.0,1.0
4230-EKZJT,2025-09-07,Organic,2026-09-07,Premium,Annual,,,65.38,5688,25,0,pooja,Nepal,Kathmandu,Female,1964-09-18 11:31:26,,,,
6946-AGACP,2022-11-03,Paid,2022-12-03,Basic,Monthly,,,8.74,620,50,0,libni,India,Delhi,Female,1970-02-16 11:31:26,,,,
3402-KNNRW,2023-12-05,Refferal,2024-12-04,Premium,Annual,2024-06-30,Poor streaming quality,86.01,4128,97,1,xavier,Nepal,Kathmandu,Male,1974-01-23 11:31:26,,,,
0315-GVQOE,2020-11-07,Paid,2021-11-07,Premium,Annual,,,83.71,5022,19,0,warjas,India,Uttar Pradesh,Male,1994-05-13 11:31:26,2025-03-10,N,71.0,1.0
1385-ZTMSZ,2024-03-11,Paid,2025-03-11,Premium,Annual,,,38.31,1953,47,0,ekbal,India,Rajasthan,Male,1957-05-20 11:31:26,,,,
9585-EIDKF,2020-11-10,Paid,2021-11-10,Standard,Annual,,,11.53,322,11,0,sai,India,Meghalaya,Male,2002-11-01 11:31:26,,,,
4650-QIKBT,2024-08-10,Paid,2025-08-10,Premium,Annual,,,84.71,2880,53,0,oni,India,Meghalaya,Female,1964-09-30 11:31:26,,,,
8877-FFENM,2024-12-04,Organic,2025-01-03,Premium,Monthly,,,65.78,1644,24,0,arya,India,Uttar Pradesh,Female,2006-06-17 11:31:26,,,,
2128-WSBNZ,2025-10-17,Paid,2026-10-17,Standard,Annual,,,16.59,414,64,0,krish,India,Meghalaya,Male,1956-11-13 11:31:26,2024-09-04,N,53.0,1.0
7495-JHTHX,2022-06-04,Organic,2022-07-04,Premium,Monthly,,,80.9,1779,33,0,nidra,India,Rajasthan,Female,1973-04-05 11:31:26,,,,
1982-QIEYE,2025-07-28,Paid,2026-07-28,Premium,Annual,2026-05-16,Poor streaming quality,67.93,4143,99,1,xalak,India,Maharashtra,Female,1971-05-08 11:31:26,,,,
3330-OFOZL,2026-03-25,Refferal,2026-04-24,Basic,Monthly,,,8.36,384,34,0,chavvi,India,Delhi,Female,1956-10-16 11:31:26,,,,
0995-NNTXS,2021-05-30,Paid,2022-05-30,Basic,Annual,2022-04-26,Poor streaming quality,8.05,619,93,1,ishaan,India,Nagaland,Male,2001-06-05 11:31:26,2026-08-03,N,61.0,1.0
5695-BMHWV,2025-02-01,Refferal,2026-02-01,Standard,Annual,,,16.98,1001,3,0,vaishnavi,India,Telangana,Female,1989-01-09 11:31:26,,,,
0661-FIDDE,2022-03-09,Paid,2023-03-09,Basic,Annual,2022-05-30,Poor streaming quality,7.47,358,94,1,naveen,Nepal,Kathmandu,Male,1967-11-26 11:31:26,,,,
6243-FCNDD,2024-02-12,Paid,2024-03-13,Basic,Monthly,,,6.24,255,28,0,sathvik,India,Rajasthan,Male,1987-06-04 11:31:26,,,,
6687-PFDLF,2021-09-19,Refferal,2022-09-19,Basic,Annual,,,9.41,357,24,0,chanchal,India,Rajasthan,Female,1970-12-25 11:31:26,,,,
3406-CGFMT,2025-11-21,Refferal,2026-11-21,Premium,Annual,,,38.02,1520,46,0,jagvi,India,Maharashtra,Female,1984-09-10 11:31:26,2025-06-14,N,82.0,1.0
4602-JQZDQ,2025-01-01,Paid,2025-01-31,Premium,Monthly,,,88.13,5992,39,0,xavier,India,Maharashtra,Male,1976-05-06 11:31:26,,,,
8853-AZQHV,2025-05-11,Paid,2026-05-11,Standard,Annual,,,12.73,916,15,0,rachit,India,Delhi,Male,2000-08-06 11:31:26,,,,
9871-LNQGZ,2021-01-05,Paid,2022-01-05,Basic,Annual,,,8.7,391,13,0,fariq,India,Maharashtra,Male,1997-09-01 11:31:26,2026-01-21,N,76.0,1.0
5944-URSDA,2021-06-01,Paid,2021-07-01,Standard,Monthly,,,12.78,881,18,0,tamanna,India,Telangana,Female,1959-12-28 11:31:26,2026-05-05,N,55.0,1.0
0015-GIIWJ,2021-08-20,Paid,2021-09-19,Standard,Monthly,2023-08-17,Not enough content,13.01,663,83,1,akshay,India,Telangana,Male,1996-04-26 11:31:26,2026-05-22,N,62.0,2.0
0877-DWADU,2022-01-26,Refferal,2022-02-25,Premium,Monthly,2024-12-10,Poor streaming quality,31.93,1564,88,1,ayush,India,Telangana,Male,1971-09-26 11:31:26,2026-06-23,Y,13.0,2.0
0170-HNKZA,2022-03-19,Organic,2023-03-19,Premium,Annual,,,32.82,2002,43,0,hardik,India,Delhi,Male,1983-12-24 11:31:26,,,,
1496-MLBVR,2023-07-17,Paid,2024-07-16,Premium,Annual,,,36.51,3212,56,0,vincent,India,Telangana,Male,1989-07-01 11:31:26,2025-11-28,N,64.0,2.0
5334-DYAIL,2022-01-11,Organic,2023-01-11,Premium,Annual,2023-07-20,Not enough content,35.72,714,89,1,alexander,Nepal,Kathmandu,Male,1983-11-12 11:31:26,,,,
8324-IFBEI,2024-01-20,Refferal,2025-01-19,Standard,Annual,,,13.42,509,55,0,yash,India,Telangana,Male,1971-07-11 11:31:26,2024-12-28,Y,17.0,1.0
1040-AOFWK,2024-01-05,Paid,2024-02-04,Premium,Monthly,,,61.7,4257,8,0,vritti,India,Meghalaya,Female,1961-12-11 11:31:26,2025-05-03,N,65.0,1.0
6636-SZOKN,2025-06-15,Refferal,2025-07-15,Standard,Monthly,,,14.25,213,9,0,finn,Nepal,Kathmandu,Male,1983-11-04 11:31:26,,,,
8447-ITTAP,2024-12-10,Organic,2025-01-09,Standard,Monthly,,,14.24,911,50,0,kai,India,Maharashtra,Male,1959-06-26 11:31:26,,,,
1484-PPUDX,2022-04-11,Organic,2023-04-11,Standard,Annual,,,16.56,1308,30,0,chandani,India,Maharashtra,Female,1986-11-01 11:31:26,,,,
8068-BAAIY,2020-12-03,Organic,2021-01-02,Standard,Monthly,,,16.5,412,12,0,sanya,India,Delhi,Female,2006-10-16 11:31:26,,,,
3604-FDTHJ,2025-07-25,Paid,2026-07-25,Basic,Annual,,,7.87,503,12,0,hredhaan,Nepal,Kathmandu,Male,1961-05-14 11:31:26,,,,
4176-OKCRX,2024-07-14,Organic,2025-07-14,Basic,Annual,2024-11-18,Switched to competitor,7.71,655,83,1,jeevika,Nepal,Kathmandu,Female,1977-04-12 11:31:26,2025-03-05,N,57.0,1.0
2158-WSUWP,2023-08-03,Paid,2023-09-02,Basic,Monthly,2025-03-22,Not enough content,6.23,436,87,1,samarth,India,Maharashtra,Male,1988-09-23 11:31:26,,,,
8272-SZVVW,2023-05-13,Refferal,2024-05-12,Standard,Annual,,,11.28,913,10,0,aarna,India,Telangana,Female,1961-01-11 11:31:26,2024-11-25,Y,32.0,1.0
0218-GTUVW,2024-02-04,Refferal,2024-03-05,Premium,Monthly,,,37.76,2492,3,0,gabriel,India,Uttar Pradesh,Male,1979-09-18 11:31:26,,,,
5446-VXAVS,2021-12-03,Paid,2022-01-02,Standard,Monthly,2023-09-03,Too expensive,12.54,213,79,1,aarna,India,Telangana,Female,1976-06-18 11:31:26,,,,
7443-YZLLI,2024-09-25,Refferal,2024-10-25,Standard,Monthly,,,16.62,1362,65,0,niharika,India,Meghalaya,Female,1991-09-22 11:31:26,,,,
2022-MHSXI,2023-01-27,Paid,2024-01-27,Basic,Annual,,,8.15,440,41,0,laksh,Nepal,Kathmandu,Male,1996-09-12 11:31:26,,,,
4424-VKOXZ,2025-07-14,Organic,2025-08-13,Standard,Monthly,,,11.94,931,63,0,raghav,India,Maharashtra,Male,1989-11-04 11:31:26,2025-07-22,N,70.0,1.0
2937-YIITV,2023-04-28,Paid,2023-05-28,Standard,Monthly,,,14.75,840,15,0,janani,India,Meghalaya,Female,1962-04-18 11:31:26,,,,
3087-SNJKI,2025-05-18,Refferal,2025-06-17,Standard,Monthly,2025-10-12,Too expensive,11.87,332,95,1,yoshita,Nepal,Kathmandu,Female,1978-06-01 11:31:26,,,,
1230-HAXYM,2023-12-31,Refferal,2024-12-30,Basic,Annual,,,6.17,425,62,0,sneha,India,Nagaland,Female,1998-06-16 11:31:26,,,,
3736-CMYWX,2023-07-31,Paid,2023-08-30,Basic,Monthly,,,8.07,338,46,0,aarini,India,Maharashtra,Female,2007-07-17 11:31:26,2025-12-18,N,68.0,1.0
5682-WKTHN,2023-11-13,Paid,2023-12-13,Standard,Monthly,,,11.69,1005,51,0,ridhi,India,Uttar Pradesh,Female,1970-01-23 11:31:26,2025-10-29,Y,17.0,1.0
5988-FTEZE,2022-05-09,Organic,2022-06-08,Standard,Monthly,,,15.23,472,6,0,lohit,Nepal,Kathmandu,Male,1990-09-04 11:31:26,,,,
5134-FRVSK,2023-05-29,Paid,2024-05-28,Standard,Annual,,,16.38,786,17,0,darika,India,Rajasthan,Female,1968-11-29 11:31:26,2025-04-23,Y,22.0,2.0
9789-JHSIY,2025-08-04,Refferal,2026-08-04,Standard,Annual,,,14.47,1070,4,0,nicholas,India,Uttar Pradesh,Male,1967-09-04 11:31:26,2026-01-22,Y,29.0,2.0
5968-TOJOK,2021-09-20,Organic,2021-10-20,Basic,Monthly,2023-03-11,Too expensive,6.45,470,83,1,neha,India,Karnataka,Female,1999-05-28 11:31:26,,,,
3597-NMHWY,2025-10-23,Refferal,2025-11-22,Premium,Monthly,,,69.42,5692,16,0,jai,India,Delhi,Male,1985-07-12 11:31:26,,,,
9102-MLSMA,2024-06-08,Organic,2024-07-08,Standard,Monthly,2024-12-25,Forgot to cancel trial,16.12,499,73,1,tamanna,India,Telangana,Female,1988-05-18 11:31:26,,,,
3482-WNWNM,2024-10-13,Refferal,2024-11-12,Basic,Monthly,,,8.57,308,45,0,ekaraj,India,Delhi,Male,1976-01-08 11:31:26,,,,
6591-KZAHJ,2026-05-16,Refferal,2027-05-16,Basic,Annual,,,8.24,444,65,0,yadavi,India,Meghalaya,Female,1980-06-05 11:31:26,,,,
7094-JEGDW,2025-11-07,Refferal,2025-12-07,Basic,Monthly,,,6.37,566,25,0,leela,India,Karnataka,Female,1958-05-22 11:31:26,,,,
9051-USOGB,2022-11-14,Paid,2023-11-14,Premium,Annual,,,54.65,4098,34,0,samaksh,India,Nagaland,Male,1975-05-26 11:31:26,2024-09-15,N,77.0,1.0
5056-CGPPF,2022-08-11,Refferal,2023-08-11,Basic,Annual,,,9.39,178,9,0,girish,India,Meghalaya,Male,2000-10-08 11:31:26,2026-01-24,Y,19.0,1.0
0003-IEFZM,2025-11-06,Organic,2025-12-06,Premium,Monthly,,,19.38,1705,64,0,wazir,India,Maharashtra,Male,2003-10-01 11:31:26,2025-12-25,N,83.0,2.0
9376-JRKEA,2025-06-21,Refferal,2025-07-21,Premium,Monthly,,,47.01,2303,61,0,harinakshi,India,Delhi,Female,1997-10-13 11:31:26,2026-05-23,Y,37.0,2.0
2571-TMADI,2023-05-06,Paid,2023-06-05,Basic,Monthly,,,8.33,708,47,0,chasmum,India,Uttar Pradesh,Female,1975-02-18 11:31:26,,,,
9016-KBYNR,2024-10-21,Refferal,2025-10-21,Standard,Annual,,,15.17,758,20,0,leela,India,Telangana,Female,1999-08-24 11:31:26,,,,
0836-EFMVR,2026-01-30,Paid,2026-03-01,Premium,Monthly,,,79.43,1985,25,0,hemani,India,Rajasthan,Female,1980-05-10 11:31:26,2026-06-09,N,67.0,1.0
4140-WQSDA,2021-11-30,Paid,2021-12-30,Premium,Monthly,2022-02-08,Too expensive,83.88,5955,95,1,chanchal,India,Delhi,Female,1957-03-09 11:31:26,,,,
4581-OYUMA,2024-11-30,Paid,2025-11-30,Standard,Annual,,,15.43,277,33,0,isaac,India,Rajasthan,Male,1973-08-06 11:31:26,2025-04-02,N,67.0,1.0
0021-SKEZG,2022-10-10,Paid,2023-10-10,Standard,Annual,2025-03-17,Not enough content,12.74,828,97,1,noah,India,Delhi,Male,2003-01-10 11:31:26,2025-10-23,Y,37.0,1.0
7957-FUQGI,2025-07-13,Paid,2026-07-13,Standard,Annual,,,15.82,885,10,0,vedika,India,Meghalaya,Female,1962-12-13 11:31:26,2026-05-16,N,80.0,2.0
3216-ZWACG,2023-05-09,Organic,2023-06-08,Basic,Monthly,,,8.66,580,5,0,balendra,India,Rajasthan,Male,1999-02-16 11:31:26,2025-01-10,N,83.0,1.0
7089-TBCVS,2025-08-16,Refferal,2026-08-16,Standard,Annual,,,12.12,1090,36,0,dipta,India,Delhi,Female,1978-02-21 11:31:26,,,,
1678-SZXGK,2023-09-07,Organic,2024-09-06,Premium,Annual,2026-02-13,Not enough content,66.08,1321,85,1,sai,Nepal,Kathmandu,Female,1957-09-26 11:31:26,2025-06-18,Y,27.0,1.0
4937-LSNFA,2021-06-05,Paid,2021-07-05,Basic,Monthly,,,9.5,760,6,0,forum,India,Rajasthan,Female,1995-07-09 11:31:26,,,,
3098-DLWNU,2022-08-10,Paid,2022-09-09,Basic,Monthly,,,9.78,831,38,0,harish,India,Meghalaya,Male,1964-02-09 11:31:26,,,,
5168-ZPAZZ,2021-06-17,Refferal,2021-07-17,Premium,Monthly,2022-03-25,Forgot to cancel trial,33.49,2210,82,1,veer,India,Rajasthan,Male,1987-05-24 11:31:26,2026-05-13,N,60.0,1.0
5869-WKGAG,2025-02-11,Paid,2026-02-11,Standard,Annual,,,11.97,718,16,0,hemangini,India,Karnataka,Female,1981-05-17 11:31:26,2025-11-25,Y,31.0,2.0
2294-STSJN,2022-06-10,Organic,2023-06-10,Standard,Annual,,,12.72,763,31,0,hema,India,Karnataka,Female,1959-08-10 11:31:26,,,,
7953-PXPNT,2020-08-30,Refferal,2020-09-29,Premium,Monthly,,,75.34,3767,57,0,ayush,India,Rajasthan,Male,1966-02-07 11:31:26,2025-03-08,N,82.0,1.0
5936-JMKNN,2023-12-14,Paid,2024-01-13,Basic,Monthly,2025-05-25,Poor streaming quality,8.47,542,73,1,hamsini,India,Rajasthan,Female,1978-07-19 11:31:26,,,,
5547-ASHOP,2023-06-15,Paid,2024-06-14,Standard,Annual,,,16.49,1104,41,0,gauri,India,Rajasthan,Female,2002-06-24 11:31:26,,,,
5679-UPUYJ,2021-05-19,Paid,2022-05-19,Basic,Annual,,,7.8,483,39,0,chanchal,India,Maharashtra,Female,1968-09-19 11:31:26,,,,
6061-HSDND,2024-04-12,Refferal,2024-05-12,Standard,Monthly,,,13.18,711,39,0,urishilla,India,Nagaland,Female,1998-11-05 11:31:26,,,,
6816-MGSXL,2023-02-07,Paid,2024-02-07,Standard,Annual,,,12.0,204,27,0,tamanna,India,Rajasthan,Female,2000-07-08 11:31:26,2025-08-04,N,59.0,2.0
1028-YVYSF,2024-11-02,Refferal,2024-12-02,Premium,Monthly,,,90.25,6317,54,0,harish,India,Maharashtra,Male,1982-01-25 11:31:26,2026-07-16,N,63.0,1.0
7924-SWKNO,2024-12-27,Refferal,2025-01-26,Standard,Monthly,,,11.52,990,23,0,naveen,India,Maharashtra,Male,,,,,
1531-QPPFO,2021-09-25,Organic,2022-09-25,Premium,Annual,2023-11-03,Not enough content,66.46,5649,76,1,zilmil,India,Nagaland,Female,1994-05-22 11:31:26,,,,
1521-CVEEH,2024-03-29,Organic,2024-04-28,Premium,Monthly,,,84.7,6860,13,0,aahana,India,Nagaland,Female,2007-11-19 11:31:26,,,,
1028-OPNHY,2021-12-09,Organic,2022-12-09,Standard,Annual,,,11.04,287,14,0,kritika,India,Telangana,Female,1995-06-20 11:31:26,2026-05-24,N,68.0,1.0
2439-SKHAM,2021-05-18,Paid,2022-05-18,Standard,Annual,,,15.15,802,20,0,nimrat,India,Delhi,Female,1995-08-19 11:31:26,,,,
2765-INRHY,2023-07-14,Refferal,2024-07-13,Premium,Annual,,,18.76,1669,51,0,rehaan,India,Rajasthan,Male,1986-01-10 11:31:26,2025-04-01,N,74.0,1.0
9652-KKZNY,2025-05-17,Paid,2026-05-17,Basic,Annual,,,8.57,274,14,0,bhavini,India,Delhi,Female,2008-05-30 11:31:26,,,,
3711-MFSUB,2026-02-02,Paid,2026-03-04,Standard,Monthly,2026-05-26,Not enough content,16.56,1192,91,1,neha,India,Nagaland,Female,2000-10-26 11:31:26,2025-09-05,N,74.0,2.0
0034-BJBTX,2023-02-17,Refferal,2024-02-17,Standard,Annual,,,13.46,524,59,0,om,India,Telangana,Male,1979-08-09 11:31:26,2026-01-05,Y,19.0,1.0
8357-LGSWD,2022-08-10,Paid,2023-08-10,Premium,Annual,,,25.59,2175,23,0,ekani,India,Karnataka,Female,2004-01-11 11:31:26,2026-06-10,Y,16.0,1.0
3044-SNYXK,2024-12-13,Refferal,2025-01-12,Premium,Monthly,,,87.0,2088,50,0,rachita,Nepal,Kathmandu,Female,1960-12-16 11:31:26,,,,
0708-ADPNJ,2026-02-01,Refferal,2026-03-03,Standard,Monthly,,,12.07,350,54,0,gayathri,Nepal,Kathmandu,Female,1993-02-23 11:31:26,2026-06-23,N,62.0,1.0
0102-QMXSD,2020-09-30,Paid,2021-09-30,Basic,Annual,,,9.28,417,64,0,tamanna,India,Delhi,Female,1969-03-29 11:31:26,,,,
0716-HCDHU,2024-10-26,Paid,2025-10-26,Premium,Annual,2026-02-17,Not enough content,56.25,3206,80,1,isaac,India,Rajasthan,Male,1960-07-25 11:31:26,2024-11-24,Y,11.0,1.0
6638-QMBLI,2024-01-11,Paid,2024-02-10,Basic,Monthly,2025-07-14,Switched to competitor,9.08,581,84,1,advay,India,Rajasthan,Male,1995-11-10 11:31:26,,,,
9811-FEGUE,2021-05-06,Paid,2022-05-06,Standard,Annual,,,16.21,1150,40,0,frado,India,Nagaland,Male,1989-12-07 11:31:26,2026-01-22,Y,26.0,1.0
2423-HKGTU,2022-10-17,Paid,2022-11-16,Standard,Monthly,2024-08-09,Switched to competitor,15.25,320,89,1,anjali,India,Karnataka,Female,1969-06-27 11:31:26,2025-12-02,N,65.0,1.0
6826-FGISJ,2024-01-20,Refferal,2024-02-19,Premium,Monthly,2026-04-19,Poor streaming quality,51.66,826,96,1,arjun,India,Maharashtra,Male,2005-02-26 11:31:26,,,,
4416-LCESW,2024-06-11,Organic,2025-06-11,Premium,Annual,,,57.68,3576,5,0,arunima,India,Nagaland,Female,2007-05-30 11:31:26,2025-12-11,N,65.0,1.0
9220-GTBBJ,2020-11-30,Paid,2020-12-30,Basic,Monthly,2022-05-26,Not enough content,7.49,149,82,1,aishani,India,Karnataka,Female,2005-11-13 11:31:26,2024-11-13,N,72.0,1.0
5473-OYJAM,2022-10-28,Organic,2022-11-27,Standard,Monthly,2023-06-26,Forgot to cancel trial,11.87,415,83,1,tristan,Nepal,Kathmandu,Male,1980-02-06 11:31:26,2025-09-25,N,90.0,1.0
1062-DLWAD,2024-09-02,Paid,2025-09-02,Basic,Annual,2025-04-06,Too expensive,6.26,488,92,1,warjas,Nepal,Kathmandu,Male,1956-12-22 11:31:26,2025-01-18,Y,39.0,1.0
8583-MVWUC,2022-05-15,Organic,2023-05-15,Premium,Annual,,,48.08,3461,15,0,aarna,India,Telangana,Female,1965-09-16 11:31:26,,,,
9742-JSOCP,2024-06-12,Paid,2025-06-12,Premium,Annual,,,52.46,1941,25,0,daksha,India,Karnataka,Female,1989-09-26 11:31:26,2025-03-06,Y,24.0,1.0
8600-KMJDD,2023-01-17,Organic,2023-02-16,Basic,Monthly,,,8.66,467,16,0,ekantika,India,Meghalaya,Female,1981-12-31 11:31:26,,,,
6108-KPMDJ,2023-07-31,Refferal,2024-07-30,Basic,Annual,,,6.44,573,39,0,charles,India,Nagaland,Male,1990-10-10 11:31:26,2025-11-15,N,63.0,1.0
4019-TMFIK,2021-04-17,Refferal,2021-05-17,Standard,Monthly,,,15.04,706,33,0,lohit,India,Uttar Pradesh,Male,1977-10-22 11:31:26,,,,
1863-EEPRF,2023-07-02,Paid,2023-08-01,Premium,Monthly,2024-11-28,Forgot to cancel trial,50.35,2517,91,1,damyanti,India,Nagaland,Female,1971-07-05 11:31:26,,,,
7198-JTQIZ,2025-02-09,Refferal,2026-02-09,Standard,Annual,2026-07-23,Switched to competitor,12.8,294,92,1,irya,India,Uttar Pradesh,Female,2007-02-26 11:31:26,2026-04-20,N,59.0,1.0
7527-EQNTE,2022-09-11,Paid,2022-10-11,Premium,Monthly,,,46.31,694,54,0,isha,India,Uttar Pradesh,Female,1994-02-28 11:31:26,,,,
5167-IKTFX,2022-05-03,Paid,2023-05-03,Premium,Annual,,,64.66,2198,10,0,samarth,India,Karnataka,Male,,,,,
0022-CNBOQ,2023-10-16,Paid,2023-11-15,Basic,Monthly,,,7.27,174,9,0,anmol,India,Karnataka,Male,1970-08-25 11:31:26,2026-06-17,Y,16.0,1.0
6052-KQWVH,2022-07-16,Organic,2023-07-16,Basic,Annual,2024-10-05,Forgot to cancel trial,9.31,335,74,1,wridesh,Nepal,Kathmandu,Male,1986-09-06 11:31:26,,,,
9332-HMWTG,2020-09-16,Paid,2020-10-16,Standard,Monthly,,,11.29,925,57,0,aarav,India,Telangana,Male,1987-03-28 11:31:26,,,,
0843-LZJKI,2025-11-07,Paid,2026-11-07,Premium,Annual,,,46.71,3269,19,0,chanchal,India,Karnataka,Female,1956-09-22 11:31:26,,,,
1407-NYIDF,2021-06-30,Organic,2021-07-30,Premium,Monthly,,,83.94,2266,45,0,yatin,India,Maharashtra,Male,1987-03-28 11:31:26,2024-10-25,Y,11.0,1.0
2911-THECP,2024-10-18,Organic,2025-10-18,Standard,Annual,,,14.07,1238,40,0,baljiwan,India,Meghalaya,Male,1980-12-09 11:31:26,2024-11-03,N,76.0,1.0
0093-XVVAL,2024-05-05,Paid,2024-06-04,Premium,Monthly,2024-11-27,Forgot to cancel trial,58.77,1763,77,1,lavanya,India,Meghalaya,Female,1995-10-15 11:31:26,,,,
7488-XIPCK,2026-04-28,Paid,2027-04-28,Basic,Annual,2026-05-30,Too expensive,6.38,178,81,1,vasatika,Nepal,Kathmandu,Female,1984-10-19 11:31:26,2025-07-26,N,50.0,2.0
2417-WWXKY,2025-04-24,Organic,2026-04-24,Basic,Annual,,,7.0,140,55,0,daksha,India,Nagaland,Female,,2026-05-21,N,58.0,1.0
3242-QQRPN,2022-09-16,Organic,2023-09-16,Premium,Annual,,,82.73,4798,14,0,mohini,India,Telangana,Female,1998-10-31 11:31:26,,,,
0848-AVSWJ,2023-02-01,Refferal,2024-02-01,Premium,Annual,,,39.69,3294,40,0,nirja,India,Uttar Pradesh,Female,1969-08-30 11:31:26,,,,
9724-EZLST,2021-03-08,Organic,2022-03-08,Premium,Annual,2022-02-26,Poor streaming quality,32.29,2744,90,1,devika,India,Rajasthan,Female,1976-05-19 11:31:26,2026-02-26,N,52.0,1.0
3805-JXUGN,2020-09-10,Paid,2021-09-10,Standard,Annual,2020-10-09,Poor streaming quality,12.86,192,85,1,aradhana,India,Karnataka,Female,1994-12-09 11:31:26,,,,
0100-SOUHH,2024-06-14,Paid,2024-07-14,Basic,Monthly,,,6.94,617,25,0,ekapad,India,Telangana,Male,1987-10-10 11:31:26,2025-05-09,Y,15.0,2.0
6074-PIFVE,2026-02-16,Refferal,2027-02-16,Premium,Annual,,,87.28,6807,22,0,theodore,India,Karnataka,Male,1965-04-28 11:31:26,2025-03-05,N,77.0,1.0
5824-TAWTG,2022-10-12,Paid,2022-11-11,Basic,Monthly,,,9.46,378,59,0,chakradhar,India,Delhi,Male,1980-02-01 11:31:26,,,,
2826-FVCNL,2021-09-09,Paid,2022-09-09,Standard,Annual,2023-07-05,Forgot to cancel trial,15.92,1098,77,1,onveer,India,Nagaland,Male,1984-03-31 11:31:26,,,,
8159-XFCPY,2022-12-09,Paid,2023-01-08,Basic,Monthly,2023-02-15,Switched to competitor,9.12,410,96,1,suhani,India,Maharashtra,Female,2001-11-21 11:31:26,,,,
1565-NASHY,2022-03-14,Paid,2023-03-14,Premium,Annual,,,28.09,1938,43,0,vedant,India,Maharashtra,Male,2001-08-13 11:31:26,,,,
8731-LUETH,2024-08-08,Paid,2025-08-08,Standard,Annual,2024-10-06,Poor streaming quality,15.34,935,72,1,reyansh,India,Maharashtra,Male,1968-03-15 11:31:26,,,,
0340-HKBQC,2025-03-27,Organic,2026-03-27,Basic,Annual,2026-08-15,Not enough content,8.73,602,94,1,waida,India,Rajasthan,Female,1997-07-11 11:31:26,,,,
7606-DCJUS,2021-04-15,Paid,2022-04-15,Standard,Annual,2022-07-10,Forgot to cancel trial,13.99,1161,72,1,geetika,India,Uttar Pradesh,Female,1997-05-31 11:31:26,,,,
9400-FLQEH,2026-04-13,Paid,2026-05-13,Basic,Monthly,,,8.57,368,20,0,ayushman,India,Rajasthan,Male,1979-05-18 11:31:26,2026-04-30,N,81.0,1.0
9482-RUSBQ,2023-01-11,Organic,2023-02-10,Premium,Monthly,,,42.39,805,26,0,damini,India,Uttar Pradesh,Female,2002-06-10 11:31:26,,,,
5008-PTPLR,2025-04-01,Organic,2026-04-01,Premium,Annual,,,90.26,6588,38,0,wyatt,India,Telangana,Male,1984-11-09 11:31:26,,,,
3045-BXJQS,2021-09-05,Paid,2021-10-05,Premium,Monthly,,,53.09,4406,65,0,theodore,India,Meghalaya,Male,1959-12-02 11:31:26,,,,
2699-QXDZC,2025-02-12,Paid,2026-02-12,Basic,Annual,2026-04-15,Switched to competitor,6.26,444,81,1,sachi,Nepal,Kathmandu,Female,1957-07-04 11:31:26,,,,
8805-SXHYA,2025-08-06,Organic,2025-09-05,Standard,Monthly,,,12.74,280,47,0,akshay,India,Telangana,Male,1964-01-11 11:31:26,2026-05-26,N,57.0,1.0
1924-NMAGI,2023-06-01,Paid,2023-07-01,Basic,Monthly,,,8.26,388,41,0,dhruv,India,Meghalaya,Male,1959-04-21 11:31:26,,,,
0980-TQBUF,2021-04-15,Organic,2022-04-15,Standard,Annual,,,13.79,386,62,0,widisha,Nepal,Kathmandu,Female,2001-07-24 11:31:26,,,,
3139-BNTHD,2023-03-04,Paid,2024-03-03,Standard,Annual,2024-07-26,Poor streaming quality,15.89,778,76,1,tripti,India,Rajasthan,Female,1990-01-09 11:31:26,,,,
2532-JJRHZ,2022-02-21,Refferal,2023-02-21,Standard,Annual,2022-05-02,Too expensive,13.01,234,82,1,azad,India,Rajasthan,Male,1969-01-27 11:31:26,2025-04-07,N,87.0,1.0
0541-JDBRG,2025-01-18,Refferal,2026-01-18,Standard,Annual,,,15.64,437,64,0,zaitra,India,Uttar Pradesh,Female,1978-08-10 11:31:26,,,,
9353-SITKS,2026-04-05,Organic,2026-05-05,Premium,Monthly,,,27.53,2284,9,0,isaac,India,Rajasthan,Male,1996-01-13 11:31:26,2025-12-23,N,69.0,1.0
2997-UDJJF,2023-08-16,Paid,2024-08-15,Basic,Annual,,,7.97,637,8,0,omkaar,India,Nagaland,Male,1986-08-02 11:31:26,,,,
7390-VJUVX,2023-02-15,Paid,2024-02-15,Basic,Annual,2023-06-18,Switched to competitor,6.97,487,70,1,charvi,India,Uttar Pradesh,Female,1999-12-20 11:31:26,2026-02-03,N,58.0,1.0
8951-LYRJJ,2022-08-17,Organic,2023-08-17,Standard,Annual,,,11.59,544,4,0,warda,India,Nagaland,Female,2007-02-24 11:31:26,,,,
5905-GZTPB,2021-06-29,Organic,2021-07-29,Premium,Monthly,,,88.35,4594,15,0,reyansh,India,Nagaland,Male,1979-05-17 11:31:26,2026-04-17,Y,14.0,1.0
3786-TZUHR,2020-09-14,Organic,2021-09-14,Premium,Annual,,,76.97,6696,29,0,avi,India,Meghalaya,Male,1970-07-21 11:31:26,,,,
5507-YHSXS,2023-07-18,Paid,2024-07-17,Basic,Annual,2024-11-12,Too expensive,9.19,303,99,1,farhan,India,Karnataka,Male,1974-01-02 11:31:26,,,,
0387-EPFWX,2025-07-14,Refferal,2025-08-13,Premium,Monthly,2025-10-20,Forgot to cancel trial,47.2,2973,77,1,wahab,India,Telangana,Male,1980-12-18 11:31:26,,,,
2011-ZJYSU,2021-01-25,Organic,2021-02-24,Basic,Monthly,,,9.9,673,34,0,gayathri,India,Maharashtra,Female,1982-11-17 11:31:26,,,,
4471-EQIGX,2022-06-25,Paid,2022-07-25,Premium,Monthly,2022-10-02,Switched to competitor,32.02,1024,82,1,yatan,India,Uttar Pradesh,Male,1968-08-20 11:31:26,2025-04-19,Y,18.0,1.0
4118-YSKWR,2020-12-04,Refferal,2021-01-03,Standard,Monthly,,,12.08,277,38,0,liam,India,Rajasthan,Male,2001-04-01 11:31:26,,,,
0496-ROJMF,2023-10-21,Refferal,2024-10-20,Standard,Annual,,,12.86,450,46,0,isaac,India,Nagaland,Male,1968-05-13 11:31:26,,,,
6113-PVSNK,2022-12-15,Organic,2023-01-14,Basic,Monthly,,,6.47,323,25,0,saanvi,India,Maharashtra,Female,,2025-02-08,N,70.0,1.0
0619-DFVVX,2023-03-11,Refferal,2023-04-10,Standard,Monthly,,,15.9,1113,58,0,victor,India,Uttar Pradesh,Male,1967-01-01 11:31:26,2025-10-13,N,79.0,1.0
2773-YTDFA,2025-07-24,Paid,2025-08-23,Standard,Monthly,,,16.94,457,22,0,chanchal,India,Telangana,Female,1988-01-18 11:31:26,2025-07-13,N,78.0,1.0
4064-KQRDE,2026-04-11,Paid,2027-04-11,Basic,Annual,,,7.29,349,61,0,daniel,India,Karnataka,Male,1968-09-26 11:31:26,2026-02-16,N,66.0,1.0
4847-PFOHL,2021-03-24,Organic,2021-04-23,Premium,Monthly,,,56.3,3434,37,0,aditya,India,Telangana,Male,1959-09-11 11:31:26,2025-06-18,Y,34.0,1.0
6476-QYLDL,2025-05-21,Paid,2025-06-20,Standard,Monthly,,,11.95,346,30,0,aachal,Nepal,Kathmandu,Female,1997-01-22 11:31:26,,,,
5838-RPZYG,2025-10-03,Paid,2026-10-03,Standard,Annual,,,14.04,1249,14,0,max,India,Maharashtra,Male,1956-12-06 11:31:26,,,,
9658-DBZUY,2024-05-26,Paid,2024-06-25,Basic,Monthly,2025-02-20,Switched to competitor,9.95,179,87,1,ishanvi,India,Delhi,Female,1975-05-18 11:31:26,,,,
7501-RWJPJ,2026-02-06,Organic,2027-02-06,Basic,Annual,,,7.32,490,44,0,vasatika,India,Rajasthan,Female,,,,,
3367-AXGVZ,2025-05-20,Paid,2026-05-20,Premium,Annual,,,92.84,6591,55,0,qabil,India,Nagaland,Male,2002-12-10 11:31:26,,,,
8164-ULAHJ,2025-06-29,Refferal,2026-06-29,Basic,Annual,,,7.94,317,27,0,jasmit,India,Nagaland,Female,1959-07-03 11:31:26,,,,
1350-RQWJN,2023-11-10,Paid,2023-12-10,Standard,Monthly,,,13.24,1085,12,0,noah,India,Karnataka,Male,1999-07-28 11:31:26,2025-11-17,N,54.0,1.0
8012-NWQGS,2024-10-03,Refferal,2024-11-02,Premium,Monthly,,,61.21,2142,10,0,warjas,India,Delhi,Male,1979-11-08 11:31:26,2025-07-17,Y,14.0,2.0
0110-HHNXJ,2025-01-01,Paid,2025-01-31,Standard,Monthly,,,12.88,1133,8,0,chanakya,India,Karnataka,Male,1980-07-17 11:31:26,,,,
6584-RTJQM,2020-08-25,Paid,2021-08-25,Basic,Annual,,,7.91,245,3,0,janya,India,Uttar Pradesh,Female,1992-07-11 11:31:26,,,,
5603-WDLII,2025-05-29,Paid,2026-05-29,Basic,Annual,2025-09-06,Switched to competitor,7.86,550,72,1,peter,India,Maharashtra,Male,2004-11-20 11:31:26,,,,
9076-JBXEV,2023-10-15,Paid,2023-11-14,Basic,Monthly,2024-04-26,Not enough content,7.72,355,71,1,mugdha,India,Telangana,Female,1981-05-31 11:31:26,2025-05-21,Y,28.0,1.0
3916-GACXU,2020-11-25,Paid,2020-12-25,Premium,Monthly,2021-05-12,Not enough content,44.65,1741,83,1,chatresh,India,Telangana,Male,2001-09-13 11:31:26,,,,
4144-JSNIY,2023-06-21,Paid,2023-07-21,Premium,Monthly,,,49.81,2291,45,0,gayathri,Nepal,Kathmandu,Female,1997-08-15 11:31:26,,,,
8890-SOSTL,2021-04-02,Paid,2021-05-02,Basic,Monthly,,,9.09,436,58,0,samarth,India,Delhi,Male,1991-05-31 11:31:26,2025-11-10,N,76.0,1.0
2754-PKXYH,2021-05-01,Paid,2021-05-31,Basic,Monthly,2024-02-22,Switched to competitor,6.35,139,91,1,ijaya,India,Karnataka,Female,1997-09-26 11:31:26,,,,
5125-WTWVE,2021-11-16,Paid,2021-12-16,Premium,Monthly,,,85.42,4612,55,0,ronith,Nepal,Kathmandu,Male,1967-10-30 11:31:26,,,,
4434-KEAKL,2024-10-04,Refferal,2024-11-03,Standard,Monthly,,,12.43,198,18,0,ikshita,India,Nagaland,Female,1988-05-03 11:31:26,2024-11-07,N,88.0,1.0
4650-BHEDH,2020-11-26,Refferal,2020-12-26,Basic,Monthly,,,9.76,849,41,0,sarthak,India,Rajasthan,Male,1981-10-22 11:31:26,,,,
0400-DHHUC,2025-01-28,Refferal,2026-01-28,Basic,Annual,,,9.02,387,34,0,david,India,Uttar Pradesh,Male,2006-09-06 11:31:26,2025-07-16,N,54.0,1.0
7271-JYIIY,2021-05-30,Paid,2021-06-29,Basic,Monthly,,,8.3,307,32,0,zayyan,India,Delhi,Male,1993-02-19 11:31:26,,,,
2274-ZIYCX,2020-08-30,Organic,2021-08-30,Premium,Annual,2023-03-17,Poor streaming quality,42.78,1668,76,1,yahvi,India,Nagaland,Female,1995-11-11 11:31:26,,,,
9256-BDWWF,2023-10-26,Paid,2023-11-25,Premium,Monthly,,,87.0,2175,53,0,arjun,Nepal,Kathmandu,Male,1996-04-21 11:31:26,,,,
6904-YEEVS,2025-06-17,Paid,2026-06-17,Basic,Annual,2025-09-22,Forgot to cancel trial,7.56,514,88,1,upma,India,Rajasthan,Female,,2025-08-09,N,50.0,1.0
7592-QEXLS,2025-02-16,Paid,2026-02-16,Standard,Annual,,,14.6,905,16,0,yashoda,India,Maharashtra,Female,2002-03-13 11:31:26,2026-06-17,Y,11.0,1.0
3468-QDNWQ,2024-11-02,Paid,2025-11-02,Basic,Annual,2026-01-22,Too expensive,8.61,370,75,1,gabriel,India,Rajasthan,Male,1989-11-07 11:31:26,,,,
6202-JUTKW,2021-03-26,Paid,2022-03-26,Standard,Annual,,,16.92,1032,9,0,devansh,India,Karnataka,Male,1993-07-17 11:31:26,,,,
8187-KRJVJ,2023-07-15,Refferal,2023-08-14,Basic,Monthly,,,8.94,232,3,0,naveen,India,Telangana,Male,1977-03-14 11:31:26,,,,
3014-ZDCGJ,2023-01-17,Refferal,2024-01-17,Standard,Annual,2025-09-24,Switched to competitor,13.57,1139,72,1,sanaya,Nepal,Kathmandu,Female,1968-05-22 11:31:26,2025-11-09,Y,27.0,1.0
0264-QFQDX,2022-03-18,Organic,2023-03-18,Standard,Annual,2024-10-31,Poor streaming quality,13.35,1201,95,1,kritika,India,Delhi,Female,1989-10-25 11:31:26,2026-07-26,N,79.0,1.0
3480-RRTKR,2023-03-29,Paid,2023-04-28,Premium,Monthly,,,34.64,3013,43,0,nandini,India,Uttar Pradesh,Female,1984-07-24 11:31:26,2024-11-26,N,72.0,1.0
0268-NIEUL,2024-02-07,Paid,2024-03-08,Basic,Monthly,2026-06-18,Poor streaming quality,7.94,666,96,1,samuel,India,Telangana,Male,1969-10-25 11:31:26,,,,
2713-MBRMF,2022-05-10,Organic,2023-05-10,Standard,Annual,,,15.36,967,58,0,yashvi,India,Meghalaya,Female,1995-04-21 11:31:26,,,,
2765-NOTTS,2024-09-23,Organic,2024-10-23,Premium,Monthly,,,77.71,4740,8,0,naksh,Nepal,Kathmandu,Male,1979-03-03 11:31:26,,,,
6999-QIUFH,2021-10-16,Refferal,2022-10-16,Premium,Annual,,,32.29,1033,44,0,janani,India,Nagaland,Female,1977-10-19 11:31:26,,,,
3333-MMZGZ,2024-08-01,Paid,2025-08-01,Standard,Annual,2025-01-18,Too expensive,14.75,354,99,1,maanav,India,Delhi,Male,1959-03-08 11:31:26,2026-06-25,N,63.0,2.0
2907-CMEDP,2023-07-15,Paid,2024-07-14,Premium,Annual,,,65.66,1050,3,0,gaurav,India,Karnataka,Male,1987-11-17 11:31:26,,,,
1723-RQTCM,2024-09-20,Refferal,2024-10-20,Standard,Monthly,,,16.17,1002,61,0,ojasvi,India,Nagaland,Female,1972-04-24 11:31:26,2026-02-28,N,77.0,1.0
1860-MQXRL,2023-12-27,Paid,2024-01-26,Premium,Monthly,,,82.57,4211,43,0,wriddhish,India,Delhi,Male,1979-07-09 11:31:26,,,,
1868-EFCRA,2024-07-06,Paid,2025-07-06,Premium,Annual,,,46.82,936,59,0,sathvik,India,Nagaland,Male,1963-07-06 11:31:26,2026-06-05,Y,24.0,1.0
4753-EYTEK,2025-09-06,Organic,2026-09-06,Premium,Annual,,,48.85,1807,23,0,luke,India,Karnataka,Male,2002-01-15 11:31:26,2025-06-25,N,66.0,1.0
7082-LUEBO,2023-08-23,Refferal,2024-08-22,Premium,Annual,,,39.07,703,31,0,abeer,India,Rajasthan,Male,1958-10-06 11:31:26,2024-09-08,N,82.0,1.0
8974-HYLGM,2020-12-10,Paid,2021-12-10,Standard,Annual,,,12.75,561,23,0,elijah,India,Uttar Pradesh,Male,1957-04-23 11:31:26,2025-03-04,Y,30.0,2.0
7253-GSOOD,2026-04-17,Refferal,2027-04-17,Premium,Annual,2026-07-20,Forgot to cancel trial,32.65,653,81,1,faris,India,Delhi,Male,1966-05-15 11:31:26,2026-01-02,N,54.0,1.0
7685-QVWMC,2025-06-18,Organic,2025-07-18,Premium,Monthly,2026-08-09,Not enough content,89.4,1966,84,1,elijah,India,Telangana,Male,1988-03-26 11:31:26,,,,
9898-AQOCG,2021-10-23,Organic,2021-11-22,Premium,Monthly,,,55.48,3772,60,0,manbir,Nepal,Kathmandu,Male,1965-08-22 11:31:26,2025-09-20,Y,28.0,2.0
2511-ULHBX,2021-03-24,Organic,2021-04-23,Basic,Monthly,2023-11-06,Too expensive,7.21,403,97,1,upkaar,India,Maharashtra,Male,1970-05-17 11:31:26,2026-05-17,N,72.0,1.0
2991-NNOUJ,2024-11-27,Organic,2024-12-27,Premium,Monthly,2025-08-17,Forgot to cancel trial,30.25,2389,82,1,jasmit,India,Uttar Pradesh,Female,1973-09-30 11:31:26,,,,
3202-SUIJN,2022-01-01,Paid,2022-01-31,Premium,Monthly,,,63.2,4613,28,0,saumya,India,Nagaland,Female,1977-07-19 11:31:26,2026-03-27,N,65.0,2.0
0048-YQBCL,2024-08-15,Organic,2024-09-14,Basic,Monthly,2025-02-21,Forgot to cancel trial,6.7,576,83,1,maanas,India,Karnataka,Male,1968-08-20 11:31:26,2024-09-24,N,52.0,1.0
4363-JUDXQ,2022-11-12,Paid,2023-11-12,Standard,Annual,2023-05-11,Forgot to cancel trial,14.4,1195,92,1,rayaan,India,Meghalaya,Male,1964-03-24 11:31:26,2026-08-04,Y,21.0,2.0
1822-DXHMP,2026-03-11,Refferal,2026-04-10,Standard,Monthly,,,16.43,1018,51,0,naksh,Nepal,Kathmandu,Male,2001-08-23 11:31:26,,,,
1937-JWBID,2020-09-17,Organic,2020-10-17,Basic,Monthly,,,6.18,531,13,0,avni,India,Karnataka,Female,1976-06-11 11:31:26,2025-02-20,N,51.0,1.0
1503-DKHYT,2025-05-29,Refferal,2026-05-29,Standard,Annual,,,13.48,1213,27,0,timothy,India,Telangana,Male,1984-05-14 11:31:26,2026-06-18,N,88.0,1.0
3970-TXPWD,2024-12-23,Organic,2025-12-23,Premium,Annual,2025-06-24,Not enough content,44.24,663,74,1,raksha,India,Uttar Pradesh,Female,1960-01-02 11:31:26,,,,
3129-CBXTE,2025-02-05,Refferal,2026-02-05,Premium,Annual,,,84.63,7193,21,0,indira,Nepal,Kathmandu,Female,2002-07-27 11:31:26,2026-07-26,N,75.0,1.0
9904-VTLWE,2023-03-21,Refferal,2023-04-20,Premium,Monthly,,,36.49,839,48,0,manan,Nepal,Kathmandu,Male,1980-11-18 11:31:26,,,,
9483-JNYIP,2021-09-17,Organic,2022-09-17,Premium,Annual,2024-06-06,Forgot to cancel trial,62.47,4685,91,1,bishakha,India,Rajasthan,Female,1995-11-16 11:31:26,,,,
8759-WFLAI,2024-11-11,Organic,2025-11-11,Premium,Annual,,,91.13,1640,58,0,harini,India,Nagaland,Female,2004-09-22 11:31:26,2024-11-16,N,76.0,1.0
6276-LAQFH,2023-02-06,Refferal,2023-03-08,Standard,Monthly,,,13.33,679,61,0,anmol,India,Maharashtra,Male,1985-12-28 11:31:26,2025-10-01,N,67.0,1.0
4806-BJUQI,2021-07-24,Refferal,2021-08-23,Premium,Monthly,,,85.08,4764,32,0,eiravati,India,Meghalaya,Female,1998-11-28 11:31:26,,,,
7960-WGVUJ,2020-09-01,Paid,2021-09-01,Basic,Annual,,,9.37,524,52,0,joshua,Nepal,Kathmandu,Male,1986-05-18 11:31:26,2025-07-27,N,90.0,1.0
4485-OTZIE,2020-11-12,Paid,2021-11-12,Standard,Annual,,,11.22,291,24,0,garima,India,Meghalaya,Female,2007-04-06 11:31:26,,,,
1345-YHKTM,2024-01-26,Paid,2025-01-25,Standard,Annual,2026-02-19,Poor streaming quality,14.68,528,70,1,neel,India,Rajasthan,Male,1974-10-13 11:31:26,2026-03-09,Y,22.0,1.0
3350-GKBPN,2023-06-17,Refferal,2023-07-17,Premium,Monthly,,,39.5,3002,8,0,nidhi,India,Delhi,Female,1988-01-10 11:31:26,,,,
6301-BGZTR,2021-01-21,Organic,2022-01-21,Standard,Annual,,,12.07,482,8,0,praneel,India,Meghalaya,Male,2004-02-27 11:31:26,2026-01-20,N,60.0,2.0
6807-MZYML,2023-08-19,Paid,2023-09-18,Standard,Monthly,2025-07-11,Not enough content,12.49,499,81,1,george,India,Telangana,Male,1997-08-10 11:31:26,,,,
1819-CBJFI,2021-07-21,Paid,2021-08-20,Premium,Monthly,,,23.23,1347,50,0,zayyan,India,Delhi,Male,1979-01-26 11:31:26,,,,
7610-AJADU,2021-03-02,Paid,2021-04-01,Standard,Monthly,,,16.59,846,38,0,saksham,India,Karnataka,Male,1967-10-01 11:31:26,,,,
4177-RLWXL,2025-09-19,Paid,2025-10-19,Standard,Monthly,,,15.43,632,32,0,indrajit,India,Maharashtra,Male,1986-01-15 11:31:26,,,,
1829-EONNT,2022-07-17,Paid,2022-08-16,Standard,Monthly,2024-10-15,Not enough content,15.23,807,83,1,oni,India,Meghalaya,Female,1988-10-28 11:31:26,2025-03-23,Y,28.0,1.0
4224-BJHEW,2023-05-15,Paid,2023-06-14,Premium,Monthly,,,54.6,1638,60,0,zilmil,India,Uttar Pradesh,Female,1986-04-25 11:31:26,,,,
6156-LBYRF,2021-04-18,Paid,2021-05-18,Premium,Monthly,2024-02-11,Too expensive,52.6,2577,92,1,aayush,India,Rajasthan,Male,1968-03-09 11:31:26,,,,
0702-RCCRA,2023-03-14,Paid,2023-04-13,Premium,Monthly,,,71.81,2872,58,0,oscar,India,Karnataka,Male,1980-09-30 11:31:26,2026-06-13,N,82.0,1.0
1479-YRKWN,2026-02-24,Organic,2026-03-26,Premium,Monthly,,,91.92,7997,18,0,jairaj,India,Uttar Pradesh,Male,1985-11-07 11:31:26,2026-01-01,N,76.0,1.0
5597-OJDKW,2022-10-30,Refferal,2023-10-30,Standard,Annual,,,13.36,334,63,0,naveen,India,Rajasthan,Male,1973-07-17 11:31:26,2026-03-26,N,78.0,1.0
5110-OTWPO,2022-11-09,Refferal,2023-11-09,Premium,Annual,,,37.48,1424,14,0,deepa,India,Telangana,Female,1964-05-03 11:31:26,,,,
9230-TKDAD,2020-10-11,Paid,2021-10-11,Premium,Annual,,,49.88,847,56,0,lohit,India,Maharashtra,Male,1991-09-19 11:31:26,,,,
5667-FKKDF,2023-08-06,Refferal,2023-09-05,Basic,Monthly,2025-04-22,Switched to competitor,8.07,153,76,1,rachit,India,Uttar Pradesh,Male,1988-05-03 11:31:26,,,,
2610-MATIN,2023-06-09,Organic,2023-07-09,Standard,Monthly,2024-11-02,Forgot to cancel trial,14.33,214,91,1,udant,India,Telangana,Male,1985-10-31 11:31:26,,,,
9546-IRKDB,2025-10-20,Paid,2025-11-19,Basic,Monthly,,,6.11,421,27,0,neelima,India,Karnataka,Female,1965-02-09 11:31:26,2025-01-08,N,89.0,1.0
2870-NQEYI,2026-02-02,Paid,2027-02-02,Basic,Annual,,,6.11,360,43,0,benjamin,India,Nagaland,Male,2000-10-07 11:31:26,,,,
1763-REGIV,2026-03-23,Organic,2027-03-23,Premium,Annual,,,22.08,485,32,0,geetika,India,Telangana,Female,1965-06-28 11:31:26,,,,
2061-SUIHW,2024-03-29,Paid,2024-04-28,Basic,Monthly,2024-08-14,Not enough content,9.63,866,84,1,aarini,India,Karnataka,Female,1971-01-15 11:31:26,2025-01-22,N,65.0,1.0
1390-KJKJN,2025-08-11,Paid,2025-09-10,Basic,Monthly,,,9.55,821,57,0,hredhaan,Nepal,Kathmandu,Male,2007-08-07 11:31:26,2025-06-27,Y,37.0,2.0
7868-VZWBW,2024-05-09,Refferal,2024-06-08,Basic,Monthly,,,9.39,619,50,0,teerth,Nepal,Kathmandu,Male,,2026-07-08,N,86.0,1.0
5973-YTTJA,2020-10-09,Paid,2020-11-08,Standard,Monthly,,,11.2,795,11,0,faraj,India,Karnataka,Male,1997-12-04 11:31:26,2026-01-27,N,64.0,1.0
3517-OOYET,2021-02-20,Paid,2022-02-20,Standard,Annual,,,12.49,761,29,0,anirudh,India,Uttar Pradesh,Male,1976-05-29 11:31:26,,,,
7536-QPSJR,2021-08-29,Paid,2022-08-29,Premium,Annual,,,23.68,2131,63,0,avni,India,Nagaland,Female,2000-07-26 11:31:26,,,,
5598-HLONT,2023-11-05,Paid,2023-12-05,Basic,Monthly,2026-03-28,Poor streaming quality,6.54,202,80,1,ladli,India,Rajasthan,Female,2001-10-11 11:31:26,2025-10-15,N,53.0,1.0
9233-IBACH,2025-11-16,Refferal,2026-11-16,Basic,Annual,,,6.13,337,19,0,jhalak,India,Uttar Pradesh,Female,1957-11-07 11:31:26,2025-07-16,N,65.0,2.0
9379-GOZOH,2023-02-16,Refferal,2023-03-18,Standard,Monthly,,,12.75,599,44,0,samaksh,India,Rajasthan,Male,1990-08-06 11:31:26,,,,
2869-JBCXR,2022-11-16,Refferal,2022-12-16,Standard,Monthly,,,14.38,1294,5,0,adweta,India,Meghalaya,Female,1957-12-23 11:31:26,,,,
3739-TDOSR,2023-09-18,Organic,2023-10-18,Basic,Monthly,,,9.34,504,4,0,daniel,Nepal,Kathmandu,Male,1991-06-06 11:31:26,,,,
9243-PZONH,2024-12-25,Paid,2025-01-24,Standard,Monthly,,,14.73,235,14,0,bhavika,India,Maharashtra,Female,2002-06-28 11:31:26,2025-10-23,N,50.0,1.0
5705-YOODF,2022-09-11,Paid,2022-10-11,Standard,Monthly,,,11.81,1015,38,0,bina,India,Uttar Pradesh,Female,1961-10-02 11:31:26,,,,
0546-WBEZZ,2021-03-31,Refferal,2022-03-31,Premium,Annual,,,57.73,2078,20,0,zayan,India,Maharashtra,Male,1973-05-07 11:31:26,,,,
7735-REITM,2024-02-15,Paid,2025-02-14,Premium,Annual,,,75.4,3996,46,0,nidhi,India,Telangana,Female,1979-11-26 11:31:26,,,,
8490-NZISR,2025-01-14,Paid,2025-02-13,Premium,Monthly,,,84.98,5013,7,0,megha,Nepal,Kathmandu,Female,2003-05-24 11:31:26,2025-07-06,N,81.0,1.0
6033-BKWZA,2025-05-13,Organic,2026-05-13,Standard,Annual,,,16.71,885,50,0,siya,India,Nagaland,Female,1976-09-21 11:31:26,,,,
5637-JRWUP,2023-05-13,Organic,2023-06-12,Standard,Monthly,,,13.81,441,28,0,alexander,India,Rajasthan,Male,1985-06-27 11:31:26,2025-09-14,N,62.0,1.0
4412-ZTXMJ,2024-12-06,Paid,2025-01-05,Premium,Monthly,2026-04-15,Switched to competitor,31.48,1290,91,1,ekanta,India,Telangana,Female,2002-07-21 11:31:26,,,,
4572-MTTSK,2026-02-27,Organic,2026-03-29,Premium,Monthly,2026-07-22,Switched to competitor,31.17,2026,75,1,manbir,India,Nagaland,Male,1970-08-05 11:31:26,2024-12-04,Y,33.0,1.0
8221-JIHVP,2026-02-21,Refferal,2027-02-21,Basic,Annual,,,6.62,370,45,0,rachit,India,Nagaland,Male,1957-01-03 11:31:26,2024-08-29,N,78.0,1.0
8956-YJCVN,2021-05-06,Paid,2021-06-05,Premium,Monthly,2023-11-04,Poor streaming quality,46.94,985,91,1,ekavir,India,Karnataka,Male,1989-08-01 11:31:26,,,,
8818-EAEJL,2023-12-06,Refferal,2024-12-05,Premium,Annual,2025-01-27,Too expensive,47.05,3764,94,1,aarnav,India,Meghalaya,Male,1975-11-02 11:31:26,2025-09-25,Y,36.0,2.0
8185-HCCUG,2022-05-22,Paid,2022-06-21,Basic,Monthly,,,7.72,633,20,0,brijesh,India,Maharashtra,Male,1965-03-18 11:31:26,2026-02-19,Y,34.0,1.0
5427-LXWJE,2021-11-08,Paid,2021-12-08,Basic,Monthly,,,8.98,341,58,0,pooja,India,Karnataka,Female,2002-07-28 11:31:26,2026-06-14,N,51.0,1.0
7244-GRFVQ,2021-07-25,Paid,2022-07-25,Premium,Annual,,,41.95,1384,61,0,ekavir,Nepal,Kathmandu,Male,1981-07-30 11:31:26,2025-01-29,N,67.0,1.0
3464-UOJTW,2021-10-03,Paid,2022-10-03,Standard,Annual,2021-12-19,Poor streaming quality,14.96,1047,84,1,lajita,India,Karnataka,Female,1958-01-22 11:31:26,2024-12-31,Y,17.0,1.0
1999-MCLTJ,2025-07-13,Paid,2026-07-13,Premium,Annual,,,59.16,1242,35,0,avi,India,Delhi,Male,2008-08-18 11:31:26,,,,
5803-DVWOD,2024-05-05,Refferal,2024-06-04,Premium,Monthly,2026-01-25,Not enough content,38.88,1749,71,1,vihaan,India,Telangana,Male,1960-10-07 11:31:26,2025-12-25,N,81.0,2.0
6511-VUGFY,2021-03-15,Refferal,2022-03-15,Basic,Annual,,,8.24,321,17,0,ladli,India,Nagaland,Female,1991-12-11 11:31:26,,,,
8564-KGCOR,2026-02-09,Organic,2027-02-09,Premium,Annual,,,55.16,3033,10,0,widisha,India,Maharashtra,Female,1958-07-06 11:31:26,,,,
3463-MEBBG,2021-05-17,Paid,2022-05-17,Standard,Annual,,,15.25,1204,47,0,rachana,India,Nagaland,Female,1963-02-14 11:31:26,2025-12-13,N,81.0,2.0
6633-JADKS,2025-10-24,Paid,2026-10-24,Premium,Annual,,,55.57,1722,53,0,bakhshi,India,Uttar Pradesh,Male,,,,,
9594-QAFGJ,2023-06-07,Paid,2024-06-06,Basic,Annual,,,9.73,671,15,0,nitara,India,Rajasthan,Female,1996-04-06 11:31:26,2025-04-18,N,59.0,1.0
9068-BIMXE,2024-08-16,Paid,2024-09-15,Premium,Monthly,,,28.16,563,36,0,niharika,India,Nagaland,Female,,,,,
5664-EPOMG,2023-11-21,Paid,2024-11-20,Standard,Annual,,,16.21,810,51,0,faraj,India,Karnataka,Male,2000-07-17 11:31:26,,,,
0652-OKNPJ,2025-04-13,Refferal,2026-04-13,Standard,Annual,,,15.11,997,37,0,rajata,India,Rajasthan,Female,1997-02-14 11:31:26,,,,
9511-CBWAV,2021-08-10,Organic,2021-09-09,Basic,Monthly,,,9.58,699,45,0,tanish,India,Rajasthan,Male,1981-08-14 11:31:26,,,,
1119-RLYPK,2022-01-19,Paid,2023-01-19,Premium,Annual,,,71.53,2360,27,0,naksh,India,Telangana,Male,1962-12-24 11:31:26,2025-01-29,Y,36.0,1.0
2352-VPDWT,2022-03-25,Paid,2023-03-25,Premium,Annual,,,65.85,3885,46,0,tejas,India,Rajasthan,Male,1971-06-15 11:31:26,,,,
5484-WFSBU,2021-05-30,Paid,2021-06-29,Standard,Monthly,2021-12-26,Not enough content,15.5,837,70,1,pranit,India,Nagaland,Male,1985-06-22 11:31:26,2026-02-07,Y,35.0,1.0
6722-BGWDS,2023-04-19,Refferal,2024-04-18,Premium,Annual,,,67.62,2299,32,0,wakeeta,India,Uttar Pradesh,Female,2000-04-24 11:31:26,,,,
4380-GPMVP,2025-02-03,Refferal,2025-03-05,Premium,Monthly,,,45.46,3909,47,0,rachita,India,Uttar Pradesh,Female,1993-07-25 11:31:26,,,,
3987-YMBBS,2023-10-23,Refferal,2024-10-22,Standard,Annual,,,15.28,1146,21,0,yagnesh,India,Delhi,Male,1961-08-19 11:31:26,,,,
0328-GZEJU,2024-05-07,Organic,2025-05-07,Standard,Annual,,,11.65,862,9,0,gagan,India,Karnataka,Male,1992-04-15 11:31:26,2024-10-19,N,50.0,1.0
4843-ESESX,2025-07-29,Organic,2026-07-29,Premium,Annual,2025-09-18,Poor streaming quality,28.78,1266,88,1,meera,India,Karnataka,Female,1993-03-21 11:31:26,2024-12-01,N,67.0,1.0
2066-IBHUZ,2022-02-24,Paid,2022-03-26,Premium,Monthly,,,20.45,470,18,0,indira,India,Maharashtra,Female,1995-10-15 11:31:26,2026-05-30,N,80.0,1.0
2212-EUBVL,2024-10-26,Refferal,2024-11-25,Basic,Monthly,,,6.45,322,17,0,balvan,India,Rajasthan,Male,1957-01-25 11:31:26,2026-06-04,N,82.0,1.0
1200-MRJXG,2024-04-08,Organic,2024-05-08,Basic,Monthly,2025-03-29,Not enough content,9.64,308,83,1,yashica,Nepal,Kathmandu,Female,1973-06-11 11:31:26,2026-04-07,N,72.0,1.0
8154-AZEYA,2025-01-22,Paid,2025-02-21,Basic,Monthly,,,8.78,482,38,0,samaksh,India,Meghalaya,Male,1968-01-20 11:31:26,2025-01-23,N,70.0,1.0
0573-JERBC,2023-10-23,Paid,2023-11-22,Premium,Monthly,2026-02-05,Too expensive,34.33,1682,94,1,anita,India,Uttar Pradesh,Female,1989-04-10 11:31:26,,,,
5476-NABZL,2024-05-25,Refferal,2024-06-24,Premium,Monthly,2024-10-31,Too expensive,86.69,4161,98,1,warinder,India,Meghalaya,Male,1964-09-08 11:31:26,,,,
7367-BRCZC,2022-09-28,Paid,2023-09-28,Basic,Annual,,,6.99,370,38,0,falan,India,Uttar Pradesh,Male,2006-10-12 11:31:26,,,,
1956-VXNMY,2025-10-06,Organic,2025-11-05,Basic,Monthly,2026-01-27,Too expensive,8.02,409,92,1,isaac,India,Maharashtra,Male,2005-04-19 11:31:26,,,,
5569-ZOTSX,2021-05-29,Paid,2022-05-29,Standard,Annual,2021-10-31,Switched to competitor,12.1,810,92,1,maanav,India,Nagaland,Male,2003-03-06 11:31:26,2025-08-22,Y,14.0,1.0
1230-EYHLL,2022-12-02,Refferal,2023-01-01,Premium,Monthly,,,78.64,3774,40,0,chakradev,India,Karnataka,Male,1987-10-17 11:31:26,,,,
5259-PWKWD,2020-09-12,Organic,2021-09-12,Standard,Annual,,,13.51,1080,43,0,yashasvi,India,Meghalaya,Female,1989-10-30 11:31:26,2025-02-11,N,89.0,1.0
0939-HYOTH,2024-12-28,Paid,2025-12-28,Basic,Annual,2026-05-10,Too expensive,6.51,318,98,1,gayathri,India,Maharashtra,Female,1969-08-15 11:31:26,,,,
9053-XKCEC,2023-03-16,Paid,2023-04-15,Standard,Monthly,,,12.93,698,59,0,ekiya,India,Rajasthan,Female,1989-04-04 11:31:26,,,,
8488-FHVHD,2023-11-23,Paid,2024-11-22,Premium,Annual,,,32.7,2223,54,0,hemal,India,Rajasthan,Female,2002-06-08 11:31:26,2025-10-08,N,58.0,1.0
8828-GUMFG,2024-11-13,Refferal,2024-12-13,Basic,Monthly,,,9.12,729,4,0,eta,India,Rajasthan,Female,1998-11-17 11:31:26,2025-08-09,Y,10.0,1.0
9241-HWATR,2020-11-13,Refferal,2020-12-13,Standard,Monthly,2022-03-31,Switched to competitor,11.43,937,83,1,rachita,India,Nagaland,Female,1975-11-05 11:31:26,,,,
6995-ZWQXK,2021-12-20,Paid,2022-12-20,Standard,Annual,2024-08-20,Forgot to cancel trial,11.0,407,82,1,widisha,India,Uttar Pradesh,Female,1968-11-12 11:31:26,2025-03-02,N,80.0,1.0
5665-QEYYD,2020-11-18,Organic,2021-11-18,Premium,Annual,2021-11-05,Switched to competitor,36.91,2989,86,1,jackson,India,Delhi,Male,1968-03-08 11:31:26,,,,
3058-CYHIZ,2023-08-13,Paid,2024-08-12,Standard,Annual,,,15.86,808,32,0,ishanvi,India,Nagaland,Female,1992-03-26 11:31:26,2026-03-22,N,87.0,1.0
4040-JNPLM,2023-05-04,Refferal,2024-05-03,Basic,Annual,2025-09-24,Poor streaming quality,9.72,874,79,1,sara,India,Nagaland,Female,1972-08-16 11:31:26,2025-07-19,N,83.0,2.0
7119-FKXWW,2021-03-25,Paid,2021-04-24,Premium,Monthly,,,35.21,739,8,0,ojasvi,India,Rajasthan,Female,1968-10-20 11:31:26,,,,
7546-FMKKF,2025-06-09,Paid,2025-07-09,Premium,Monthly,,,59.54,1905,4,0,laksh,Nepal,Kathmandu,Male,2007-03-04 11:31:26,2025-03-01,Y,35.0,1.0
4186-EVRPK,2022-10-20,Refferal,2022-11-19,Premium,Monthly,,,51.39,822,45,0,harita,India,Rajasthan,Female,1966-05-07 11:31:26,,,,
0025-SQJSX,2022-09-27,Paid,2022-10-27,Standard,Monthly,,,14.95,598,57,0,saanvi,India,Uttar Pradesh,Female,1982-12-21 11:31:26,2026-04-23,Y,20.0,2.0
3557-WGTGG,2022-01-31,Organic,2023-01-31,Premium,Annual,,,80.46,4505,6,0,yauvani,India,Uttar Pradesh,Female,2001-05-03 11:31:26,2026-08-02,Y,30.0,1.0
9818-CAXBX,2023-08-10,Refferal,2024-08-09,Basic,Annual,,,9.98,668,41,0,jasmit,India,Maharashtra,Female,1993-09-25 11:31:26,,,,
4472-MUXTL,2025-05-03,Paid,2026-05-03,Standard,Annual,,,13.08,1151,26,0,patrick,India,Nagaland,Male,1994-08-27 11:31:26,,,,
5937-ILTJF,2023-06-09,Refferal,2023-07-09,Premium,Monthly,,,46.94,1126,14,0,pooja,India,Karnataka,Female,2001-06-22 11:31:26,,,,
1444-GSUFK,2025-09-27,Paid,2026-09-27,Basic,Annual,,,8.32,482,28,0,wridesh,Nepal,Kathmandu,Male,1996-04-14 11:31:26,,,,
6568-FAQFD,2023-07-10,Organic,2023-08-09,Basic,Monthly,2025-03-31,Forgot to cancel trial,9.23,258,72,1,aarush,Nepal,Kathmandu,Male,1963-08-13 11:31:26,2024-11-30,N,62.0,1.0
7805-TZQPJ,2021-12-16,Paid,2022-01-15,Standard,Monthly,,,13.15,249,33,0,gayathri,India,Delhi,Female,1985-02-12 11:31:26,2025-09-01,N,88.0,1.0
9852-YISEV,2021-11-08,Refferal,2021-12-08,Premium,Monthly,,,32.62,1141,7,0,meera,India,Delhi,Female,1976-02-23 11:31:26,2025-05-12,N,55.0,2.0
9953-ZNEQJ,2024-06-09,Paid,2025-06-09,Standard,Annual,,,12.31,1034,23,0,dhriti,India,Telangana,Female,1999-02-11 11:31:26,,,,
0423-WXFUD,2025-04-20,Organic,2026-04-20,Premium,Annual,,,55.33,3264,54,0,triya,India,Delhi,Female,1976-09-03 11:31:26,,,,
6716-HYKRW,2023-05-29,Organic,2023-06-28,Basic,Monthly,,,6.48,136,36,0,dakshesh,India,Rajasthan,Male,1997-06-29 11:31:26,,,,
8844-MKIYJ,2023-05-23,Paid,2024-05-22,Basic,Annual,,,9.28,445,19,0,wakeeta,India,Karnataka,Female,1985-05-26 11:31:26,,,,
1300-PLVSY,2024-05-11,Paid,2024-06-10,Standard,Monthly,2025-09-29,Forgot to cancel trial,14.43,476,74,1,faris,India,Meghalaya,Male,1986-05-03 11:31:26,,,,
7051-XECYI,2020-10-07,Organic,2021-10-07,Standard,Annual,,,12.73,598,33,0,tripti,India,Nagaland,Female,2001-06-06 11:31:26,2024-09-21,N,86.0,1.0
9751-BJPLZ,2021-05-30,Organic,2022-05-30,Premium,Annual,,,72.04,5114,44,0,gaurika,Nepal,Kathmandu,Female,1985-02-18 11:31:26,,,,
5735-NUNPR,2025-10-04,Refferal,2025-11-03,Basic,Monthly,2026-05-29,Too expensive,8.88,772,80,1,anmol,Nepal,Kathmandu,Male,1966-11-05 11:31:26,2024-12-06,N,80.0,1.0
7185-QCFHL,2022-02-14,Paid,2022-03-16,Premium,Monthly,,,62.44,2684,11,0,geetika,India,Karnataka,Female,1963-12-27 11:31:26,,,,
9742-BUXIA,2023-08-10,Paid,2023-09-09,Premium,Monthly,2024-05-08,Poor streaming quality,38.78,1085,74,1,gautam,India,Uttar Pradesh,Male,1985-08-01 11:31:26,2025-06-13,N,53.0,1.0
6658-IFWFS,2025-09-08,Paid,2026-09-08,Standard,Annual,,,13.93,1044,35,0,adya,India,Maharashtra,Female,1970-09-20 11:31:26,,,,
9044-DSMEW,2026-01-31,Paid,2026-03-02,Premium,Monthly,,,67.29,3768,62,0,meghana,India,Uttar Pradesh,Female,2002-12-06 11:31:26,2025-01-26,N,53.0,1.0
4789-HJBSP,2025-08-16,Paid,2026-08-16,Standard,Annual,2026-01-26,Poor streaming quality,13.12,590,70,1,vrishti,India,Maharashtra,Female,1958-03-26 11:31:26,2024-12-23,Y,21.0,1.0
1983-BLFOU,2024-02-03,Organic,2024-03-04,Premium,Monthly,,,68.28,3618,3,0,samesh,India,Delhi,Male,1985-01-04 11:31:26,,,,
5167-TRUJT,2024-03-21,Paid,2025-03-21,Premium,Annual,2024-05-21,Poor streaming quality,19.79,1345,84,1,gavin,India,Delhi,Male,1976-02-24 11:31:26,2025-08-29,N,70.0,2.0
3000-MYYFO,2025-12-09,Paid,2026-01-08,Standard,Monthly,,,16.31,1337,26,0,onveer,India,Karnataka,Male,2008-02-20 11:31:26,,,,
0546-KGXFW,2021-12-16,Paid,2022-12-16,Basic,Annual,,,7.89,686,25,0,bakhshi,India,Karnataka,Male,1971-03-18 11:31:26,2025-05-29,N,70.0,1.0
0049-ITQXM,2020-09-24,Paid,2021-09-24,Premium,Annual,,,59.1,3250,54,0,chatura,India,Maharashtra,Male,1972-09-24 11:31:26,2025-09-07,Y,25.0,1.0
5894-UQBAH,2024-07-28,Refferal,2024-08-27,Premium,Monthly,,,19.02,551,8,0,zayyan,India,Karnataka,Male,1998-07-29 11:31:26,2026-04-17,N,77.0,1.0
4661-AHRJB,2021-08-28,Paid,2022-08-28,Basic,Annual,,,8.48,457,41,0,chanakya,India,Meghalaya,Male,2006-05-13 11:31:26,,,,
3964-IQTWQ,2025-09-07,Refferal,2025-10-07,Standard,Monthly,,,13.17,355,34,0,anjali,India,Nagaland,Female,1992-01-05 11:31:26,2025-09-13,Y,12.0,1.0
4862-WRGQW,2021-03-04,Refferal,2021-04-03,Premium,Monthly,,,62.37,3056,47,0,daniel,India,Telangana,Male,1978-12-01 11:31:26,,,,
9013-WOTME,2025-10-28,Refferal,2025-11-27,Basic,Monthly,2026-06-03,Poor streaming quality,9.8,813,99,1,dhruv,India,Telangana,Male,1995-12-09 11:31:26,,,,
3651-XFQHP,2025-10-17,Organic,2026-10-17,Premium,Annual,2026-06-04,Switched to competitor,35.36,1096,84,1,aadi,India,Rajasthan,Male,1990-11-14 11:31:26,2026-03-10,N,60.0,1.0
9568-JMTPI,2023-08-22,Refferal,2023-09-21,Standard,Monthly,2026-01-21,Switched to competitor,15.54,777,75,1,upasna,India,Maharashtra,Female,2002-01-17 11:31:26,2025-05-18,Y,36.0,2.0
5455-AGTJL,2023-02-07,Refferal,2023-03-09,Premium,Monthly,,,60.99,4513,38,0,zilmil,India,Delhi,Female,1993-11-01 11:31:26,2026-07-07,N,77.0,1.0
9878-EOFGK,2025-03-06,Paid,2025-04-05,Standard,Monthly,2025-09-11,Poor streaming quality,12.56,376,76,1,warda,India,Delhi,Female,,2025-05-26,N,71.0,1.0
9125-FVLDC,2023-01-31,Paid,2024-01-31,Standard,Annual,,,13.88,1165,35,0,chandran,India,Rajasthan,Male,1957-06-26 11:31:26,,,,
8364-XQNEA,2023-05-19,Refferal,2023-06-18,Premium,Monthly,2026-01-20,Too expensive,25.89,1864,77,1,joshua,India,Telangana,Male,1984-03-19 11:31:26,2026-05-10,N,68.0,2.0
5500-XUWPV,2024-01-29,Paid,2024-02-28,Standard,Monthly,2025-06-27,Not enough content,14.65,1142,75,1,meghana,India,Uttar Pradesh,Female,1997-10-04 11:31:26,,,,
6607-KGVZA,2022-02-13,Paid,2023-02-13,Basic,Annual,2024-09-06,Forgot to cancel trial,8.83,141,80,1,tara,India,Telangana,Female,2001-09-01 11:31:26,2024-08-24,Y,31.0,1.0
3103-FRURX,2023-12-17,Paid,2024-12-16,Basic,Annual,,,9.48,578,64,0,aarush,India,Telangana,Male,2005-03-07 11:31:26,2024-11-15,Y,38.0,1.0
3948-OOCMG,2022-10-17,Refferal,2023-10-17,Premium,Annual,2023-08-17,Poor streaming quality,44.48,1645,95,1,aarush,India,Karnataka,Male,1990-07-24 11:31:26,2026-03-31,Y,39.0,2.0
1716-QOSWX,2022-09-20,Refferal,2022-10-20,Basic,Monthly,,,9.37,159,28,0,samarth,Nepal,Kathmandu,Male,1993-12-28 11:31:26,2024-12-12,N,52.0,1.0
7825-QEYNK,2022-02-20,Organic,2022-03-22,Standard,Monthly,,,11.24,449,6,0,jonathan,India,Nagaland,Male,1965-01-09 11:31:26,,,,
7428-CHFAQ,2023-11-19,Paid,2024-11-18,Standard,Annual,,,11.03,562,34,0,siddharth,India,Maharashtra,Male,1987-04-22 11:31:26,2026-08-16,N,83.0,2.0
1034-GMNXY,2024-12-23,Refferal,2025-01-22,Standard,Monthly,2025-11-05,Poor streaming quality,14.55,902,79,1,rushil,India,Nagaland,Male,2008-04-06 11:31:26,2025-06-19,N,69.0,1.0
4395-LBMQV,2021-08-31,Organic,2022-08-31,Premium,Annual,2023-08-04,Forgot to cancel trial,65.88,3030,87,1,wyatt,India,Telangana,Male,1993-07-26 11:31:26,,,,
0633-ATTZQ,2022-02-04,Paid,2023-02-04,Premium,Annual,2022-10-02,Not enough content,55.51,3774,88,1,warhi,India,Uttar Pradesh,Female,1965-03-17 11:31:26,2025-04-02,Y,19.0,1.0
1484-XRZXI,2025-02-01,Paid,2026-02-01,Standard,Annual,,,15.55,684,10,0,pooja,India,Delhi,Female,1991-01-25 11:31:26,2025-06-08,N,59.0,1.0
0127-BCLPP,2025-07-21,Paid,2026-07-21,Premium,Annual,,,71.22,4059,29,0,ekapad,India,Meghalaya,Male,1966-07-26 11:31:26,,,,
3813-QEKFP,2024-12-08,Paid,2025-01-07,Basic,Monthly,,,9.88,266,6,0,daniel,India,Nagaland,Male,1980-05-07 11:31:26,2025-07-13,N,60.0,1.0
2746-ZJLLC,2021-03-19,Paid,2022-03-19,Basic,Annual,,,9.38,553,13,0,faris,India,Uttar Pradesh,Male,1986-12-07 11:31:26,2025-08-27,N,83.0,1.0
8586-PSKSW,2025-03-29,Refferal,2026-03-29,Standard,Annual,,,15.83,854,64,0,pallavi,India,Rajasthan,Female,1966-11-08 11:31:26,2025-11-12,N,63.0,1.0
7699-XXGOX,2021-07-24,Organic,2022-07-24,Standard,Annual,,,11.03,286,62,0,atharv,India,Rajasthan,Male,1985-03-03 11:31:26,,,,
1463-LKFWC,2025-04-06,Refferal,2025-05-06,Standard,Monthly,,,12.9,890,19,0,aahana,India,Nagaland,Female,2003-07-20 11:31:26,2026-04-14,Y,34.0,1.0
5196-HDKBX,2025-12-17,Organic,2026-01-16,Standard,Monthly,,,16.75,502,19,0,vrishti,India,Delhi,Female,1963-06-05 11:31:26,,,,
7750-IHKLH,2021-02-22,Refferal,2021-03-24,Standard,Monthly,2021-06-29,Too expensive,11.47,929,95,1,urishilla,India,Nagaland,Female,1962-04-16 11:31:26,,,,
9791-VCSPG,2021-11-29,Organic,2021-12-29,Standard,Monthly,,,13.59,747,3,0,karan,Nepal,Kathmandu,Male,2001-02-12 11:31:26,2024-10-18,N,68.0,2.0
1707-YQHLX,2025-12-27,Paid,2026-12-27,Premium,Annual,,,69.33,1455,10,0,rehaan,India,Maharashtra,Male,2005-06-06 11:31:26,,,,
8632-FACRQ,2024-03-02,Organic,2025-03-02,Basic,Annual,,,9.42,715,5,0,sai,Nepal,Kathmandu,Male,2001-05-23 11:31:26,2025-09-05,N,59.0,1.0
5944-VBVSU,2026-01-28,Paid,2026-02-27,Premium,Monthly,2026-02-16,Forgot to cancel trial,59.77,3586,75,1,barkha,India,Maharashtra,Female,1975-11-29 11:31:26,,,,
5366-SRJPM,2024-04-26,Refferal,2024-05-26,Basic,Monthly,2025-07-21,Switched to competitor,8.41,218,89,1,gagan,India,Meghalaya,Male,1970-06-10 11:31:26,2025-07-07,N,90.0,1.0
6246-EMQXA,2025-07-12,Paid,2025-08-11,Premium,Monthly,2025-10-17,Too expensive,63.19,2843,72,1,harrison,Nepal,Kathmandu,Male,1974-10-02 11:31:26,2026-07-02,N,72.0,1.0
3509-NITLL,2021-10-03,Refferal,2022-10-03,Standard,Annual,,,14.89,699,14,0,luke,India,Meghalaya,Male,1981-09-28 11:31:26,,,,
1658-RIDPE,2024-03-04,Paid,2024-04-03,Standard,Monthly,2025-10-20,Too expensive,11.29,643,77,1,jack,India,Uttar Pradesh,Male,1989-11-05 11:31:26,,,,
0035-WOJWR,2022-09-15,Refferal,2023-09-15,Premium,Annual,,,65.0,1560,11,0,andrew,India,Nagaland,Male,1973-01-10 11:31:26,,,,
1393-GCRQG,2026-03-31,Refferal,2026-04-30,Basic,Monthly,,,7.11,362,48,0,aadi,India,Uttar Pradesh,Male,1990-02-23 11:31:26,,,,
1697-EDSEW,2026-05-15,Organic,2027-05-15,Basic,Annual,,,8.87,248,18,0,chameli,Nepal,Kathmandu,Female,1985-07-21 11:31:26,,,,
8630-ZOLNM,2022-09-01,Refferal,2023-09-01,Basic,Annual,,,8.37,368,7,0,ryan,India,Karnataka,Male,2006-05-18 11:31:26,,,,
8903-HSOUU,2022-12-20,Refferal,2023-01-19,Basic,Monthly,,,7.77,505,13,0,siya,India,Meghalaya,Female,1995-12-14 11:31:26,2025-01-14,N,78.0,1.0
0249-AXXIY,2024-11-15,Paid,2025-11-15,Standard,Annual,,,14.9,327,54,0,advika,India,Meghalaya,Female,1965-10-04 11:31:26,,,,
8764-HMZTY,2025-12-03,Organic,2026-12-03,Basic,Annual,,,6.86,432,29,0,bhavya,India,Nagaland,Female,1989-12-24 11:31:26,2026-02-02,N,64.0,2.0
9389-UBLCC,2022-08-20,Refferal,2022-09-19,Standard,Monthly,,,13.92,222,52,0,owen,Nepal,Kathmandu,Male,1978-08-28 11:31:26,,,,
7956-OQACN,2021-12-09,Refferal,2022-01-08,Standard,Monthly,2023-08-27,Poor streaming quality,12.61,1084,78,1,lakshit,India,Maharashtra,Male,1989-12-23 11:31:26,,,,
3994-DWXBL,2023-04-02,Paid,2023-05-02,Standard,Monthly,,,15.88,301,42,0,gunbir,India,Maharashtra,Male,1976-04-27 11:31:26,2025-06-12,N,88.0,1.0
3836-IZIXN,2022-02-20,Organic,2022-03-22,Premium,Monthly,,,71.94,5179,19,0,aahana,India,Telangana,Female,1980-04-14 11:31:26,2025-06-14,N,66.0,1.0
5923-XZXYR,2023-11-07,Organic,2024-11-06,Premium,Annual,,,62.75,1129,7,0,chatresh,India,Meghalaya,Male,1972-04-28 11:31:26,2025-08-23,N,69.0,1.0
5719-TOKMO,2026-01-30,Refferal,2026-03-01,Standard,Monthly,2026-05-16,Not enough content,11.12,822,82,1,panini,India,Meghalaya,Female,1988-12-04 11:31:26,,,,
3457-HZVJJ,2026-02-20,Refferal,2027-02-20,Standard,Annual,2026-03-27,Switched to competitor,11.23,887,73,1,yashvi,India,Delhi,Female,1992-03-29 11:31:26,2026-05-23,N,74.0,2.0
1925-JIAGI,2024-08-17,Organic,2024-09-16,Premium,Monthly,,,75.46,2942,55,0,ladli,India,Karnataka,Female,1979-09-20 11:31:26,,,,
1663-QRXUE,2023-11-16,Paid,2023-12-16,Basic,Monthly,2026-01-18,Forgot to cancel trial,7.1,269,78,1,saanvi,India,Telangana,Female,1971-03-27 11:31:26,,,,
1376-YOEXB,2024-12-28,Organic,2025-01-27,Basic,Monthly,,,8.37,611,50,0,keya,India,Nagaland,Female,1968-01-30 11:31:26,,,,
9415-CWXHN,2024-07-22,Organic,2024-08-21,Standard,Monthly,,,13.42,456,44,0,vasudha,Nepal,Kathmandu,Female,2008-03-22 11:31:26,,,,
9180-TUMAY,2023-05-30,Paid,2024-05-29,Standard,Annual,2024-01-04,Forgot to cancel trial,12.64,922,73,1,akshay,India,Uttar Pradesh,Male,1979-07-14 11:31:26,2025-05-27,N,77.0,2.0
6558-TRCDE,2024-07-12,Paid,2024-08-11,Premium,Monthly,,,81.4,4884,29,0,imaran,India,Meghalaya,Male,2008-06-09 11:31:26,,,,
7331-IDQVL,2025-03-28,Paid,2026-03-28,Basic,Annual,,,6.43,475,63,0,jyoti,India,Telangana,Female,1983-11-15 11:31:26,,,,
2208-ZZTSJ,2026-02-17,Paid,2026-03-19,Premium,Monthly,2026-07-22,Not enough content,54.79,3287,80,1,samuel,Nepal,Kathmandu,Male,2004-12-21 11:31:26,,,,
7756-KVTKG,2024-08-31,Refferal,2025-08-31,Standard,Annual,,,13.69,424,36,0,aayush,India,Delhi,Male,,,,,
2341-MORWM,2022-01-24,Paid,2022-02-23,Standard,Monthly,,,16.54,628,52,0,lekha,Nepal,Kathmandu,Female,1970-10-28 11:31:26,,,,
5017-GEXPV,2022-12-06,Paid,2023-12-06,Premium,Annual,,,83.29,2665,20,0,chakradhar,Nepal,Kathmandu,Male,1999-12-04 11:31:26,,,,
6882-ZOBCF,2021-01-27,Refferal,2022-01-27,Premium,Annual,,,23.54,517,33,0,pavani,India,Maharashtra,Female,1998-12-02 11:31:26,,,,
2325-FMBNF,2023-05-18,Organic,2023-06-17,Standard,Monthly,2023-06-09,Switched to competitor,15.67,987,91,1,gaurav,India,Maharashtra,Male,1999-10-12 11:31:26,,,,
5774-XPDSO,2021-11-22,Refferal,2022-11-22,Basic,Annual,2022-09-30,Switched to competitor,8.35,325,96,1,peter,India,Maharashtra,Male,1966-04-14 11:31:26,2025-10-14,N,53.0,2.0
7089-QGFYH,2023-07-04,Refferal,2023-08-03,Premium,Monthly,,,36.09,2021,6,0,girish,India,Uttar Pradesh,Male,1982-06-08 11:31:26,,,,
0159-VTWMD,2021-12-27,Paid,2022-01-26,Standard,Monthly,2023-09-28,Forgot to cancel trial,13.65,627,92,1,irya,India,Nagaland,Female,1992-08-30 11:31:26,,,,
6464-YSTMX,2025-08-27,Refferal,2025-09-26,Premium,Monthly,,,37.27,931,6,0,kavya,India,Meghalaya,Female,1963-10-19 11:31:26,2025-01-19,N,60.0,1.0
6240-IVHTM,2025-06-09,Organic,2025-07-09,Premium,Monthly,2026-07-31,Too expensive,28.09,2050,71,1,harrison,India,Delhi,Male,1958-07-01 11:31:26,,,,
2949-KLYHK,2021-07-14,Organic,2022-07-14,Premium,Annual,,,56.33,2422,64,0,rachana,India,Karnataka,Female,1989-11-19 11:31:26,,,,
3586-MSSSZ,2021-04-29,Organic,2021-05-29,Standard,Monthly,,,16.65,1182,16,0,chatresh,India,Nagaland,Male,1997-02-23 11:31:26,,,,
3867-VMQBV,2024-07-10,Organic,2024-08-09,Basic,Monthly,,,6.63,106,65,0,chaaya,India,Meghalaya,Female,1993-10-21 11:31:26,2025-12-18,N,71.0,1.0
9724-LKEQW,2025-01-11,Organic,2025-02-10,Premium,Monthly,,,20.31,1177,6,0,aarini,Nepal,Kathmandu,Female,1960-05-27 11:31:26,2025-09-20,Y,12.0,1.0
9374-YPXZV,2025-07-06,Organic,2025-08-05,Basic,Monthly,,,9.98,558,19,0,anvi,India,Delhi,Female,1973-10-12 11:31:26,,,,
5444-JIJVE,2024-03-16,Refferal,2024-04-15,Premium,Monthly,,,54.89,4446,13,0,quincy,India,Maharashtra,Male,1980-04-27 11:31:26,,,,
8175-CDOVC,2025-10-20,Organic,2026-10-20,Standard,Annual,,,12.01,672,59,0,yatin,India,Maharashtra,Male,2007-08-08 11:31:26,2026-05-27,Y,38.0,1.0
4571-TQYTT,2023-06-17,Paid,2023-07-17,Premium,Monthly,,,91.45,4298,59,0,mahika,India,Maharashtra,Female,1960-08-07 11:31:26,,,,
7278-BDBSR,2022-12-04,Refferal,2023-12-04,Premium,Annual,,,85.62,6421,12,0,logan,India,Maharashtra,Male,1990-12-21 11:31:26,,,,
3696-PQMKC,2020-12-12,Refferal,2021-01-11,Basic,Monthly,2021-01-08,Switched to competitor,7.82,563,99,1,eesha,India,Uttar Pradesh,Female,1985-08-12 11:31:26,,,,
4102-EHJLC,2023-05-22,Paid,2023-06-21,Basic,Monthly,2024-02-01,Not enough content,6.7,274,70,1,udyati,India,Uttar Pradesh,Female,1995-07-29 11:31:26,,,,
9697-UCEYT,2023-07-12,Organic,2023-08-11,Premium,Monthly,2025-01-25,Not enough content,25.66,1898,90,1,amol,India,Nagaland,Male,1998-04-20 11:31:26,,,,
6407-PWZOC,2025-08-01,Organic,2026-08-01,Premium,Annual,,,29.14,670,57,0,shravya,India,Telangana,Female,1962-02-22 11:31:26,2026-03-11,N,75.0,1.0
7498-BXYQX,2026-04-02,Organic,2027-04-02,Premium,Annual,,,78.38,3056,27,0,veer,India,Telangana,Male,1990-09-02 11:31:26,,,,
0890-DJZJM,2022-06-14,Paid,2022-07-14,Standard,Monthly,,,14.67,601,55,0,victor,Nepal,Kathmandu,Male,1981-06-09 11:31:26,,,,
9156-MCVXQ,2020-09-14,Refferal,2020-10-14,Basic,Monthly,,,9.84,856,17,0,aarna,India,Maharashtra,Female,1957-02-01 11:31:26,,,,
0095-HBSIQ,2022-10-26,Paid,2023-10-26,Premium,Annual,,,18.39,386,43,0,jagrati,India,Uttar Pradesh,Female,1991-02-13 11:31:26,,,,
5159-TVBMD,2022-07-05,Paid,2022-08-04,Basic,Monthly,2023-03-19,Forgot to cancel trial,7.27,610,99,1,daksha,India,Delhi,Female,1994-11-09 11:31:26,,,,
8043-IMXNA,2021-09-18,Refferal,2022-09-18,Standard,Annual,2023-10-11,Switched to competitor,12.09,664,96,1,kai,India,Maharashtra,Male,2002-06-27 11:31:26,2025-03-01,Y,15.0,1.0
1320-CLNRZ,2023-05-07,Refferal,2024-05-06,Premium,Annual,2023-05-28,Poor streaming quality,79.62,3821,90,1,krish,India,Karnataka,Male,1967-06-27 11:31:26,,,,
4503-TJIPX,2022-09-28,Organic,2023-09-28,Standard,Annual,,,12.35,247,39,0,pavani,India,Delhi,Female,1969-09-24 11:31:26,,,,
6056-EFBZJ,2023-01-28,Refferal,2024-01-28,Basic,Annual,2023-07-04,Forgot to cancel trial,8.45,363,98,1,zaid,India,Uttar Pradesh,Male,1983-10-02 11:31:26,2025-06-23,N,77.0,1.0
7004-JSCHT,2022-09-26,Paid,2023-09-26,Standard,Annual,,,11.64,325,37,0,quincy,India,Meghalaya,Male,1994-06-06 11:31:26,2025-06-09,N,76.0,1.0
3929-ZTDAE,2021-09-02,Paid,2021-10-02,Basic,Monthly,,,7.29,247,34,0,varenya,India,Nagaland,Female,2003-10-20 11:31:26,2024-11-24,N,65.0,1.0
8950-XYLHB,2025-04-26,Organic,2026-04-26,Standard,Annual,,,14.01,1078,15,0,jyoti,India,Maharashtra,Female,1998-04-28 11:31:26,,,,
9089-UZDEW,2025-04-05,Paid,2026-04-05,Basic,Annual,,,6.54,438,56,0,krishna,India,Delhi,Male,2001-07-17 11:31:26,2025-09-30,N,61.0,1.0
1114-WOOAJ,2021-10-06,Refferal,2022-10-06,Standard,Annual,,,15.02,255,30,0,sai,India,Karnataka,Female,1971-01-03 11:31:26,,,,
1230-RPEHR,2023-05-11,Paid,2023-06-10,Standard,Monthly,,,14.27,684,19,0,falan,India,Uttar Pradesh,Male,1967-10-01 11:31:26,,,,
7471-OBVYX,2021-08-26,Paid,2022-08-26,Standard,Annual,2024-07-08,Switched to competitor,11.35,783,92,1,aayush,India,Telangana,Male,1985-03-30 11:31:26,2025-08-21,Y,20.0,1.0
9926-WMRFA,2025-02-25,Organic,2026-02-25,Standard,Annual,,,11.63,953,36,0,nakul,India,Nagaland,Male,1972-03-16 11:31:26,,,,
4707-ZCUIO,2022-01-30,Paid,2023-01-30,Premium,Annual,,,28.3,1330,18,0,mason,India,Uttar Pradesh,Male,1963-09-02 11:31:26,2026-05-10,N,60.0,1.0
0639-JWMLA,2022-12-05,Paid,2023-12-05,Standard,Annual,,,16.81,1294,35,0,arunima,India,Uttar Pradesh,Female,1992-08-29 11:31:26,,,,
7003-IDXRH,2020-12-25,Paid,2021-12-25,Standard,Annual,2023-06-15,Switched to competitor,15.3,413,80,1,finn,India,Telangana,Male,1972-05-05 11:31:26,,,,
4256-CNLYG,2023-05-18,Paid,2023-06-17,Premium,Monthly,2026-03-24,Poor streaming quality,29.63,1125,88,1,lakshmi,India,Nagaland,Female,1968-10-17 11:31:26,2025-11-24,Y,17.0,1.0
6110-MQBXF,2024-12-01,Refferal,2025-12-01,Premium,Annual,,,21.91,1467,58,0,varenya,India,Meghalaya,Female,1971-02-15 11:31:26,2025-02-26,N,87.0,1.0
1236-HUOWA,2023-11-10,Refferal,2023-12-10,Standard,Monthly,,,16.3,505,44,0,radha,India,Rajasthan,Female,1985-09-02 11:31:26,,,,
8043-SWQEV,2022-08-13,Organic,2022-09-12,Standard,Monthly,2024-12-18,Poor streaming quality,13.98,866,96,1,kabir,Nepal,Kathmandu,Male,2006-01-08 11:31:26,,,,
6551-OCTBN,2021-05-02,Paid,2022-05-02,Premium,Annual,2023-12-11,Poor streaming quality,89.28,4196,77,1,tripti,India,Karnataka,Female,2001-01-24 11:31:26,2026-05-17,N,76.0,1.0
7062-RXBIF,2023-12-15,Organic,2024-01-14,Standard,Monthly,,,16.02,1249,24,0,hardik,India,Meghalaya,Male,,2025-12-09,N,70.0,1.0
3068-BSRWE,2026-04-08,Paid,2026-05-08,Standard,Monthly,,,14.94,1165,32,0,harita,India,Delhi,Female,1961-02-23 11:31:26,,,,
4831-QHFSD,2022-09-05,Refferal,2022-10-05,Basic,Monthly,2024-12-03,Not enough content,9.58,728,74,1,meghana,India,Uttar Pradesh,Female,2001-06-11 11:31:26,,,,
8354-FUCUK,2025-02-02,Paid,2026-02-02,Premium,Annual,2025-06-21,Too expensive,36.56,2888,74,1,yagnesh,India,Karnataka,Male,2008-01-12 11:31:26,2025-07-13,N,80.0,1.0
0824-ZWENB,2022-10-30,Paid,2022-11-29,Premium,Monthly,,,90.08,3873,21,0,balveer,India,Karnataka,Male,2004-02-16 11:31:26,2025-03-18,Y,37.0,1.0
0439-NAWFY,2025-08-18,Paid,2025-09-17,Premium,Monthly,,,33.69,1145,36,0,elijah,India,Meghalaya,Male,1997-01-15 11:31:26,2025-12-02,N,61.0,1.0
2493-CRCGT,2023-01-23,Paid,2023-02-22,Premium,Monthly,,,89.02,2759,27,0,pahal,Nepal,Kathmandu,Female,1997-07-28 11:31:26,,,,
3039-LEGRT,2025-07-08,Refferal,2025-08-07,Premium,Monthly,,,54.08,2433,31,0,tanmayi,Nepal,Kathmandu,Female,1956-12-25 11:31:26,,,,
8472-MREZE,2021-02-03,Refferal,2021-03-05,Premium,Monthly,,,61.96,3779,31,0,balendra,India,Nagaland,Male,1966-06-14 11:31:26,,,,
9317-DEVTA,2021-12-13,Organic,2022-12-13,Premium,Annual,2023-11-06,Too expensive,73.56,2868,76,1,onveer,India,Karnataka,Male,2008-06-23 11:31:26,2025-04-09,N,64.0,1.0
3492-QVIJB,2024-09-20,Organic,2025-09-20,Standard,Annual,,,14.16,1231,25,0,madhav,India,Uttar Pradesh,Male,1961-03-23 11:31:26,,,,
8549-RTWBA,2022-03-13,Paid,2022-04-12,Standard,Monthly,,,16.39,1048,41,0,rudra,India,Rajasthan,Male,1961-06-24 11:31:26,2025-07-12,N,86.0,1.0
2748-SYMRU,2024-12-08,Refferal,2025-12-08,Basic,Annual,,,8.15,578,23,0,pratyush,India,Uttar Pradesh,Male,1964-08-28 11:31:26,2025-09-05,Y,37.0,1.0
4113-RGUCS,2023-01-07,Paid,2023-02-06,Basic,Monthly,,,9.3,223,57,0,umang,India,Telangana,Male,1980-04-03 11:31:26,2025-01-02,Y,30.0,2.0
1799-XECXU,2024-06-11,Organic,2024-07-11,Premium,Monthly,,,50.21,3313,49,0,kamya,Nepal,Kathmandu,Female,1958-05-21 11:31:26,,,,
6167-UZSBH,2021-11-06,Paid,2021-12-06,Premium,Monthly,,,49.43,3212,26,0,balveer,India,Karnataka,Male,1973-04-26 11:31:26,,,,
3155-SPMZC,2021-03-25,Refferal,2021-04-24,Premium,Monthly,,,40.26,1529,10,0,rushil,Nepal,Kathmandu,Male,1958-07-28 11:31:26,2024-10-06,Y,23.0,1.0
6147-YIWXF,2023-10-16,Paid,2024-10-15,Premium,Annual,2025-12-12,Switched to competitor,80.4,4824,97,1,vritti,India,Nagaland,Female,1983-04-10 11:31:26,2024-09-09,N,77.0,1.0
6509-PFWLI,2023-08-26,Paid,2023-09-25,Standard,Monthly,,,14.56,276,39,0,sneha,India,Uttar Pradesh,Female,2008-03-11 11:31:26,,,,
6344-ROHKB,2021-03-27,Organic,2022-03-27,Premium,Annual,,,85.96,6275,25,0,benjamin,India,Nagaland,Male,2000-08-27 11:31:26,,,,
8700-TNLEZ,2021-02-14,Refferal,2022-02-14,Basic,Annual,2022-04-03,Too expensive,8.35,534,84,1,faras,Nepal,Kathmandu,Male,1959-11-23 11:31:26,,,,
1439-BILTZ,2022-06-01,Organic,2023-06-01,Basic,Annual,,,8.55,478,6,0,robert,India,Delhi,Male,1993-01-31 11:31:26,,,,
2747-RURJO,2024-11-16,Refferal,2025-11-16,Premium,Annual,,,71.18,1210,4,0,krishna,India,Karnataka,Female,1967-04-15 11:31:26,2025-07-10,Y,23.0,1.0
4610-PBJUB,2021-05-23,Paid,2022-05-23,Standard,Annual,,,16.85,1398,41,0,dev,India,Meghalaya,Male,2001-01-19 11:31:26,2026-04-25,N,77.0,1.0
0818-QVNXV,2020-11-02,Refferal,2021-11-02,Premium,Annual,,,30.23,2267,6,0,amrita,India,Telangana,Female,1991-07-25 11:31:26,,,,
0488-INZOH,2025-08-01,Refferal,2025-08-31,Standard,Monthly,,,13.18,883,8,0,rachana,India,Uttar Pradesh,Female,1985-08-08 11:31:26,2025-04-15,N,61.0,1.0
5080-PQMGY,2023-04-29,Refferal,2023-05-29,Standard,Monthly,2024-11-01,Forgot to cancel trial,16.16,517,74,1,vyanjana,India,Rajasthan,Female,1975-09-11 11:31:26,2026-07-05,N,69.0,2.0
2710-KEQTT,2021-05-31,Refferal,2022-05-31,Premium,Annual,2022-01-05,Not enough content,43.41,1215,76,1,vamakshi,India,Meghalaya,Female,1972-12-31 11:31:26,,,,
5939-ZUGXF,2024-01-13,Paid,2025-01-12,Premium,Annual,2026-01-12,Too expensive,71.79,1938,93,1,hema,India,Nagaland,Female,1978-06-01 11:31:26,2025-07-20,N,86.0,1.0
5339-YEAFF,2023-08-25,Organic,2023-09-24,Basic,Monthly,2024-07-31,Forgot to cancel trial,6.67,420,75,1,urishilla,India,Meghalaya,Female,1985-11-27 11:31:26,2025-12-01,N,61.0,1.0
7402-ALTQJ,2025-11-11,Paid,2025-12-11,Premium,Monthly,,,74.67,5002,32,0,mohammed,India,Nagaland,Male,2003-08-29 11:31:26,2025-08-08,Y,16.0,1.0
7360-TZFHC,2025-04-06,Paid,2026-04-06,Premium,Annual,,,73.2,6588,40,0,jhalak,Nepal,Kathmandu,Female,1986-12-18 11:31:26,,,,
0129-NWRWG,2022-05-29,Paid,2022-06-28,Basic,Monthly,,,7.8,600,53,0,vaishnavi,India,Karnataka,Female,1970-02-23 11:31:26,,,,
4420-UIEIJ,2022-02-17,Refferal,2023-02-17,Premium,Annual,,,73.02,5257,7,0,triveni,Nepal,Kathmandu,Female,1993-04-11 11:31:26,,,,
6161-BSOUF,2020-09-12,Refferal,2020-10-12,Standard,Monthly,,,14.48,781,47,0,nidra,India,Maharashtra,Female,2004-03-03 11:31:26,2025-09-07,N,56.0,1.0
4021-KEAJI,2022-08-13,Refferal,2022-09-12,Standard,Monthly,,,14.27,214,46,0,ekansh,Nepal,Kathmandu,Male,1959-10-15 11:31:26,,,,
8985-XTNJA,2023-09-18,Paid,2023-10-18,Standard,Monthly,,,16.83,959,65,0,vrinda,India,Maharashtra,Female,1982-01-06 11:31:26,,,,
8283-HUHUM,2026-01-30,Paid,2027-01-30,Basic,Annual,,,9.09,718,6,0,yatan,India,Delhi,Male,2001-01-13 11:31:26,,,,
3816-NHGUZ,2022-05-12,Organic,2022-06-11,Standard,Monthly,2023-05-02,Forgot to cancel trial,14.14,367,92,1,waida,India,Telangana,Female,1980-02-21 11:31:26,,,,
3742-CEKQL,2025-03-23,Organic,2026-03-23,Standard,Annual,2026-06-19,Not enough content,12.06,988,87,1,upasna,India,Delhi,Female,1966-04-11 11:31:26,,,,
1300-NPEKA,2025-03-21,Refferal,2025-04-20,Premium,Monthly,2026-07-09,Switched to competitor,34.88,2546,89,1,kala,India,Delhi,Female,1971-09-17 11:31:26,,,,
2963-TBKQE,2021-09-20,Paid,2022-09-20,Basic,Annual,2023-04-25,Poor streaming quality,9.32,596,72,1,ridhi,India,Nagaland,Female,1959-07-23 11:31:26,,,,
3870-VAMDM,2022-11-27,Organic,2023-11-27,Premium,Annual,2024-02-08,Not enough content,84.55,1521,73,1,tejas,India,Rajasthan,Male,2007-12-13 11:31:26,,,,
3071-KIBIV,2024-09-30,Refferal,2025-09-30,Premium,Annual,2026-06-07,Too expensive,20.19,1049,70,1,finn,India,Uttar Pradesh,Male,1989-04-08 11:31:26,,,,
1529-QFORK,2025-05-26,Refferal,2026-05-26,Standard,Annual,,,11.6,185,4,0,saumya,India,Nagaland,Female,1976-11-24 11:31:26,,,,
4889-CDJJC,2022-02-24,Paid,2023-02-24,Basic,Annual,,,9.61,768,48,0,imaran,India,Karnataka,Male,,,,,
4758-KTQBN,2024-03-26,Paid,2025-03-26,Premium,Annual,2025-12-09,Switched to competitor,63.29,4873,94,1,siddharth,India,Maharashtra,Male,,2025-09-02,N,87.0,1.0
6387-VLQUH,2022-04-10,Paid,2022-05-10,Premium,Monthly,,,49.86,4287,56,0,madhavi,India,Delhi,Female,2002-11-28 11:31:26,,,,
8176-UEDAV,2025-04-15,Paid,2026-04-15,Basic,Annual,2026-04-28,Poor streaming quality,6.34,183,91,1,zinal,Nepal,Kathmandu,Female,1977-01-31 11:31:26,,,,
7173-YIBHP,2021-09-19,Paid,2021-10-19,Basic,Monthly,2024-04-10,Too expensive,7.69,692,78,1,samuel,India,Maharashtra,Male,1958-05-06 11:31:26,2024-10-10,Y,35.0,1.0
9265-NEIQD,2022-04-21,Refferal,2023-04-21,Premium,Annual,2023-06-24,Switched to competitor,30.55,1191,78,1,ekansh,India,Uttar Pradesh,Male,1974-06-17 11:31:26,,,,
7374-KZOXJ,2024-03-10,Refferal,2025-03-10,Basic,Annual,2024-10-03,Forgot to cancel trial,7.06,289,76,1,vasatika,Nepal,Kathmandu,Female,1965-04-26 11:31:26,,,,
6653-QXAXT,2024-08-30,Organic,2025-08-30,Basic,Annual,,,7.13,541,27,0,madhavi,Nepal,Kathmandu,Female,1988-06-10 11:31:26,2025-08-15,N,60.0,1.0
0782-OXBRQ,2020-09-30,Refferal,2020-10-30,Premium,Monthly,2021-08-06,Forgot to cancel trial,84.3,4973,90,1,oeshi,Nepal,Kathmandu,Female,2008-02-23 11:31:26,2025-09-16,Y,31.0,2.0
0183-GYRST,2026-03-24,Refferal,2026-04-23,Basic,Monthly,,,9.23,535,15,0,idika,India,Karnataka,Female,2007-03-06 11:31:26,2025-03-15,Y,10.0,1.0
8868-FBONA,2024-09-30,Paid,2024-10-30,Premium,Monthly,,,42.62,3793,32,0,edhitha,India,Uttar Pradesh,Female,1969-06-15 11:31:26,2026-02-03,N,69.0,1.0
4544-ALYZX,2021-02-26,Organic,2022-02-26,Standard,Annual,,,15.8,869,41,0,kamala,India,Telangana,Female,2006-03-27 11:31:26,,,,
2678-OEKEM,2023-06-23,Paid,2024-06-22,Basic,Annual,2024-02-16,Not enough content,7.3,167,91,1,advika,India,Nagaland,Female,1960-07-14 11:31:26,2025-04-27,N,75.0,1.0
3779-DPNKS,2025-02-26,Paid,2026-02-26,Standard,Annual,2025-11-14,Poor streaming quality,15.07,708,93,1,nachiket,India,Telangana,Male,1988-06-19 11:31:26,,,,
7577-GBFBZ,2026-05-17,Refferal,2026-06-16,Standard,Monthly,,,11.64,419,4,0,yahvi,India,Rajasthan,Female,1999-11-21 11:31:26,2025-07-25,N,64.0,1.0
5112-DVIJY,2022-07-15,Refferal,2022-08-14,Premium,Monthly,2025-07-04,Forgot to cancel trial,53.5,2621,77,1,amol,India,Nagaland,Male,1965-06-14 11:31:26,,,,
0742-DOJNZ,2020-12-16,Refferal,2021-12-16,Standard,Annual,,,15.09,467,21,0,elijah,India,Telangana,Male,2004-03-11 11:31:26,2026-03-11,N,85.0,1.0
2793-LMGJY,2023-10-05,Refferal,2024-10-04,Premium,Annual,,,28.02,2269,50,0,bimala,India,Telangana,Female,1963-09-14 11:31:26,,,,
5005-IQAXN,2021-09-28,Paid,2022-09-28,Standard,Annual,,,15.13,620,59,0,hemangini,India,Karnataka,Female,1992-09-26 11:31:26,2026-04-28,N,60.0,1.0
9148-CBIFP,2025-05-26,Refferal,2026-05-26,Standard,Annual,,,14.01,1134,32,0,rayaan,India,Nagaland,Male,1972-05-18 11:31:26,2024-11-18,N,88.0,1.0
7734-EXRNB,2022-11-07,Paid,2022-12-07,Premium,Monthly,,,63.12,5491,17,0,jeet,India,Karnataka,Male,2004-11-12 11:31:26,,,,
0948-UXZUU,2022-01-22,Paid,2022-02-21,Premium,Monthly,,,29.14,582,31,0,timothy,India,Meghalaya,Male,1987-12-10 11:31:26,2026-08-18,N,56.0,1.0
1400-IURUT,2023-04-15,Refferal,2024-04-14,Standard,Annual,2023-05-01,Not enough content,15.21,790,84,1,ira,India,Telangana,Female,1959-04-28 11:31:26,2026-03-07,N,52.0,2.0
8986-LNKFL,2023-05-10,Organic,2023-06-09,Standard,Monthly,,,13.49,768,43,0,ishita,India,Karnataka,Female,1976-07-18 11:31:26,2026-01-01,N,87.0,1.0
5893-UHSPG,2026-01-08,Paid,2026-02-07,Basic,Monthly,,,9.61,557,33,0,nachiket,India,Telangana,Male,1978-07-20 11:31:26,,,,
8125-XJDPZ,2024-04-03,Organic,2025-04-03,Basic,Annual,2025-03-16,Switched to competitor,7.5,285,81,1,fariq,India,Nagaland,Male,1984-09-06 11:31:26,,,,
6388-MBDMN,2024-12-01,Paid,2025-12-01,Basic,Annual,,,8.35,668,55,0,ansh,India,Karnataka,Male,1966-05-31 11:31:26,,,,
0507-HMCEP,2022-02-03,Paid,2023-02-03,Premium,Annual,,,86.84,6860,16,0,darsh,India,Telangana,Male,,,,,
3385-RGQAR,2021-10-12,Paid,2022-10-12,Standard,Annual,,,12.8,1100,7,0,manthan,India,Delhi,Male,1960-07-11 11:31:26,,,,
8116-RTUKW,2025-08-08,Refferal,2026-08-08,Premium,Annual,,,46.45,1068,45,0,ati,India,Nagaland,Female,1982-02-25 11:31:26,2025-01-27,N,75.0,2.0
6136-JMPNH,2022-07-03,Refferal,2023-07-03,Basic,Annual,,,7.53,286,29,0,urishilla,India,Telangana,Female,1997-03-13 11:31:26,2024-12-21,N,84.0,1.0
5083-PPLKS,2023-12-31,Paid,2024-01-30,Standard,Monthly,,,16.88,810,24,0,manya,India,Karnataka,Female,1985-06-01 11:31:26,2025-06-06,N,86.0,2.0
2698-ETPWP,2023-12-24,Paid,2024-01-23,Basic,Monthly,,,8.42,631,14,0,anvi,India,Karnataka,Female,1964-04-16 11:31:26,2026-01-07,N,85.0,1.0
4088-BQYJW,2022-10-09,Refferal,2023-10-09,Premium,Annual,,,54.24,3308,54,0,garima,Nepal,Kathmandu,Female,1989-11-27 11:31:26,,,,
3305-TSDWJ,2022-01-25,Refferal,2023-01-25,Basic,Annual,2023-01-09,Forgot to cancel trial,7.21,360,98,1,chanchal,India,Telangana,Female,1986-02-25 11:31:26,2025-08-21,N,58.0,1.0
9633-LOYGK,2025-12-27,Paid,2026-01-26,Standard,Monthly,2026-05-29,Too expensive,16.47,922,88,1,pallavi,India,Telangana,Female,1991-10-02 11:31:26,2026-08-19,N,89.0,1.0
4611-UGHLL,2020-12-24,Organic,2021-01-23,Standard,Monthly,,,13.84,359,58,0,bhanumati,India,Delhi,Female,1993-08-24 11:31:26,,,,
2030-YJALE,2024-09-01,Organic,2024-10-01,Premium,Monthly,,,66.49,997,60,0,faraj,India,Nagaland,Male,2003-08-17 11:31:26,,,,
5869-AERQV,2021-05-12,Paid,2022-05-12,Standard,Annual,2024-02-02,Poor streaming quality,15.05,346,86,1,chatresh,India,Rajasthan,Male,1997-03-23 11:31:26,2025-02-07,N,83.0,1.0
6615-XUTKU,2025-04-08,Paid,2026-04-08,Standard,Annual,,,12.51,625,39,0,oscar,India,Nagaland,Male,1993-06-23 11:31:26,,,,
0496-UFHZU,2024-11-07,Organic,2024-12-07,Premium,Monthly,,,81.58,3752,60,0,theodore,India,Rajasthan,Male,1968-07-10 11:31:26,2024-09-05,N,51.0,1.0
9653-EAGKA,2022-09-12,Refferal,2023-09-12,Standard,Annual,2024-04-06,Switched to competitor,16.43,903,90,1,saanvi,India,Telangana,Female,1960-03-23 11:31:26,,,,
8421-RSDLK,2022-01-29,Refferal,2022-02-28,Standard,Monthly,,,16.62,282,8,0,ekani,India,Delhi,Female,2007-11-18 11:31:26,,,,
4202-ULZCW,2023-06-06,Paid,2023-07-06,Premium,Monthly,,,88.33,3356,43,0,anmol,India,Rajasthan,Male,1993-11-12 11:31:26,2025-07-06,Y,30.0,2.0
1041-DRBTO,2021-09-23,Organic,2021-10-23,Premium,Monthly,,,30.96,897,60,0,yash,India,Delhi,Male,1983-11-05 11:31:26,2025-01-04,N,63.0,1.0
4295-VISVD,2022-07-01,Organic,2023-07-01,Basic,Annual,,,9.99,569,57,0,priya,Nepal,Kathmandu,Female,1956-11-23 11:31:26,2025-07-29,Y,11.0,1.0
4476-QNTAS,2021-01-12,Paid,2021-02-11,Standard,Monthly,,,11.35,794,9,0,faris,India,Meghalaya,Male,1987-09-16 11:31:26,2025-03-25,N,59.0,2.0
0017-GIHIZ,2023-10-02,Refferal,2024-10-01,Basic,Annual,,,9.01,189,64,0,lekha,India,Delhi,Female,1985-06-07 11:31:26,,,,
8134-GWIEA,2020-08-22,Paid,2021-08-22,Basic,Annual,,,7.46,469,55,0,utkarsh,India,Nagaland,Male,1970-12-16 11:31:26,2025-11-30,N,73.0,1.0
5654-TLRVV,2024-11-08,Paid,2024-12-08,Basic,Monthly,2026-05-19,Switched to competitor,8.18,711,80,1,ranveer,India,Meghalaya,Male,1959-05-02 11:31:26,,,,
8351-GLFRB,2024-03-14,Paid,2025-03-14,Basic,Annual,,,9.0,495,46,0,adya,India,Rajasthan,Female,2003-07-29 11:31:26,,,,
7663-AFECN,2025-02-05,Refferal,2025-03-07,Premium,Monthly,2025-11-05,Poor streaming quality,84.45,7516,99,1,rajata,India,Uttar Pradesh,Female,1961-06-25 11:31:26,2025-02-11,Y,28.0,1.0
6535-VXGZE,2024-06-03,Paid,2024-07-03,Standard,Monthly,,,14.24,427,7,0,bhavika,India,Meghalaya,Female,,2025-09-18,N,81.0,2.0
4139-YXCQZ,2025-01-15,Paid,2025-02-14,Premium,Monthly,2025-10-10,Switched to competitor,28.13,1097,70,1,yuvraj,India,Uttar Pradesh,Male,1959-04-22 11:31:26,,,,
1232-TCWFC,2024-02-29,Paid,2025-02-28,Premium,Annual,,,33.8,1757,12,0,faraj,India,Maharashtra,Male,2000-11-07 11:31:26,,,,
3852-CMFWH,2022-12-29,Paid,2023-12-29,Premium,Annual,,,54.85,1974,7,0,ojasvi,India,Meghalaya,Female,1960-02-09 11:31:26,2025-04-13,Y,24.0,1.0
9962-ARMVV,2023-08-24,Paid,2024-08-23,Premium,Annual,,,58.44,4207,40,0,chasmum,India,Karnataka,Female,1987-08-16 11:31:26,2024-10-08,N,75.0,1.0
5246-QTXTY,2021-08-31,Paid,2022-08-31,Basic,Annual,2021-09-24,Not enough content,7.25,398,96,1,eiravati,Nepal,Kathmandu,Female,1976-03-12 11:31:26,2024-09-12,Y,18.0,1.0
8922-EUWAE,2023-06-06,Organic,2024-06-05,Basic,Annual,,,6.35,368,8,0,chatresh,Nepal,Kathmandu,Male,1987-11-02 11:31:26,2025-10-12,Y,35.0,2.0
2684-CUEKF,2024-06-02,Organic,2024-07-02,Standard,Monthly,,,16.32,408,9,0,sara,India,Maharashtra,Female,1979-11-08 11:31:26,2025-09-09,Y,19.0,1.0
3795-BZRUX,2020-12-02,Refferal,2021-12-02,Basic,Annual,,,8.63,595,65,0,kabir,India,Uttar Pradesh,Male,1992-12-28 11:31:26,2025-01-29,Y,14.0,1.0
7929-FQCAT,2020-09-17,Organic,2020-10-17,Basic,Monthly,2023-05-15,Not enough content,7.7,292,80,1,balendra,Nepal,Kathmandu,Male,1984-03-29 11:31:26,2026-06-25,N,84.0,1.0
9333-QMMTR,2025-12-22,Paid,2026-01-21,Standard,Monthly,,,12.58,754,48,0,yatan,India,Telangana,Male,1971-02-20 11:31:26,,,,
1012-RUVJZ,2023-04-30,Organic,2024-04-29,Standard,Annual,,,15.3,933,43,0,chaaya,India,Telangana,Female,1976-08-24 11:31:26,,,,
9971-ZIRWF,2022-09-17,Refferal,2023-09-17,Premium,Annual,,,72.68,2834,4,0,azaan,India,Karnataka,Male,1958-03-29 11:31:26,,,,
9432-NJCNG,2025-05-13,Paid,2025-06-12,Premium,Monthly,2026-02-01,Too expensive,86.93,4520,98,1,sarthak,India,Nagaland,Male,1985-07-20 11:31:26,,,,
1541-SMDUM,2025-05-16,Paid,2026-05-16,Premium,Annual,,,57.18,2115,40,0,ayush,India,Telangana,Male,1983-09-23 11:31:26,,,,
1707-KESBI,2023-09-05,Refferal,2023-10-05,Premium,Monthly,,,27.79,2056,28,0,kiaan,India,Telangana,Male,1999-06-18 11:31:26,,,,
3652-GGCLW,2025-06-08,Paid,2025-07-08,Premium,Monthly,,,42.82,1584,7,0,balendra,India,Uttar Pradesh,Male,1973-01-09 11:31:26,,,,
1182-LGRDO,2026-01-25,Paid,2026-02-24,Premium,Monthly,,,71.18,4840,22,0,brinda,India,Maharashtra,Female,,,,,
8481-HFRDL,2021-03-21,Refferal,2021-04-20,Standard,Monthly,,,11.75,987,37,0,chanakya,India,Nagaland,Male,1982-05-11 11:31:26,2025-05-29,N,81.0,2.0
5781-ICGCT,2023-08-31,Organic,2023-09-30,Premium,Monthly,,,80.11,4406,36,0,gopal,India,Karnataka,Male,1998-03-06 11:31:26,2025-02-18,N,50.0,1.0
2206-LBXZS,2023-11-06,Refferal,2024-11-05,Premium,Annual,,,88.78,3462,4,0,gaurav,Nepal,Kathmandu,Male,1957-02-02 11:31:26,,,,
8812-PEOBK,2024-12-04,Paid,2025-01-03,Standard,Monthly,,,15.92,493,36,0,sarthak,India,Telangana,Male,1983-03-11 11:31:26,2026-03-04,N,74.0,1.0
2923-ZBAAP,2024-07-07,Paid,2024-08-06,Premium,Monthly,,,47.79,1672,53,0,praneel,India,Maharashtra,Male,,,,,
2532-BTELB,2025-09-17,Paid,2026-09-17,Basic,Annual,2026-03-29,Switched to competitor,7.56,672,87,1,unni,India,Telangana,Female,1971-12-11 11:31:26,2024-12-20,N,58.0,1.0
2196-QEVPW,2023-10-19,Paid,2023-11-18,Premium,Monthly,,,59.95,5035,34,0,gautam,Nepal,Kathmandu,Male,2004-12-12 11:31:26,,,,
4412-QJCPU,2022-07-30,Paid,2022-08-29,Standard,Monthly,,,14.92,402,59,0,zayyan,India,Rajasthan,Male,2003-09-27 11:31:26,2024-12-14,Y,20.0,1.0
9094-MFSDK,2026-01-02,Paid,2026-02-01,Premium,Monthly,,,32.02,864,20,0,vaishnavi,India,Maharashtra,Female,1983-05-23 11:31:26,2026-06-11,N,54.0,1.0
1982-MEHUH,2025-06-30,Organic,2025-07-30,Premium,Monthly,,,47.83,3730,45,0,nicholas,India,Meghalaya,Male,1960-08-23 11:31:26,2025-06-18,Y,30.0,1.0
5824-LAOMW,2025-05-21,Organic,2025-06-20,Basic,Monthly,,,9.03,162,47,0,tanveer,Nepal,Kathmandu,Male,1969-11-11 11:31:26,,,,
4399-LPACS,2024-02-19,Organic,2025-02-18,Standard,Annual,2025-02-21,Switched to competitor,13.89,1222,92,1,neel,India,Nagaland,Male,1970-05-10 11:31:26,2025-10-06,N,58.0,2.0
5890-VMMEH,2022-09-16,Refferal,2022-10-16,Premium,Monthly,,,20.21,444,5,0,joshua,India,Telangana,Male,1961-07-25 11:31:26,,,,
6841-GQHUC,2023-03-18,Paid,2024-03-17,Basic,Annual,,,7.82,547,38,0,upkaar,India,Delhi,Male,1970-07-02 11:31:26,,,,
3067-YWJYJ,2020-08-21,Paid,2020-09-20,Premium,Monthly,,,91.92,6066,22,0,sneha,India,Telangana,Female,1991-02-25 11:31:26,,,,
8358-MFBEJ,2026-04-16,Paid,2027-04-16,Basic,Annual,2026-05-16,Not enough content,7.13,442,71,1,anay,India,Nagaland,Male,1996-08-01 11:31:26,2025-10-30,Y,16.0,1.0
7002-PICBC,2021-05-31,Refferal,2021-06-30,Premium,Monthly,2022-04-21,Not enough content,88.43,2122,89,1,yochana,India,Uttar Pradesh,Female,1989-05-04 11:31:26,,,,
7540-WXSCA,2020-09-03,Organic,2020-10-03,Premium,Monthly,,,90.9,3090,31,0,nidhi,India,Uttar Pradesh,Female,1998-01-09 11:31:26,2026-08-10,N,86.0,1.0
7705-GPZHM,2025-07-23,Organic,2026-07-23,Premium,Annual,,,78.38,4310,36,0,jalsa,India,Nagaland,Female,1994-03-07 11:31:26,,,,
8841-HCQQE,2025-01-27,Organic,2025-02-26,Standard,Monthly,2025-07-04,Forgot to cancel trial,12.9,683,99,1,alka,India,Maharashtra,Female,1959-03-04 11:31:26,2026-07-11,N,78.0,1.0
5259-JWCEN,2025-12-03,Paid,2026-01-02,Basic,Monthly,,,6.43,308,23,0,manya,India,Nagaland,Female,1975-07-02 11:31:26,,,,
2825-FVSBT,2021-03-07,Paid,2021-04-06,Basic,Monthly,2021-12-04,Forgot to cancel trial,7.32,490,76,1,faras,India,Uttar Pradesh,Male,1965-10-21 11:31:26,2025-07-23,Y,13.0,1.0
0545-DTBJU,2021-06-07,Organic,2021-07-07,Basic,Monthly,2023-07-12,Poor streaming quality,7.49,374,72,1,faras,India,Meghalaya,Male,1975-04-25 11:31:26,,,,
2936-POYAE,2025-10-02,Refferal,2025-11-01,Standard,Monthly,2026-03-25,Forgot to cancel trial,13.28,810,75,1,qadim,India,Karnataka,Male,1977-02-13 11:31:26,2025-02-19,N,65.0,1.0
7710-DEAIS,2025-04-20,Refferal,2025-05-20,Standard,Monthly,2025-11-07,Too expensive,14.93,597,78,1,kabir,India,Nagaland,Male,1993-01-27 11:31:26,2024-10-27,N,76.0,1.0
3694-FJJGJ,2023-11-29,Organic,2023-12-29,Premium,Monthly,,,21.17,1630,48,0,sudiksha,India,Delhi,Female,1975-07-08 11:31:26,,,,
3316-XAQTD,2024-11-09,Paid,2024-12-09,Standard,Monthly,,,12.99,727,36,0,ikbal,India,Meghalaya,Male,1979-04-14 11:31:26,,,,
0637-QIYWM,2025-03-13,Refferal,2026-03-13,Standard,Annual,2026-06-10,Forgot to cancel trial,11.37,852,96,1,nicholas,India,Delhi,Male,1971-11-14 11:31:26,,,,
4034-JGPTU,2023-06-12,Refferal,2023-07-12,Premium,Monthly,,,68.94,3378,3,0,harini,India,Delhi,Female,1970-07-02 11:31:26,,,,
2156-QYHDT,2024-01-22,Refferal,2025-01-21,Premium,Annual,,,88.36,3092,19,0,champak,India,Maharashtra,Male,1968-06-26 11:31:26,,,,
5454-BPMCY,2020-11-07,Paid,2021-11-07,Basic,Annual,,,8.78,553,21,0,netra,India,Rajasthan,Female,1967-02-22 11:31:26,2026-04-03,N,88.0,2.0
1132-XAEQB,2025-12-08,Organic,2026-12-08,Premium,Annual,2026-07-01,Too expensive,80.95,5585,75,1,ayaan,India,Nagaland,Male,1968-03-31 11:31:26,,,,
4775-IPOML,2022-08-21,Refferal,2023-08-21,Standard,Annual,,,12.11,520,15,0,oviya,India,Delhi,Female,1974-02-11 11:31:26,,,,
1355-FYISF,2023-01-12,Organic,2023-02-11,Basic,Monthly,,,9.5,503,7,0,urishilla,India,Delhi,Female,1959-02-23 11:31:26,2026-05-17,Y,28.0,1.0
4122-VKRNV,2024-12-08,Organic,2025-01-07,Premium,Monthly,2025-12-18,Too expensive,32.74,1898,87,1,ishaan,India,Nagaland,Male,1987-12-13 11:31:26,,,,
3838-FNNYJ,2024-04-13,Paid,2024-05-13,Premium,Monthly,2026-08-04,Poor streaming quality,22.43,695,77,1,abdul,India,Maharashtra,Male,1959-08-01 11:31:26,2025-11-26,Y,10.0,1.0
9167-KXOPH,2022-05-23,Refferal,2022-06-22,Premium,Monthly,2024-07-26,Forgot to cancel trial,66.46,2126,91,1,avi,India,Uttar Pradesh,Male,1988-02-04 11:31:26,,,,
7505-VWRTI,2022-06-22,Organic,2023-06-22,Premium,Annual,2022-11-30,Too expensive,73.4,5064,91,1,anvi,India,Meghalaya,Female,1965-12-15 11:31:26,2025-10-07,N,51.0,1.0
9332-VYTOH,2023-07-12,Paid,2023-08-11,Standard,Monthly,,,12.91,413,65,0,nihal,India,Meghalaya,Male,1982-08-14 11:31:26,2025-01-29,N,69.0,1.0
3403-MIXSE,2024-07-05,Organic,2024-08-04,Premium,Monthly,2025-01-26,Too expensive,36.05,2199,75,1,arya,India,Rajasthan,Female,1993-08-01 11:31:26,,,,
6583-HLLML,2026-03-22,Paid,2026-04-21,Premium,Monthly,,,20.23,465,49,0,ronith,India,Meghalaya,Male,2002-02-08 11:31:26,2026-02-22,N,68.0,1.0
0151-JPHDC,2021-02-26,Organic,2022-02-26,Standard,Annual,2022-11-03,Forgot to cancel trial,12.01,444,70,1,zayyan,India,Maharashtra,Male,1979-09-02 11:31:26,2025-07-02,Y,40.0,1.0
0927-XCBLR,2021-06-27,Paid,2022-06-27,Premium,Annual,,,59.21,4144,31,0,ronith,India,Karnataka,Male,1987-11-28 11:31:26,,,,
5860-QGGFY,2021-02-10,Refferal,2022-02-10,Basic,Annual,,,8.15,244,10,0,om,India,Rajasthan,Male,1968-06-28 11:31:26,2025-10-12,Y,33.0,1.0
1576-GTQGA,2023-10-16,Paid,2024-10-15,Standard,Annual,2024-03-31,Too expensive,16.09,530,70,1,aryan,India,Rajasthan,Male,1979-07-17 11:31:26,2025-02-28,Y,30.0,1.0
5257-VTHAN,2023-07-10,Paid,2023-08-09,Standard,Monthly,,,11.08,975,18,0,sudiksha,India,Telangana,Female,1968-03-14 11:31:26,,,,
9679-ZYSGB,2025-01-07,Refferal,2026-01-07,Premium,Annual,,,77.42,4180,49,0,dhruv,India,Karnataka,Male,1997-03-17 11:31:26,2025-08-07,N,66.0,1.0
5831-GESVD,2023-06-11,Organic,2024-06-10,Premium,Annual,2024-06-10,Forgot to cancel trial,83.89,2684,92,1,hardik,India,Uttar Pradesh,Male,1995-07-30 11:31:26,,,,
2431-VETMM,2023-11-12,Refferal,2023-12-12,Basic,Monthly,,,8.0,200,48,0,indira,India,Uttar Pradesh,Female,,,,,
3587-ETZLE,2022-01-11,Organic,2023-01-11,Standard,Annual,2022-11-09,Poor streaming quality,15.86,1046,71,1,jatin,India,Telangana,Male,1991-06-10 11:31:26,,,,
9211-XKPUZ,2025-02-07,Paid,2025-03-09,Basic,Monthly,2026-04-19,Switched to competitor,7.9,647,83,1,kiaan,India,Meghalaya,Male,1978-02-28 11:31:26,2026-06-27,N,52.0,2.0
6625-QMASJ,2021-04-14,Paid,2021-05-14,Premium,Monthly,,,45.04,3558,56,0,chaitanya,India,Maharashtra,Male,1961-01-19 11:31:26,2025-06-19,N,77.0,2.0
4717-UVGKK,2022-06-25,Paid,2022-07-25,Basic,Monthly,,,8.44,683,19,0,girish,India,Maharashtra,Male,1964-12-16 11:31:26,,,,
3883-DYLHV,2025-01-23,Refferal,2025-02-22,Basic,Monthly,,,7.35,205,24,0,advik,India,Uttar Pradesh,Male,1986-07-19 11:31:26,,,,
5806-QRDEI,2026-04-26,Refferal,2026-05-26,Premium,Monthly,,,81.76,5069,57,0,frado,India,Telangana,Male,1974-06-08 11:31:26,2026-08-14,N,81.0,2.0
9805-YMNEL,2024-03-21,Paid,2025-03-21,Basic,Annual,2024-07-13,Poor streaming quality,6.01,96,89,1,timothy,India,Maharashtra,Male,2005-02-10 11:31:26,,,,
0402-OJSNU,2020-11-23,Paid,2021-11-23,Standard,Annual,,,15.69,1035,48,0,urvi,India,Karnataka,Female,2001-06-04 11:31:26,2026-04-11,Y,32.0,2.0
1714-AGQWA,2021-07-14,Paid,2021-08-13,Basic,Monthly,,,8.82,696,54,0,ridhi,India,Delhi,Female,1983-10-21 11:31:26,2026-02-04,N,86.0,1.0
3145-RLHEP,2021-04-13,Paid,2022-04-13,Standard,Annual,,,15.29,1085,60,0,chaman,India,Nagaland,Female,2006-08-11 11:31:26,2026-07-15,Y,20.0,2.0
3649-UMHKF,2025-08-19,Paid,2026-08-19,Premium,Annual,2026-03-26,Switched to competitor,77.7,4273,72,1,ethan,India,Meghalaya,Male,,,,,
2615-CVMTV,2020-09-18,Paid,2020-10-18,Standard,Monthly,,,12.85,783,38,0,maanas,Nepal,Kathmandu,Male,1995-01-05 11:31:26,2026-01-10,N,71.0,1.0
0680-QHHIR,2022-05-23,Paid,2023-05-23,Standard,Annual,,,11.71,761,5,0,dayamai,India,Nagaland,Female,1974-06-30 11:31:26,2025-07-31,N,64.0,1.0
9107-SFBRF,2021-11-02,Organic,2021-12-02,Standard,Monthly,,,11.36,488,61,0,oni,India,Karnataka,Female,1982-11-02 11:31:26,,,,
4540-VBPDZ,2021-10-22,Paid,2022-10-22,Basic,Annual,,,8.82,643,54,0,jagvi,India,Karnataka,Female,1974-07-26 11:31:26,,,,
3643-NDVPV,2023-10-17,Refferal,2024-10-16,Standard,Annual,,,16.82,1076,48,0,kai,India,Maharashtra,Male,1995-01-25 11:31:26,2025-11-19,N,63.0,1.0
6374-BEGHZ,2024-08-19,Paid,2024-09-18,Premium,Monthly,2026-08-20,Not enough content,75.69,3406,83,1,ekta,India,Telangana,Female,1970-02-16 11:31:26,2025-12-22,N,60.0,1.0
5925-TMBKG,2023-12-28,Refferal,2024-12-27,Basic,Annual,,,8.34,333,60,0,riya,Nepal,Kathmandu,Female,1964-05-26 11:31:26,,,,
5407-YRLDN,2020-11-20,Organic,2021-11-20,Premium,Annual,,,27.1,1951,20,0,zansi,India,Uttar Pradesh,Female,1990-12-30 11:31:26,,,,
0106-UNUKJ,2020-12-25,Refferal,2021-01-24,Premium,Monthly,2022-05-03,Not enough content,36.88,3282,90,1,frederick,India,Rajasthan,Male,1976-09-02 11:31:26,,,,
9378-GLQIK,2025-03-05,Refferal,2025-04-04,Basic,Monthly,,,7.42,118,7,0,irya,India,Delhi,Female,2008-07-29 11:31:26,,,,
7675-KRPVB,2020-12-10,Organic,2021-12-10,Basic,Annual,,,8.06,394,17,0,krishna,India,Rajasthan,Male,1969-11-07 11:31:26,2025-12-12,N,79.0,2.0
2895-UBPZG,2024-06-07,Paid,2025-06-07,Basic,Annual,,,8.54,563,15,0,sara,India,Meghalaya,Female,2002-12-09 11:31:26,,,,
4176-YEELM,2025-08-09,Organic,2026-08-09,Standard,Annual,,,15.43,385,18,0,pranit,India,Uttar Pradesh,Male,2004-11-11 11:31:26,,,,
8114-FHSZX,2022-04-27,Paid,2022-05-27,Premium,Monthly,,,57.19,4346,59,0,aditya,India,Telangana,Male,1967-06-24 11:31:26,,,,
2822-YBDIO,2021-12-19,Refferal,2022-12-19,Basic,Annual,,,6.36,381,32,0,sanya,India,Meghalaya,Female,2006-03-19 11:31:26,,,,
5471-LJEYZ,2023-07-24,Refferal,2024-07-23,Standard,Annual,,,11.76,317,64,0,sachi,India,Maharashtra,Female,1973-08-26 11:31:26,2026-06-12,N,85.0,2.0
9269-ILUZL,2025-08-15,Organic,2026-08-15,Basic,Annual,2026-03-22,Not enough content,7.18,251,81,1,watika,India,Telangana,Female,1974-05-26 11:31:26,2025-09-13,Y,21.0,1.0
2864-VCCIH,2021-10-12,Paid,2022-10-12,Standard,Annual,,,15.21,1262,45,0,girik,India,Karnataka,Male,1988-10-26 11:31:26,,,,
6057-OEBGX,2023-11-11,Organic,2024-11-10,Premium,Annual,,,50.51,2677,65,0,vasudha,India,Nagaland,Female,1998-12-05 11:31:26,,,,
5069-XNDRY,2020-11-12,Paid,2020-12-12,Standard,Monthly,2021-09-10,Switched to competitor,11.83,307,89,1,alka,India,Telangana,Female,1973-12-28 11:31:26,,,,
4363-LYQUI,2022-07-22,Refferal,2022-08-21,Standard,Monthly,,,11.1,876,15,0,michael,India,Delhi,Male,2008-08-19 11:31:26,,,,
9761-WXCXU,2024-12-01,Organic,2025-12-01,Standard,Annual,2025-08-16,Switched to competitor,14.76,797,93,1,shravya,Nepal,Kathmandu,Female,1983-06-06 11:31:26,,,,
0504-AZRSW,2022-08-19,Paid,2022-09-18,Standard,Monthly,2024-08-07,Not enough content,12.1,1064,80,1,aditya,India,Nagaland,Male,1981-04-15 11:31:26,,,,
2130-PTMTC,2022-09-06,Paid,2023-09-06,Basic,Annual,,,8.27,512,65,0,qushi,India,Maharashtra,Female,1962-08-25 11:31:26,,,,
8880-QUAOA,2021-12-30,Organic,2022-12-30,Premium,Annual,,,64.8,3952,43,0,matthew,India,Maharashtra,Male,1964-01-21 11:31:26,,,,
3204-RXMDA,2022-03-23,Paid,2022-04-22,Standard,Monthly,,,15.62,843,46,0,zashil,India,Karnataka,Male,1986-09-20 11:31:26,,,,
9184-OWQRZ,2024-03-27,Paid,2024-04-26,Basic,Monthly,2026-04-15,Not enough content,8.72,165,96,1,azaan,India,Uttar Pradesh,Male,1993-08-18 11:31:26,2026-06-02,N,86.0,2.0
3260-OQGQP,2026-01-24,Refferal,2026-02-23,Premium,Monthly,,,80.42,5066,36,0,amruta,India,Telangana,Female,1959-01-26 11:31:26,,,,
0701-GZPDA,2021-12-07,Refferal,2022-12-07,Premium,Annual,,,90.03,3781,31,0,logan,Nepal,Kathmandu,Male,2005-02-12 11:31:26,,,,
1352-DJOOO,2025-10-18,Organic,2025-11-17,Standard,Monthly,,,11.12,333,62,0,panini,India,Nagaland,Female,1997-09-05 11:31:26,2025-12-14,N,85.0,1.0
6328-BWAZN,2024-10-31,Refferal,2024-11-30,Basic,Monthly,2025-10-15,Too expensive,8.32,732,82,1,chameli,India,Karnataka,Female,1968-10-24 11:31:26,2025-12-29,N,86.0,2.0
1003-BVPRD,2023-01-14,Organic,2024-01-14,Standard,Annual,,,15.49,898,62,0,jhalak,India,Uttar Pradesh,Female,1966-07-09 11:31:26,,,,
6739-VDKUZ,2023-02-02,Refferal,2024-02-02,Premium,Annual,,,79.91,5114,44,0,faraj,India,Maharashtra,Male,1962-06-15 11:31:26,,,,
4026-EOQZE,2025-11-13,Paid,2026-11-13,Standard,Annual,,,14.61,1168,46,0,nachiket,India,Nagaland,Male,1991-12-14 11:31:26,,,,
9361-UASJP,2023-03-22,Organic,2023-04-21,Premium,Monthly,,,24.42,1807,21,0,nitesh,Nepal,Kathmandu,Male,1962-11-06 11:31:26,,,,
2003-YVJCY,2021-10-29,Organic,2022-10-29,Premium,Annual,,,64.69,2070,11,0,dominic,India,Karnataka,Male,1986-11-05 11:31:26,2024-11-30,N,59.0,1.0
8593-MQENR,2025-08-06,Paid,2026-08-06,Standard,Annual,,,12.57,967,36,0,isha,India,Karnataka,Female,1997-11-11 11:31:26,,,,
4001-CJTJS,2024-08-05,Refferal,2025-08-05,Premium,Annual,2025-12-09,Poor streaming quality,80.45,6355,91,1,mohammed,India,Delhi,Male,1962-07-20 11:31:26,,,,
0455-ZJRQT,2023-02-10,Paid,2023-03-12,Basic,Monthly,,,7.88,567,47,0,ekansh,India,Maharashtra,Male,1968-01-26 11:31:26,2026-06-16,N,69.0,1.0
3468-JWRUQ,2024-05-30,Refferal,2024-06-29,Standard,Monthly,,,11.63,244,45,0,eta,India,Uttar Pradesh,Female,1973-09-24 11:31:26,,,,
5835-QDCDV,2022-06-18,Refferal,2022-07-18,Premium,Monthly,2024-03-17,Too expensive,28.36,1191,73,1,gaurangi,India,Maharashtra,Female,1969-06-17 11:31:26,2026-07-15,N,80.0,2.0
5036-XKMMC,2021-09-11,Refferal,2022-09-11,Standard,Annual,,,12.17,985,28,0,dhriti,Nepal,Kathmandu,Female,1966-07-20 11:31:26,2026-04-26,Y,22.0,1.0
4953-INSHJ,2024-10-25,Paid,2025-10-25,Standard,Annual,2026-04-02,Forgot to cancel trial,14.87,713,90,1,eta,India,Karnataka,Female,1998-02-08 11:31:26,2026-03-03,Y,25.0,1.0
8338-PEHGP,2026-03-01,Refferal,2027-03-01,Premium,Annual,2026-07-19,Poor streaming quality,23.69,1018,79,1,samuel,India,Maharashtra,Male,2005-01-07 11:31:26,,,,
7596-HKZTJ,2023-03-09,Paid,2024-03-08,Premium,Annual,2025-02-07,Not enough content,82.11,4926,80,1,nidra,India,Nagaland,Female,1965-11-13 11:31:26,,,,
9784-LUSPS,2021-07-06,Paid,2022-07-06,Standard,Annual,,,16.56,977,40,0,mahika,India,Maharashtra,Female,1990-03-05 11:31:26,2025-01-05,N,85.0,1.0
7336-RGJIQ,2021-09-12,Organic,2021-10-12,Premium,Monthly,,,86.43,3630,31,0,ekaja,India,Karnataka,Female,1982-08-03 11:31:26,2026-03-01,Y,14.0,1.0
2083-BBKXK,2024-02-13,Paid,2025-02-12,Premium,Annual,2025-10-07,Too expensive,35.38,1238,73,1,lila,India,Delhi,Female,1966-04-10 11:31:26,,,,
5611-KVQUB,2024-01-25,Organic,2025-01-24,Standard,Annual,,,14.24,441,16,0,jack,India,Rajasthan,Male,2007-09-03 11:31:26,2025-02-05,Y,13.0,1.0
0446-UURAO,2022-09-14,Paid,2023-09-14,Premium,Annual,,,80.26,6019,40,0,agastya,India,Meghalaya,Male,1993-08-22 11:31:26,,,,
9446-KILGY,2021-05-29,Organic,2022-05-29,Standard,Annual,2024-01-24,Not enough content,13.72,782,99,1,william,India,Delhi,Male,2001-02-12 11:31:26,,,,
3153-TMHOK,2024-09-24,Organic,2024-10-24,Standard,Monthly,2025-10-02,Too expensive,11.61,1033,74,1,vrinda,India,Uttar Pradesh,Female,2004-03-20 11:31:26,,,,
8677-FYEFM,2021-09-11,Paid,2022-09-11,Premium,Annual,2022-09-07,Poor streaming quality,48.72,1364,82,1,rachit,India,Maharashtra,Male,1978-05-30 11:31:26,,,,
6003-IIMGR,2023-06-19,Organic,2023-07-19,Basic,Monthly,2024-05-03,Forgot to cancel trial,7.24,499,91,1,sara,India,Karnataka,Female,1983-05-29 11:31:26,,,,
6008-GCTTG,2021-07-30,Refferal,2022-07-30,Premium,Annual,,,80.01,3040,65,0,ekantika,India,Delhi,Female,1993-11-13 11:31:26,,,,
6504-RUZVA,2020-10-27,Organic,2021-10-27,Premium,Annual,,,31.19,748,51,0,jeevika,India,Rajasthan,Female,1964-04-25 11:31:26,2026-03-02,N,57.0,2.0
2925-UPKHD,2026-02-06,Organic,2027-02-06,Premium,Annual,,,87.66,6749,13,0,krishna,India,Delhi,Male,1978-10-28 11:31:26,2025-01-30,N,73.0,1.0
8527-ZWLAP,2024-12-29,Refferal,2025-01-28,Basic,Monthly,,,6.44,412,29,0,harrison,India,Meghalaya,Male,1974-09-21 11:31:26,,,,
6267-QAYMJ,2021-08-27,Paid,2022-08-27,Premium,Annual,2022-07-26,Forgot to cancel trial,19.17,364,77,1,bachittar,India,Maharashtra,Male,1969-07-11 11:31:26,,,,
7415-UGRFM,2025-08-15,Paid,2026-08-15,Basic,Annual,,,7.3,226,42,0,urvashi,India,Nagaland,Female,1969-08-05 11:31:26,2025-08-14,Y,22.0,1.0
8368-FTAMU,2025-08-15,Paid,2025-09-14,Premium,Monthly,,,55.95,4811,49,0,omaja,India,Rajasthan,Female,1966-02-02 11:31:26,2026-05-31,Y,22.0,1.0
7169-DGHVE,2022-12-19,Refferal,2023-01-18,Standard,Monthly,2024-10-19,Switched to competitor,15.79,426,82,1,unni,India,Telangana,Female,1968-09-11 11:31:26,,,,
9477-EWOXG,2024-02-18,Organic,2024-03-19,Basic,Monthly,2025-10-20,Poor streaming quality,9.12,629,96,1,ansh,India,Telangana,Male,1962-10-31 11:31:26,,,,
5587-VIDOK,2024-10-11,Paid,2024-11-10,Premium,Monthly,,,32.49,844,37,0,sachi,India,Karnataka,Female,1965-01-27 11:31:26,2025-06-05,N,53.0,1.0
3560-LSWIX,2024-04-28,Refferal,2024-05-28,Basic,Monthly,,,7.51,495,6,0,zaitra,India,Telangana,Female,1989-01-16 11:31:26,,,,
2259-FHHSU,2023-08-19,Organic,2024-08-18,Standard,Annual,,,11.61,348,34,0,anirudh,India,Meghalaya,Male,1957-02-03 11:31:26,,,,
4449-SHECE,2023-04-07,Organic,2024-04-06,Premium,Annual,,,20.11,563,32,0,varsha,India,Karnataka,Female,1999-09-17 11:31:26,2026-05-24,Y,39.0,1.0
3873-SINFE,2023-08-15,Paid,2023-09-14,Basic,Monthly,2026-02-15,Switched to competitor,8.83,203,98,1,krisha,India,Nagaland,Female,1985-08-18 11:31:26,,,,
3772-YFJLC,2026-04-18,Paid,2027-04-18,Premium,Annual,,,60.85,1156,28,0,rudra,India,Nagaland,Male,2002-01-27 11:31:26,,,,
2178-OQXGU,2023-11-05,Organic,2024-11-04,Premium,Annual,,,56.56,3506,63,0,anmol,India,Meghalaya,Male,1967-04-26 11:31:26,2025-09-02,Y,19.0,1.0
6852-IFXZC,2021-09-23,Refferal,2022-09-23,Standard,Annual,,,15.08,678,27,0,arya,India,Meghalaya,Female,1964-01-08 11:31:26,,,,
2081-MGAPX,2022-12-04,Organic,2023-01-03,Premium,Monthly,2025-05-09,Poor streaming quality,47.08,1553,97,1,thomas,India,Karnataka,Male,1997-05-13 11:31:26,2025-03-31,N,89.0,1.0
1732-QXOXL,2023-04-16,Refferal,2024-04-15,Basic,Annual,,,8.54,614,65,0,mekhala,India,Telangana,Female,2000-10-09 11:31:26,2025-11-12,Y,32.0,2.0
4454-BPMVM,2024-08-08,Refferal,2024-09-07,Premium,Monthly,2026-01-26,Not enough content,32.74,1833,75,1,avni,India,Maharashtra,Female,1964-09-02 11:31:26,,,,
8566-EDFQZ,2023-04-21,Paid,2023-05-21,Basic,Monthly,,,7.84,627,26,0,ekavir,India,Meghalaya,Male,1988-11-20 11:31:26,,,,
6419-SRDIQ,2021-02-26,Organic,2021-03-28,Basic,Monthly,,,7.74,448,41,0,upkaar,Nepal,Kathmandu,Male,1993-01-16 11:31:26,,,,
5686-ZPYUL,2021-04-15,Paid,2022-04-15,Premium,Annual,,,29.28,1464,10,0,yamini,India,Delhi,Female,2004-12-18 11:31:26,2026-03-13,N,89.0,1.0
3593-CXSGX,2022-11-24,Organic,2023-11-24,Premium,Annual,,,37.62,2332,13,0,ekanta,India,Maharashtra,Female,1998-03-10 11:31:26,,,,
7944-QMYAJ,2023-03-25,Organic,2023-04-24,Premium,Monthly,,,23.76,1544,48,0,neel,Nepal,Kathmandu,Male,1997-04-22 11:31:26,,,,
1613-QHMVZ,2023-03-31,Refferal,2024-03-30,Standard,Annual,2025-01-24,Switched to competitor,11.9,487,89,1,gaurav,India,Karnataka,Male,1960-06-07 11:31:26,2026-06-07,N,52.0,1.0
1534-HGRVE,2025-09-17,Refferal,2026-09-17,Basic,Annual,,,7.97,438,27,0,harrison,India,Rajasthan,Male,1978-04-11 11:31:26,,,,
4639-HVGFY,2022-01-28,Paid,2022-02-27,Premium,Monthly,2023-04-14,Switched to competitor,77.39,2321,83,1,chandani,India,Meghalaya,Female,1993-11-11 11:31:26,,,,
6645-RURTU,2024-10-07,Paid,2025-10-07,Basic,Annual,,,9.91,436,62,0,gautami,India,Nagaland,Female,1982-10-06 11:31:26,,,,
0695-YSXLO,2021-02-28,Organic,2021-03-30,Premium,Monthly,2023-04-24,Poor streaming quality,60.66,4913,73,1,diya,India,Karnataka,Female,2004-05-09 11:31:26,,,,
0446-OYBYG,2024-04-13,Organic,2024-05-13,Basic,Monthly,2025-04-29,Poor streaming quality,7.79,420,78,1,varenya,India,Telangana,Female,1999-09-20 11:31:26,,,,
1138-PRJXL,2023-08-26,Organic,2024-08-25,Standard,Annual,2024-02-11,Not enough content,12.34,691,70,1,brijesh,India,Telangana,Male,1958-03-07 11:31:26,,,,
9855-QRQJM,2024-10-25,Refferal,2025-10-25,Basic,Annual,,,7.91,300,31,0,sanaya,India,Nagaland,Female,1977-10-26 11:31:26,2026-08-03,N,68.0,2.0
9445-KNOEZ,2022-10-25,Paid,2022-11-24,Basic,Monthly,,,8.76,473,22,0,gauri,India,Rajasthan,Female,1959-02-16 11:31:26,,,,
9020-WMDLB,2020-11-21,Paid,2021-11-21,Standard,Annual,,,14.66,1202,18,0,ranveer,India,Uttar Pradesh,Male,1973-08-15 11:31:26,,,,
0426-YFAHS,2025-11-18,Paid,2025-12-18,Basic,Monthly,,,7.78,225,12,0,frederick,India,Karnataka,Male,1970-02-28 11:31:26,2025-10-08,N,81.0,1.0
6985-UYTFA,2021-07-27,Organic,2022-07-27,Premium,Annual,2023-04-23,Not enough content,49.33,4341,98,1,falan,India,Uttar Pradesh,Male,1995-11-19 11:31:26,,,,
9203-EQJKJ,2021-08-31,Paid,2022-08-31,Basic,Annual,,,6.29,257,51,0,eta,India,Delhi,Female,1985-12-12 11:31:26,2026-01-23,N,85.0,2.0
6839-YUJLI,2024-11-01,Refferal,2024-12-01,Premium,Monthly,,,45.39,4039,29,0,nilima,India,Rajasthan,Female,1985-09-08 11:31:26,,,,
5523-BJQID,2022-04-19,Paid,2023-04-19,Standard,Annual,,,15.37,999,29,0,udant,Nepal,Kathmandu,Male,1971-07-21 11:31:26,,,,
6385-FSVEJ,2021-04-24,Refferal,2022-04-24,Premium,Annual,2022-08-11,Forgot to cancel trial,31.53,504,75,1,hemangini,India,Delhi,Female,,,,,
4615-GVZWD,2026-02-27,Paid,2026-03-29,Standard,Monthly,,,11.58,579,26,0,ekaja,India,Karnataka,Female,1983-01-12 11:31:26,,,,
9180-PSOFQ,2024-03-20,Paid,2024-04-19,Premium,Monthly,,,28.73,1608,8,0,aadhya,India,Meghalaya,Female,1962-08-28 11:31:26,2025-02-22,N,54.0,1.0
8135-RTLTD,2023-07-02,Organic,2023-08-01,Standard,Monthly,,,11.01,704,43,0,veer,India,Nagaland,Male,1958-12-21 11:31:26,,,,
7410-XZBWJ,2023-10-06,Refferal,2023-11-05,Standard,Monthly,2024-04-21,Forgot to cancel trial,11.09,421,87,1,zaid,India,Nagaland,Male,1982-10-12 11:31:26,,,,
6669-IOVOE,2024-02-18,Organic,2024-03-19,Basic,Monthly,,,9.92,882,27,0,aarnav,India,Meghalaya,Male,1967-07-11 11:31:26,,,,
0485-ZRCRP,2022-01-02,Organic,2023-01-02,Standard,Annual,,,15.65,1298,65,0,yatin,India,Karnataka,Male,2005-04-23 11:31:26,2025-10-25,Y,23.0,1.0
2152-XKVCJ,2023-03-31,Paid,2023-04-30,Standard,Monthly,,,11.05,265,45,0,vyanjana,India,Meghalaya,Female,1995-09-16 11:31:26,2025-11-03,N,74.0,2.0
5477-YMSPW,2022-01-16,Refferal,2022-02-15,Premium,Monthly,,,36.2,2968,34,0,aarush,India,Telangana,Male,1999-06-14 11:31:26,,,,
1851-OCURS,2024-03-14,Refferal,2024-04-13,Standard,Monthly,,,12.64,935,59,0,maya,India,Nagaland,Female,1985-11-30 11:31:26,,,,
1610-DNUKG,2020-12-01,Refferal,2020-12-31,Premium,Monthly,2023-11-14,Not enough content,28.62,1287,97,1,ishita,India,Maharashtra,Female,1962-11-03 11:31:26,2024-12-07,N,85.0,1.0
4184-PMUAH,2020-11-06,Refferal,2020-12-06,Standard,Monthly,,,11.74,504,57,0,owen,India,Maharashtra,Male,1973-05-29 11:31:26,,,,
1567-GMHGF,2024-06-21,Refferal,2025-06-21,Standard,Annual,2025-08-28,Forgot to cancel trial,12.47,436,94,1,anamika,India,Rajasthan,Female,1999-02-14 11:31:26,2026-04-25,N,59.0,1.0
7970-QOZKC,2022-07-17,Refferal,2023-07-17,Premium,Annual,2024-06-22,Too expensive,76.12,4871,74,1,manthan,India,Maharashtra,Male,1960-08-05 11:31:26,,,,
2095-DSXIQ,2020-12-01,Paid,2021-12-01,Premium,Annual,,,79.48,4053,35,0,caleb,India,Meghalaya,Male,1990-07-04 11:31:26,,,,
9723-GHXPT,2026-05-08,Organic,2027-05-08,Premium,Annual,2026-06-24,Forgot to cancel trial,51.57,773,78,1,turvi,India,Uttar Pradesh,Female,1961-08-17 11:31:26,,,,
5334-CHGKU,2024-07-02,Paid,2025-07-02,Premium,Annual,,,47.53,4087,42,0,gaurika,India,Meghalaya,Female,1971-01-17 11:31:26,2025-11-10,Y,12.0,1.0
9143-HBYCU,2026-03-12,Organic,2027-03-12,Standard,Annual,2026-06-27,Not enough content,15.65,532,75,1,gaurang,India,Uttar Pradesh,Male,2003-12-17 11:31:26,2026-02-19,N,50.0,1.0
8635-RHCHD,2025-12-29,Paid,2026-01-28,Basic,Monthly,,,6.19,278,13,0,pranit,India,Uttar Pradesh,Male,1960-08-05 11:31:26,2025-03-27,N,79.0,2.0
6108-EZNXE,2025-10-18,Organic,2026-10-18,Basic,Annual,2026-07-27,Not enough content,7.47,590,88,1,raksha,India,Delhi,Female,1976-12-29 11:31:26,,,,
9476-NSCDC,2024-12-30,Refferal,2025-12-30,Premium,Annual,,,48.87,4398,50,0,bhavna,Nepal,Kathmandu,Female,2001-04-07 11:31:26,,,,
5229-IVFHR,2022-04-27,Paid,2023-04-27,Standard,Annual,2022-07-16,Switched to competitor,12.74,318,91,1,bachittar,India,Uttar Pradesh,Male,1957-10-25 11:31:26,,,,
7529-FJFHF,2021-05-04,Paid,2021-06-03,Standard,Monthly,2022-04-26,Not enough content,13.91,1084,89,1,ekani,India,Uttar Pradesh,Female,1972-01-01 11:31:26,,,,
9634-LPCDW,2022-07-13,Refferal,2022-08-12,Standard,Monthly,,,13.29,797,12,0,mahika,India,Delhi,Female,1971-04-18 11:31:26,,,,
8854-FCUMN,2023-08-27,Paid,2024-08-26,Standard,Annual,,,11.12,244,10,0,triveni,India,Rajasthan,Female,1961-09-28 11:31:26,,,,
2071-FKIMC,2024-02-27,Organic,2025-02-26,Basic,Annual,2026-06-08,Poor streaming quality,9.96,258,93,1,jagrati,India,Telangana,Female,2004-11-25 11:31:26,,,,
4415-UJBKW,2023-12-03,Refferal,2024-01-02,Basic,Monthly,,,6.36,120,50,0,darika,Nepal,Kathmandu,Female,1973-11-29 11:31:26,,,,
1416-BJGAA,2026-04-25,Refferal,2026-05-25,Basic,Monthly,,,7.56,378,34,0,zarna,India,Delhi,Female,1971-01-18 11:31:26,2026-01-06,N,88.0,2.0
0877-FIJTW,2023-02-03,Organic,2024-02-03,Standard,Annual,2024-11-01,Poor streaming quality,16.46,1481,70,1,maanas,India,Nagaland,Male,1979-08-15 11:31:26,2026-05-02,N,60.0,1.0
4820-SEBPL,2023-08-29,Paid,2024-08-28,Basic,Annual,,,8.61,335,21,0,leela,Nepal,Kathmandu,Female,2004-06-13 11:31:26,,,,
8381-QXFCB,2025-12-19,Organic,2026-12-19,Premium,Annual,,,89.12,4188,3,0,raagini,India,Nagaland,Female,2007-06-24 11:31:26,2025-11-13,N,63.0,1.0
7623-PUSKO,2023-08-17,Organic,2023-09-16,Premium,Monthly,,,42.04,3026,39,0,yadavi,India,Rajasthan,Female,1989-10-23 11:31:26,,,,
7915-GJHEP,2023-06-21,Refferal,2023-07-21,Basic,Monthly,2026-01-18,Forgot to cancel trial,9.53,667,99,1,yuvraj,Nepal,Kathmandu,Male,2004-04-02 11:31:26,,,,
2970-TGTCN,2025-09-19,Organic,2025-10-19,Premium,Monthly,,,82.22,1973,44,0,hemangini,India,Uttar Pradesh,Female,1980-02-25 11:31:26,,,,
9219-QEIFX,2024-09-17,Refferal,2025-09-17,Basic,Annual,2025-04-28,Too expensive,9.38,187,88,1,kamala,India,Delhi,Female,1989-09-18 11:31:26,,,,
6164-BRAHU,2020-08-24,Refferal,2020-09-23,Premium,Monthly,,,42.6,1831,12,0,gunbir,India,Uttar Pradesh,Male,2007-04-27 11:31:26,,,,
8590-XGBCC,2023-04-24,Paid,2024-04-23,Premium,Annual,,,22.27,979,33,0,advik,India,Nagaland,Male,,2026-03-26,N,86.0,1.0
7330-IEIYC,2025-03-27,Paid,2025-04-26,Standard,Monthly,,,14.77,354,37,0,ishita,India,Uttar Pradesh,Female,,2026-08-21,N,71.0,1.0
7434-BMVCX,2020-11-24,Refferal,2021-11-24,Standard,Annual,,,15.46,371,51,0,samuel,India,Karnataka,Male,1992-03-11 11:31:26,,,,
8946-XTOUS,2023-11-10,Organic,2024-11-09,Standard,Annual,,,12.82,884,17,0,parth,India,Uttar Pradesh,Male,2003-03-05 11:31:26,,,,
9152-DDCJU,2020-09-13,Organic,2021-09-13,Premium,Annual,2022-06-07,Forgot to cancel trial,83.06,5315,80,1,jagvi,Nepal,Kathmandu,Female,1991-05-01 11:31:26,2025-03-14,Y,26.0,2.0
2325-XVGNI,2022-05-29,Refferal,2023-05-29,Standard,Annual,2025-01-16,Not enough content,16.78,855,86,1,bahadurjit,India,Rajasthan,Male,1971-12-30 11:31:26,2025-08-26,N,62.0,2.0
3380-QQACN,2021-04-17,Paid,2022-04-17,Premium,Annual,,,32.64,1729,42,0,aarush,India,Uttar Pradesh,Male,2003-03-01 11:31:26,2025-04-21,N,74.0,1.0
7358-TLOAE,2024-10-20,Refferal,2024-11-19,Basic,Monthly,2026-07-06,Not enough content,7.96,374,96,1,rudra,India,Telangana,Male,1984-08-31 11:31:26,,,,
8226-WTXIM,2025-06-03,Refferal,2025-07-03,Basic,Monthly,,,8.07,266,62,0,akshay,Nepal,Kathmandu,Male,1974-05-29 11:31:26,,,,
2843-UTLIT,2022-07-16,Refferal,2023-07-16,Standard,Annual,2023-02-21,Not enough content,16.34,718,82,1,indali,India,Uttar Pradesh,Female,1982-09-02 11:31:26,2025-12-25,N,62.0,2.0
9062-EZDGU,2025-03-22,Paid,2025-04-21,Basic,Monthly,,,9.05,561,22,0,warjas,India,Rajasthan,Male,2002-11-11 11:31:26,,,,
2437-RZZVP,2023-05-29,Paid,2024-05-28,Basic,Annual,2023-11-21,Not enough content,6.39,523,73,1,ekanta,India,Uttar Pradesh,Female,1963-04-04 11:31:26,,,,
2519-FJPEB,2025-10-07,Paid,2025-11-06,Premium,Monthly,,,19.69,630,10,0,victor,India,Telangana,Male,2008-06-09 11:31:26,,,,
6072-BRPVB,2023-04-19,Refferal,2024-04-18,Premium,Annual,,,47.76,3199,43,0,oliver,India,Meghalaya,Male,1959-11-15 11:31:26,2026-04-08,N,61.0,1.0
3238-YWVKF,2025-06-09,Organic,2026-06-09,Basic,Annual,2025-09-27,Poor streaming quality,7.89,410,74,1,ayaan,India,Nagaland,Male,1962-03-13 11:31:26,,,,
0503-URUSX,2023-11-20,Paid,2023-12-20,Standard,Monthly,2024-10-18,Switched to competitor,14.23,853,87,1,netra,India,Nagaland,Female,2002-02-08 11:31:26,2025-12-29,Y,35.0,1.0
8004-WDNPU,2021-11-01,Organic,2022-11-01,Standard,Annual,,,15.14,757,12,0,aditya,India,Uttar Pradesh,Male,2006-07-22 11:31:26,2026-01-04,N,87.0,1.0
1940-CVMNU,2021-01-07,Refferal,2021-02-06,Premium,Monthly,2022-12-16,Too expensive,62.58,1001,71,1,raagini,India,Maharashtra,Female,1996-03-05 11:31:26,,,,
2094-RTYPW,2022-04-01,Refferal,2023-04-01,Basic,Annual,,,6.62,509,54,0,falguni,India,Telangana,Female,1997-06-15 11:31:26,2024-09-12,Y,36.0,1.0
7289-JMRJF,2024-03-28,Paid,2025-03-28,Basic,Annual,2025-03-09,Forgot to cancel trial,7.89,331,81,1,raghav,India,Delhi,Male,1964-06-13 11:31:26,,,,
8413-RCBJV,2023-12-03,Organic,2024-01-02,Standard,Monthly,,,15.66,532,3,0,fitan,India,Delhi,Male,1970-12-15 11:31:26,,,,
2313-YKNSM,2021-09-18,Refferal,2021-10-18,Premium,Monthly,,,50.96,968,55,0,saumya,India,Uttar Pradesh,Female,1965-12-01 11:31:26,2024-11-14,Y,39.0,1.0
8954-IWKIW,2024-09-10,Paid,2025-09-10,Standard,Annual,,,11.16,301,36,0,mitesh,India,Nagaland,Male,1964-03-15 11:31:26,2025-04-07,N,50.0,1.0
6698-GGJDI,2022-03-14,Organic,2022-04-13,Premium,Monthly,,,36.02,900,44,0,amol,India,Karnataka,Male,1988-06-15 11:31:26,,,,
8374-HIHYF,2023-06-30,Paid,2023-07-30,Standard,Monthly,,,13.51,797,58,0,chameli,India,Rajasthan,Female,1997-02-14 11:31:26,2025-02-10,N,62.0,1.0
6011-FUXSF,2025-05-28,Organic,2025-06-27,Basic,Monthly,,,6.08,419,5,0,varsha,India,Uttar Pradesh,Female,1990-10-03 11:31:26,,,,
9430-QJNJD,2021-11-17,Refferal,2022-11-17,Standard,Annual,,,15.24,243,46,0,matthew,India,Telangana,Male,1975-06-15 11:31:26,,,,
4259-FLHVI,2021-08-23,Paid,2021-09-22,Standard,Monthly,,,14.78,1330,16,0,matthew,India,Maharashtra,Male,1962-09-20 11:31:26,,,,
9530-QDCCP,2025-02-24,Paid,2026-02-24,Standard,Annual,,,14.14,1032,29,0,ridhi,India,Karnataka,Female,2004-08-14 11:31:26,,,,
1680-NZLLV,2025-11-21,Refferal,2025-12-21,Standard,Monthly,,,15.77,914,53,0,harrison,India,Delhi,Male,1964-06-12 11:31:26,,,,
7987-YFFVT,2023-07-19,Paid,2023-08-18,Premium,Monthly,2024-12-20,Poor streaming quality,31.67,2185,91,1,tristan,India,Nagaland,Male,1985-12-12 11:31:26,2026-03-28,N,58.0,1.0
6944-QIJPL,2021-07-10,Organic,2021-08-09,Standard,Monthly,2022-09-11,Not enough content,11.72,773,70,1,yamini,India,Meghalaya,Female,1974-02-12 11:31:26,,,,
5098-ZKQNI,2025-12-12,Organic,2026-01-11,Basic,Monthly,,,7.94,293,9,0,panini,India,Telangana,Female,1984-01-05 11:31:26,,,,
5405-XNYYH,2025-02-04,Paid,2026-02-04,Standard,Annual,,,15.22,1324,61,0,mohammed,India,Maharashtra,Male,1962-07-12 11:31:26,2024-12-03,N,67.0,1.0
8060-CIETQ,2025-05-13,Organic,2025-06-12,Premium,Monthly,,,72.36,4920,56,0,chandran,India,Nagaland,Male,,2026-07-07,Y,32.0,1.0
6897-VQWXG,2021-10-25,Organic,2022-10-25,Premium,Annual,2022-06-26,Forgot to cancel trial,33.21,1261,92,1,ekaja,Nepal,Kathmandu,Female,1984-08-15 11:31:26,2024-09-16,N,67.0,1.0
4022-ITETC,2024-09-27,Paid,2025-09-27,Basic,Annual,,,8.8,431,33,0,sara,India,Delhi,Female,1961-06-10 11:31:26,,,,
8326-MXQNN,2021-04-21,Refferal,2021-05-21,Premium,Monthly,,,52.35,3559,7,0,yutika,India,Uttar Pradesh,Female,1988-07-31 11:31:26,,,,
0887-YPXEF,2025-12-30,Organic,2026-01-29,Premium,Monthly,,,82.24,7237,36,0,nachiket,India,Karnataka,Male,1975-01-03 11:31:26,2026-01-05,Y,40.0,1.0
5422-BFBID,2022-07-21,Organic,2022-08-20,Standard,Monthly,,,12.06,904,30,0,caleb,India,Delhi,Male,1996-06-05 11:31:26,2026-06-01,N,86.0,1.0
1157-ZOUYR,2023-08-19,Paid,2024-08-18,Standard,Annual,,,15.5,527,10,0,charan,India,Uttar Pradesh,Male,1985-02-26 11:31:26,,,,
3213-IQKBH,2020-10-07,Organic,2020-11-06,Premium,Monthly,,,83.07,1910,14,0,nimrat,India,Rajasthan,Female,2002-08-18 11:31:26,,,,
0827-ATPBB,2024-04-23,Organic,2025-04-23,Basic,Annual,2026-08-22,Too expensive,8.88,479,72,1,nachiket,India,Meghalaya,Male,1997-02-28 11:31:26,2025-01-21,Y,26.0,1.0
7902-WKVTU,2021-09-29,Paid,2022-09-29,Standard,Annual,2022-04-09,Poor streaming quality,15.59,904,70,1,irya,India,Meghalaya,Female,1972-08-16 11:31:26,,,,
8033-RKCDR,2023-09-12,Paid,2024-09-11,Standard,Annual,2025-09-14,Poor streaming quality,13.37,280,83,1,manya,India,Meghalaya,Female,1963-11-22 11:31:26,2026-03-08,N,77.0,1.0
7141-EUWLJ,2022-03-16,Paid,2023-03-16,Basic,Annual,,,9.14,694,3,0,daniel,India,Uttar Pradesh,Male,1962-08-05 11:31:26,,,,
8019-QAELW,2022-03-18,Paid,2023-03-18,Standard,Annual,,,14.63,292,29,0,farhan,India,Meghalaya,Male,1996-05-19 11:31:26,,,,
4699-LYVHP,2026-02-23,Paid,2027-02-23,Standard,Annual,,,12.06,434,27,0,advika,India,Telangana,Female,1983-12-18 11:31:26,,,,
6597-NARMJ,2021-03-23,Organic,2022-03-23,Standard,Annual,,,14.47,737,16,0,yasti,Nepal,Kathmandu,Female,1982-06-06 11:31:26,2025-09-21,Y,14.0,1.0
7544-JGDKH,2022-03-13,Refferal,2022-04-12,Standard,Monthly,,,14.41,533,12,0,odika,India,Maharashtra,Female,1984-12-18 11:31:26,,,,
4149-MLFOU,2023-12-09,Paid,2024-01-08,Basic,Monthly,,,7.08,318,41,0,lucky,Nepal,Kathmandu,Male,1969-08-25 11:31:26,,,,
6375-PPRTU,2021-01-17,Paid,2022-01-17,Standard,Annual,,,15.31,1255,12,0,frederick,India,Nagaland,Male,1974-03-30 11:31:26,2025-11-12,N,85.0,1.0
7105-ZCZJT,2023-09-30,Paid,2023-10-30,Premium,Monthly,,,46.26,3053,4,0,pallavi,India,Nagaland,Female,2000-09-09 11:31:26,,,,
3417-YEXUS,2021-05-21,Refferal,2022-05-21,Standard,Annual,,,13.41,1113,57,0,arya,India,Delhi,Female,1970-07-11 11:31:26,2025-07-31,N,88.0,1.0
8728-ZZBQL,2021-03-31,Paid,2022-03-31,Basic,Annual,,,6.55,294,12,0,aryan,Nepal,Kathmandu,Male,1989-02-14 11:31:26,2024-09-29,N,62.0,1.0
1780-NHPPV,2022-11-22,Refferal,2022-12-22,Premium,Monthly,,,33.28,1098,54,0,unni,India,Delhi,Female,1958-08-11 11:31:26,2026-01-18,N,50.0,1.0
9056-YSVNS,2024-03-07,Refferal,2024-04-06,Premium,Monthly,,,38.07,647,62,0,udant,India,Maharashtra,Male,2002-07-12 11:31:26,2026-04-10,N,64.0,2.0
9950-MHVYI,2026-03-27,Paid,2027-03-27,Premium,Annual,,,29.2,1839,49,0,balveer,Nepal,Kathmandu,Male,1962-03-16 11:31:26,,,,
5304-YGADA,2023-11-26,Paid,2023-12-26,Basic,Monthly,,,7.74,147,60,0,vidhi,India,Maharashtra,Female,1999-05-31 11:31:26,2024-10-27,Y,27.0,1.0
9737-RDLXB,2021-03-13,Organic,2022-03-13,Premium,Annual,,,89.31,5269,62,0,vivaan,India,Uttar Pradesh,Male,1957-04-05 11:31:26,,,,
9591-XEDGI,2024-07-28,Refferal,2024-08-27,Standard,Monthly,,,14.72,368,61,0,mohammed,Nepal,Kathmandu,Male,1965-04-16 11:31:26,2026-01-22,Y,40.0,1.0
9037-CLIXM,2023-05-06,Paid,2023-06-05,Standard,Monthly,,,15.7,1208,21,0,vidhi,India,Telangana,Female,,2026-07-14,N,54.0,2.0
9468-UFNBI,2025-11-20,Refferal,2026-11-20,Standard,Annual,,,13.15,736,27,0,kai,India,Telangana,Male,2008-05-21 11:31:26,,,,
9169-YTODK,2021-09-10,Paid,2021-10-10,Premium,Monthly,,,38.38,1727,37,0,shivani,India,Rajasthan,Female,2004-01-31 11:31:26,,,,
7010-JIBUX,2025-03-04,Paid,2025-04-03,Standard,Monthly,2026-04-03,Poor streaming quality,16.14,242,88,1,noah,India,Rajasthan,Male,1997-09-19 11:31:26,,,,
5058-HKCAC,2023-03-30,Paid,2024-03-29,Standard,Annual,,,16.9,287,56,0,nicholas,India,Nagaland,Male,1961-05-29 11:31:26,,,,
5910-QSLMX,2021-01-05,Paid,2022-01-05,Premium,Annual,2023-03-24,Switched to competitor,70.86,6377,73,1,amruta,India,Nagaland,Female,1984-05-09 11:31:26,2024-11-11,N,67.0,1.0
5054-ERFCB,2023-04-16,Refferal,2024-04-15,Standard,Annual,,,16.13,1338,18,0,wakeeta,India,Telangana,Female,1968-09-04 11:31:26,2024-12-23,N,65.0,1.0
0214-FKUTE,2024-02-11,Organic,2025-02-10,Standard,Annual,,,14.94,283,6,0,owen,India,Rajasthan,Male,1992-11-16 11:31:26,,,,
9112-OJWTO,2023-07-23,Paid,2023-08-22,Standard,Monthly,,,14.8,740,42,0,devansh,India,Maharashtra,Male,1984-11-08 11:31:26,,,,
1746-UWZWC,2025-05-03,Paid,2026-05-03,Standard,Annual,,,13.71,918,61,0,tanmayi,India,Karnataka,Female,1981-01-03 11:31:26,2026-03-26,N,75.0,2.0
5139-RGWRF,2025-03-12,Refferal,2026-03-12,Basic,Annual,,,9.18,257,56,0,balendra,Nepal,Kathmandu,Male,1988-04-13 11:31:26,2025-09-14,N,67.0,1.0
5074-PCQCK,2024-01-13,Refferal,2024-02-12,Standard,Monthly,2024-08-16,Not enough content,13.15,920,73,1,sai,India,Telangana,Male,1986-10-03 11:31:26,,,,
7279-XENMH,2024-03-16,Refferal,2024-04-15,Basic,Monthly,,,6.29,540,13,0,jagdish,India,Nagaland,Male,1972-06-13 11:31:26,,,,
5672-NIYZY,2026-03-28,Paid,2026-04-27,Standard,Monthly,2026-08-12,Too expensive,12.63,1111,90,1,gauri,India,Nagaland,Female,1984-11-12 11:31:26,2025-05-28,N,71.0,1.0
9662-OWKNG,2021-11-01,Paid,2022-11-01,Basic,Annual,,,6.49,519,64,0,onkar,India,Karnataka,Male,1960-01-22 11:31:26,2026-01-10,Y,12.0,1.0
1427-RBVRG,2025-02-23,Refferal,2026-02-23,Basic,Annual,,,7.51,210,27,0,tanveer,Nepal,Kathmandu,Male,1978-09-15 11:31:26,,,,
4895-ZJMEL,2023-11-25,Refferal,2023-12-25,Standard,Monthly,,,13.24,701,60,0,teerth,Nepal,Kathmandu,Male,1963-02-13 11:31:26,2025-04-28,N,67.0,1.0
5884-IUOWJ,2021-08-19,Paid,2021-09-18,Standard,Monthly,,,14.11,1185,22,0,kamya,India,Delhi,Female,1994-12-08 11:31:26,,,,
7674-SZQAP,2024-11-20,Paid,2025-11-20,Premium,Annual,,,18.18,381,35,0,brinda,India,Meghalaya,Female,1991-03-30 11:31:26,2026-01-23,Y,11.0,1.0
8076-QJSDZ,2021-04-18,Refferal,2022-04-18,Basic,Annual,,,7.53,361,32,0,yagnesh,India,Uttar Pradesh,Male,1994-12-20 11:31:26,2025-10-30,N,60.0,1.0
5997-GFZVI,2023-10-30,Paid,2024-10-29,Premium,Annual,2024-12-06,Switched to competitor,50.57,910,89,1,omaja,India,Uttar Pradesh,Female,1984-01-26 11:31:26,,,,
7510-EGAIG,2021-08-25,Paid,2021-09-24,Premium,Monthly,,,71.78,2512,47,0,tristan,India,Telangana,Male,1962-11-12 11:31:26,2026-07-20,N,77.0,1.0
6762-DTOEE,2024-01-29,Paid,2025-01-28,Basic,Annual,2025-06-21,Not enough content,8.25,635,80,1,bhavya,India,Uttar Pradesh,Female,1973-07-09 11:31:26,2026-01-04,N,72.0,1.0
5155-CNUNX,2022-07-09,Refferal,2023-07-09,Standard,Annual,,,11.01,506,17,0,sachi,India,Nagaland,Female,1995-02-05 11:31:26,,,,
8451-MUQRG,2021-02-27,Organic,2021-03-29,Standard,Monthly,2023-08-01,Forgot to cancel trial,14.03,561,87,1,bhavani,India,Nagaland,Female,1986-10-24 11:31:26,,,,
5931-DWFQE,2025-09-27,Refferal,2026-09-27,Premium,Annual,,,88.91,7379,49,0,ekaraj,India,Rajasthan,Male,1962-06-08 11:31:26,,,,
9258-VTDTM,2024-12-27,Organic,2025-01-26,Basic,Monthly,,,6.64,272,40,0,aadi,Nepal,Kathmandu,Male,,2025-12-17,Y,37.0,1.0
9769-NDDJG,2023-09-10,Refferal,2024-09-09,Standard,Annual,2023-12-08,Not enough content,12.21,683,73,1,upkaar,India,Delhi,Male,1977-05-19 11:31:26,,,,
6435-MWMNA,2024-03-05,Refferal,2025-03-05,Standard,Annual,,,15.11,740,29,0,saumya,India,Karnataka,Female,1965-09-11 11:31:26,,,,
0665-FSVOE,2021-10-05,Refferal,2022-10-05,Standard,Annual,,,13.02,1119,49,0,udant,India,Rajasthan,Male,2007-08-10 11:31:26,,,,
2648-QAEFL,2022-05-12,Paid,2023-05-12,Standard,Annual,,,15.17,986,39,0,nathan,India,Nagaland,Male,2004-08-07 11:31:26,,,,
9276-FNCOQ,2025-12-01,Paid,2026-12-01,Premium,Annual,2026-03-18,Not enough content,67.65,1961,85,1,nidra,India,Meghalaya,Female,1997-12-19 11:31:26,,,,
5355-NKFXL,2024-10-06,Organic,2024-11-05,Premium,Monthly,,,78.69,6609,56,0,teerth,India,Uttar Pradesh,Male,2001-12-18 11:31:26,,,,
3482-BKXBR,2026-05-01,Paid,2026-05-31,Premium,Monthly,2026-06-28,Not enough content,77.27,5486,85,1,orinder,India,Karnataka,Male,1979-05-23 11:31:26,2025-10-20,Y,11.0,1.0
2357-LOBXO,2022-12-17,Refferal,2023-01-16,Standard,Monthly,,,11.59,417,50,0,yashodhara,India,Telangana,Female,1973-08-24 11:31:26,2024-11-22,N,85.0,1.0
6951-DZAQN,2020-12-30,Refferal,2021-01-29,Standard,Monthly,2021-06-25,Too expensive,15.72,770,85,1,nandini,India,Maharashtra,Female,1967-01-16 11:31:26,,,,
2646-ZRXUG,2020-08-22,Paid,2021-08-22,Basic,Annual,,,7.13,463,3,0,avi,India,Telangana,Male,1968-11-09 11:31:26,,,,
2072-GNCHQ,2021-04-08,Organic,2022-04-08,Premium,Annual,2021-11-18,Too expensive,82.2,2794,79,1,rachita,India,Telangana,Female,1986-12-16 11:31:26,,,,
6294-KYWUN,2025-08-12,Refferal,2025-09-11,Basic,Monthly,2025-10-05,Switched to competitor,6.4,480,80,1,lohit,India,Delhi,Male,1998-09-04 11:31:26,,,,
3862-DBRJF,2023-02-13,Paid,2024-02-13,Basic,Annual,2023-10-21,Not enough content,6.78,298,77,1,jacob,India,Telangana,Male,1977-10-30 11:31:26,2025-10-26,N,61.0,1.0
6271-OVHTX,2024-09-23,Paid,2024-10-23,Basic,Monthly,2025-12-04,Poor streaming quality,8.99,359,72,1,nathan,India,Nagaland,Male,1965-09-10 11:31:26,2025-07-05,Y,16.0,2.0
5098-RDBVQ,2024-06-12,Paid,2025-06-12,Standard,Annual,2025-12-06,Too expensive,15.47,649,74,1,hitesh,India,Telangana,Male,1964-07-30 11:31:26,,,,
3544-VNIES,2021-06-09,Refferal,2022-06-09,Premium,Annual,,,43.98,659,65,0,vyanjana,India,Nagaland,Female,1993-02-20 11:31:26,,,,
4820-ALCFR,2025-06-26,Refferal,2026-06-26,Basic,Annual,,,9.55,315,34,0,rehaan,India,Rajasthan,Male,1970-08-23 11:31:26,,,,
3105-QOGWR,2025-06-19,Refferal,2026-06-19,Basic,Annual,2025-11-26,Too expensive,9.78,625,85,1,pranit,India,Telangana,Male,1993-10-10 11:31:26,2024-12-11,N,89.0,1.0
7844-RKQYK,2021-05-29,Paid,2021-06-28,Premium,Monthly,,,78.17,2110,56,0,edhitha,India,Maharashtra,Female,1964-09-02 11:31:26,,,,
2801-QKWDO,2024-05-13,Paid,2025-05-13,Standard,Annual,2025-03-13,Forgot to cancel trial,13.48,754,92,1,bimala,India,Meghalaya,Female,2005-02-19 11:31:26,2024-12-04,N,61.0,1.0
8220-LIKHC,2024-06-02,Paid,2024-07-02,Basic,Monthly,,,7.8,616,24,0,yagnesh,India,Telangana,Male,1989-10-03 11:31:26,,,,
0709-LABSU,2021-02-14,Refferal,2022-02-14,Basic,Annual,,,6.55,399,43,0,ekanta,India,Uttar Pradesh,Female,1963-01-27 11:31:26,,,,
5415-SVSDQ,2025-08-01,Refferal,2025-08-31,Standard,Monthly,2026-08-08,Switched to competitor,14.24,640,90,1,sarthak,Nepal,Kathmandu,Male,1960-10-14 11:31:26,,,,
9544-MTXGV,2024-03-21,Refferal,2025-03-21,Premium,Annual,,,39.97,2677,24,0,simon,India,Uttar Pradesh,Male,1995-12-12 11:31:26,2025-07-19,Y,26.0,1.0
7528-HAKVJ,2023-10-24,Refferal,2024-10-23,Premium,Annual,,,23.93,1938,20,0,unnati,India,Meghalaya,Female,1967-10-03 11:31:26,2025-07-15,N,68.0,1.0
9489-SDZSQ,2021-12-08,Refferal,2022-12-08,Basic,Annual,2022-12-07,Poor streaming quality,6.2,167,96,1,peter,India,Nagaland,Male,1986-12-22 11:31:26,,,,
2721-OXZDN,2024-02-11,Paid,2024-03-12,Premium,Monthly,,,31.41,2575,52,0,unnati,Nepal,Kathmandu,Female,1993-05-30 11:31:26,2026-05-02,Y,13.0,2.0
0228-ZTMRB,2024-09-24,Paid,2024-10-24,Basic,Monthly,2025-12-24,Too expensive,8.13,447,85,1,jagat,India,Delhi,Male,1986-09-15 11:31:26,,,,
1943-KUHLV,2022-12-31,Refferal,2023-12-31,Premium,Annual,,,25.57,1483,46,0,krish,India,Nagaland,Male,1961-12-14 11:31:26,2025-09-24,N,55.0,1.0
0871-CJDTJ,2020-10-30,Refferal,2021-10-30,Standard,Annual,,,11.83,295,28,0,rajeshri,India,Telangana,Female,2002-06-18 11:31:26,,,,
6267-KDCOE,2023-11-27,Refferal,2023-12-27,Premium,Monthly,2025-10-27,Poor streaming quality,81.27,1625,81,1,anjali,India,Meghalaya,Female,2002-09-03 11:31:26,,,,
0206-QTSMZ,2021-04-15,Paid,2021-05-15,Basic,Monthly,,,6.68,354,50,0,raksha,Nepal,Kathmandu,Female,1971-06-15 11:31:26,2025-08-08,Y,22.0,1.0
8724-QHUOF,2021-06-15,Paid,2022-06-15,Standard,Annual,2023-07-15,Switched to competitor,13.15,341,76,1,chaaya,India,Maharashtra,Female,1964-11-21 11:31:26,,,,
3513-AUWBA,2026-04-17,Paid,2027-04-17,Standard,Annual,,,14.84,1142,11,0,zansi,India,Telangana,Female,1980-09-11 11:31:26,,,,
8573-XXNNO,2023-04-24,Organic,2024-04-23,Premium,Annual,2025-08-25,Too expensive,52.58,3470,74,1,logan,India,Meghalaya,Male,1979-08-30 11:31:26,2026-06-02,N,87.0,2.0
4825-YMSWB,2022-01-17,Organic,2022-02-16,Standard,Monthly,,,15.18,1335,16,0,chanchal,India,Maharashtra,Female,1991-09-16 11:31:26,,,,
8414-YSXRU,2024-07-27,Paid,2024-08-26,Basic,Monthly,2026-07-08,Poor streaming quality,7.53,414,82,1,brinda,India,Rajasthan,Female,1964-08-12 11:31:26,2025-09-19,N,57.0,1.0
1947-DYANR,2024-02-29,Organic,2024-03-30,Basic,Monthly,2025-03-03,Poor streaming quality,6.72,456,72,1,nimrat,India,Nagaland,Female,2007-10-18 11:31:26,2026-06-12,N,65.0,1.0
9951-UNGBN,2023-05-02,Paid,2024-05-01,Premium,Annual,2024-01-25,Switched to competitor,55.19,1269,92,1,aashi,India,Nagaland,Female,1979-05-17 11:31:26,2025-08-30,N,63.0,2.0
8027-YWIIT,2023-01-22,Refferal,2024-01-22,Basic,Annual,,,7.79,155,42,0,noah,India,Maharashtra,Male,1983-12-18 11:31:26,2026-07-24,N,79.0,1.0
9234-AKKWU,2022-04-20,Paid,2023-04-20,Premium,Annual,,,86.19,3361,27,0,nandini,India,Nagaland,Female,1994-05-13 11:31:26,,,,
7782-XLSIP,2024-08-19,Refferal,2024-09-18,Premium,Monthly,,,64.05,1665,45,0,andrew,India,Meghalaya,Male,1972-10-29 11:31:26,,,,
1577-RGVUT,2024-10-25,Organic,2024-11-24,Premium,Monthly,,,58.75,4876,37,0,max,India,Uttar Pradesh,Male,1987-01-03 11:31:26,,,,
6315-LYSWC,2020-12-27,Refferal,2021-12-27,Standard,Annual,,,11.6,962,57,0,leena,India,Nagaland,Female,1962-04-09 11:31:26,2025-08-01,N,61.0,1.0
1231-YIHEM,2023-12-07,Refferal,2024-12-06,Standard,Annual,2026-02-24,Not enough content,14.96,807,82,1,hamsini,India,Rajasthan,Female,1973-04-12 11:31:26,,,,
4641-UGTVZ,2025-04-15,Paid,2026-04-15,Standard,Annual,,,15.68,1379,42,0,madhav,Nepal,Kathmandu,Male,1991-05-30 11:31:26,2025-11-20,N,90.0,2.0
4569-KKMPJ,2021-05-14,Refferal,2022-05-14,Basic,Annual,,,8.49,500,32,0,benjamin,India,Rajasthan,Male,1971-04-23 11:31:26,,,,
9672-ZIAUT,2025-07-14,Organic,2025-08-13,Premium,Monthly,,,50.53,1920,4,0,brinda,India,Telangana,Female,1990-12-24 11:31:26,2025-03-12,N,61.0,1.0
9197-FSILD,2024-03-06,Paid,2025-03-06,Standard,Annual,,,16.34,637,56,0,ekaja,India,Telangana,Female,1959-04-12 11:31:26,,,,
3726-QXMJM,2025-07-27,Organic,2026-07-27,Standard,Annual,,,12.69,1015,65,0,laksh,India,Telangana,Male,2005-08-10 11:31:26,,,,
0577-XLMQH,2024-11-25,Paid,2025-11-25,Standard,Annual,,,13.68,424,57,0,advika,India,Uttar Pradesh,Female,1992-01-29 11:31:26,,,,
9166-YCIEN,2025-11-14,Paid,2026-11-14,Standard,Annual,,,14.35,760,31,0,gagan,Nepal,Kathmandu,Male,1998-07-30 11:31:26,,,,
3224-PRCZA,2024-06-05,Paid,2025-06-05,Premium,Annual,,,57.14,2914,49,0,forum,India,Delhi,Female,2007-09-10 11:31:26,,,,
0150-ISRVM,2025-04-13,Paid,2026-04-13,Premium,Annual,2025-07-04,Switched to competitor,41.84,2175,98,1,reva,Nepal,Kathmandu,Female,1993-01-16 11:31:26,2026-01-15,N,80.0,2.0
8710-TTRLU,2021-09-04,Paid,2022-09-04,Premium,Annual,,,52.72,3005,26,0,watika,Nepal,Kathmandu,Female,1965-11-18 11:31:26,,,,
2702-EITGK,2025-08-05,Refferal,2025-09-04,Premium,Monthly,2026-04-14,Switched to competitor,28.46,711,76,1,zarna,Nepal,Kathmandu,Female,2007-01-14 11:31:26,,,,
8199-BDTPB,2026-04-18,Paid,2027-04-18,Standard,Annual,2026-07-19,Switched to competitor,14.86,579,74,1,onveer,India,Meghalaya,Male,1984-12-13 11:31:26,,,,
1086-OVGKV,2024-01-23,Paid,2024-02-22,Basic,Monthly,,,6.82,375,35,0,elijah,Nepal,Kathmandu,Male,2002-09-15 11:31:26,2026-04-13,Y,13.0,1.0
3105-MQGHW,2024-12-18,Paid,2025-12-18,Standard,Annual,,,11.32,781,21,0,yachana,India,Maharashtra,Female,1990-09-28 11:31:26,2025-06-18,N,84.0,2.0
4384-GHXZC,2024-10-23,Refferal,2024-11-22,Premium,Monthly,,,21.31,703,11,0,urvi,India,Delhi,Female,1960-07-14 11:31:26,2025-10-17,Y,31.0,2.0
1282-FNAHC,2020-12-13,Paid,2021-12-13,Standard,Annual,2023-05-29,Switched to competitor,11.31,848,77,1,pooja,India,Nagaland,Female,1956-10-18 11:31:26,2026-04-12,N,66.0,2.0
5072-KZFUV,2021-08-07,Organic,2022-08-07,Premium,Annual,2022-08-13,Switched to competitor,22.12,1526,98,1,ati,Nepal,Kathmandu,Female,1988-06-11 11:31:26,,,,
5591-PPODF,2023-05-18,Paid,2024-05-17,Standard,Annual,2024-01-15,Too expensive,12.23,697,84,1,ryan,Nepal,Kathmandu,Male,1989-06-29 11:31:26,2025-08-04,N,79.0,1.0
3054-VHXVH,2022-10-27,Organic,2023-10-27,Basic,Annual,,,9.33,289,22,0,jackson,India,Uttar Pradesh,Male,1977-05-15 11:31:26,2026-01-18,N,77.0,2.0
8656-HNSUU,2023-09-08,Organic,2024-09-07,Standard,Annual,2024-08-04,Poor streaming quality,16.02,865,75,1,eta,India,Rajasthan,Female,1999-05-31 11:31:26,2025-07-04,Y,34.0,1.0
2660-YNVAG,2025-12-20,Paid,2026-01-19,Premium,Monthly,2026-08-02,Poor streaming quality,72.6,3557,77,1,mitali,Nepal,Kathmandu,Female,2000-12-21 11:31:26,,,,
3926-IDPUE,2022-11-01,Refferal,2023-11-01,Basic,Annual,2024-03-11,Forgot to cancel trial,7.43,445,82,1,udarsh,India,Uttar Pradesh,Male,1960-08-24 11:31:26,,,,
0807-NNHJW,2026-03-02,Organic,2027-03-02,Premium,Annual,,,25.46,2215,5,0,nakul,India,Karnataka,Male,2004-10-27 11:31:26,,,,
6860-ITNQN,2021-03-13,Paid,2021-04-12,Standard,Monthly,2022-05-10,Too expensive,12.82,948,95,1,ansh,India,Maharashtra,Male,1974-05-07 11:31:26,,,,
0996-YSJVH,2024-04-20,Organic,2025-04-20,Premium,Annual,,,49.17,2310,29,0,zinal,India,Telangana,Female,1979-10-04 11:31:26,,,,
1967-HSHAY,2024-02-24,Paid,2024-03-25,Standard,Monthly,2024-09-10,Too expensive,13.84,775,97,1,tarak,India,Karnataka,Male,1996-06-25 11:31:26,,,,
8883-RFLUE,2022-07-25,Paid,2022-08-24,Premium,Monthly,,,52.63,3684,8,0,madhavi,India,Nagaland,Female,1980-10-12 11:31:26,2025-03-04,Y,38.0,1.0
1413-WDXET,2022-02-08,Refferal,2022-03-10,Standard,Monthly,,,16.81,722,8,0,chavvi,India,Nagaland,Female,1975-03-06 11:31:26,,,,
5695-QRBAM,2023-04-16,Paid,2024-04-15,Standard,Annual,,,12.15,607,20,0,rohan,India,Rajasthan,Male,1975-09-15 11:31:26,2025-12-27,N,51.0,1.0
3244-QCNSX,2024-11-10,Paid,2024-12-10,Standard,Monthly,,,13.81,994,18,0,jai,India,Meghalaya,Male,1976-12-10 11:31:26,2025-10-25,N,54.0,2.0
4825-UVMEP,2024-07-14,Organic,2024-08-13,Basic,Monthly,,,8.38,586,47,0,pahal,India,Delhi,Female,1971-06-29 11:31:26,2026-08-17,N,74.0,1.0
5888-JWCVW,2023-10-14,Paid,2024-10-13,Standard,Annual,,,14.5,913,15,0,nirja,India,Karnataka,Female,1999-10-28 11:31:26,2025-12-25,N,58.0,1.0
9695-KPNKR,2020-09-15,Paid,2020-10-15,Standard,Monthly,,,11.16,982,45,0,bahadurjit,India,Telangana,Male,1985-02-20 11:31:26,2024-11-04,Y,36.0,2.0
0967-RSUJQ,2022-08-29,Organic,2023-08-29,Basic,Annual,,,6.95,264,31,0,vansha,Nepal,Kathmandu,Female,1960-03-15 11:31:26,,,,
2680-YVVLU,2022-01-31,Paid,2022-03-02,Basic,Monthly,2023-05-23,Not enough content,7.95,159,75,1,lucky,India,Nagaland,Male,2001-09-19 11:31:26,2025-11-16,N,79.0,2.0
4287-CQBHN,2026-01-12,Paid,2026-02-11,Premium,Monthly,2026-01-29,Switched to competitor,38.71,1006,93,1,barkha,India,Maharashtra,Female,1964-10-12 11:31:26,,,,
4050-VUOCR,2026-02-07,Refferal,2027-02-07,Premium,Annual,,,49.53,4011,49,0,janani,India,Karnataka,Female,1998-07-02 11:31:26,,,,
5083-LOCXQ,2024-09-15,Organic,2024-10-15,Standard,Monthly,,,14.08,535,47,0,darsh,India,Telangana,Male,1996-06-10 11:31:26,,,,
0244-WUFND,2021-02-18,Organic,2021-03-20,Standard,Monthly,,,13.41,858,49,0,dipta,India,Karnataka,Female,2004-08-27 11:31:26,,,,
9282-WSZWR,2022-10-19,Organic,2022-11-18,Premium,Monthly,,,45.83,2520,41,0,eiravati,India,Telangana,Female,1990-06-29 11:31:26,,,,
7601-MMRUQ,2025-10-15,Organic,2025-11-14,Standard,Monthly,2026-03-23,Switched to competitor,16.4,606,83,1,george,India,Rajasthan,Male,1993-08-08 11:31:26,,,,
8193-KIBGV,2022-02-04,Refferal,2023-02-04,Standard,Annual,,,11.01,946,40,0,george,Nepal,Kathmandu,Male,1988-12-05 11:31:26,2025-07-28,N,50.0,1.0
2562-PVITV,2024-04-23,Paid,2024-05-23,Premium,Monthly,,,23.12,369,29,0,bishakha,India,Maharashtra,Female,2004-11-27 11:31:26,2026-06-26,N,72.0,1.0
3683-UHCVI,2025-01-22,Paid,2025-02-21,Basic,Monthly,,,6.62,589,27,0,manya,Nepal,Kathmandu,Female,1982-04-12 11:31:26,2026-01-09,N,53.0,1.0
4106-CYQUU,2022-02-12,Organic,2023-02-12,Standard,Annual,,,16.07,1108,31,0,ojasvi,Nepal,Kathmandu,Female,1990-09-23 11:31:26,2026-03-14,N,82.0,1.0
7614-CGIPU,2025-02-07,Refferal,2025-03-09,Standard,Monthly,,,12.44,808,5,0,manya,India,Uttar Pradesh,Female,2002-12-14 11:31:26,2025-05-27,N,56.0,1.0
1472-MHYMS,2026-05-13,Organic,2027-05-13,Standard,Annual,,,14.51,769,50,0,ojas,Nepal,Kathmandu,Male,1986-01-30 11:31:26,,,,
5717-RKAFF,2026-02-17,Refferal,2027-02-17,Basic,Annual,,,9.38,243,29,0,kai,India,Telangana,Male,1961-07-30 11:31:26,2025-03-02,N,75.0,1.0
6996-VQRMQ,2021-01-13,Organic,2021-02-12,Standard,Monthly,2023-01-06,Switched to competitor,14.49,1275,70,1,thomas,India,Karnataka,Male,1987-05-21 11:31:26,,,,
3216-ZTBNB,2024-02-23,Organic,2025-02-22,Standard,Annual,2026-01-09,Forgot to cancel trial,13.72,384,97,1,irya,India,Delhi,Female,1979-10-15 11:31:26,2025-08-15,Y,26.0,2.0
7734-STOOE,2023-09-30,Refferal,2024-09-29,Basic,Annual,,,7.55,241,58,0,eshana,India,Karnataka,Female,1975-08-22 11:31:26,,,,
5919-MUCSX,2021-11-22,Refferal,2021-12-22,Premium,Monthly,,,56.42,2031,20,0,tanveer,India,Karnataka,Male,,2025-12-04,N,81.0,1.0
2004-ROAQC,2024-10-01,Refferal,2025-10-01,Basic,Annual,,,6.98,586,57,0,timothy,India,Delhi,Male,1985-12-16 11:31:26,,,,
2249-SZSQU,2020-11-02,Organic,2020-12-02,Premium,Monthly,,,30.42,730,37,0,dalaja,India,Maharashtra,Female,1965-12-22 11:31:26,,,,
4755-HOVCF,2023-12-03,Paid,2024-01-02,Premium,Monthly,2026-07-02,Too expensive,35.29,1129,78,1,bimala,India,Nagaland,Female,1982-03-29 11:31:26,2025-02-20,N,85.0,1.0
6434-NCICI,2020-09-29,Refferal,2021-09-29,Standard,Annual,2022-04-17,Switched to competitor,11.53,172,81,1,udant,India,Uttar Pradesh,Male,2005-04-07 11:31:26,,,,
4907-RAREJ,2021-06-29,Paid,2022-06-29,Premium,Annual,2024-01-20,Poor streaming quality,62.03,3411,99,1,yuvraj,India,Delhi,Male,1980-10-14 11:31:26,,,,
8095-DODIL,2026-01-01,Refferal,2027-01-01,Standard,Annual,2026-06-21,Not enough content,15.99,1359,99,1,aachal,Nepal,Kathmandu,Female,1956-09-25 11:31:26,,,,
4616-NPDDE,2022-03-03,Paid,2022-04-02,Standard,Monthly,,,12.04,180,41,0,robert,India,Nagaland,Male,1994-10-24 11:31:26,,,,
2989-EAVJQ,2025-11-02,Refferal,2025-12-02,Standard,Monthly,,,11.93,1073,57,0,omya,India,Meghalaya,Female,1974-03-25 11:31:26,,,,
0184-ECARE,2023-08-08,Organic,2023-09-07,Standard,Monthly,,,15.72,738,62,0,aadhya,India,Delhi,Female,1998-04-12 11:31:26,2026-07-09,Y,15.0,1.0
4909-BAQMA,2023-05-22,Refferal,2023-06-21,Standard,Monthly,,,14.05,871,55,0,xalak,India,Karnataka,Female,1987-10-31 11:31:26,,,,
0818-ODJUD,2025-06-28,Organic,2026-06-28,Standard,Annual,,,12.67,367,26,0,tamanna,India,Telangana,Female,1958-08-14 11:31:26,,,,
1023-GHXSG,2023-09-29,Paid,2023-10-29,Standard,Monthly,,,15.55,1104,37,0,bhavya,India,Maharashtra,Female,1969-10-13 11:31:26,,,,
6985-QBIYR,2022-11-06,Paid,2023-11-06,Basic,Annual,,,7.98,199,50,0,aadhya,India,Rajasthan,Female,1985-10-03 11:31:26,,,,
0771-GEKFJ,2021-05-02,Paid,2021-06-01,Premium,Monthly,,,72.11,4903,18,0,wridesh,India,Uttar Pradesh,Male,,,,,
1805-ZQROB,2022-07-22,Paid,2022-08-21,Basic,Monthly,,,8.44,278,49,0,rachita,India,Delhi,Female,1967-01-31 11:31:26,,,,
5328-RIMGR,2022-12-10,Organic,2023-01-09,Standard,Monthly,,,11.55,323,3,0,max,India,Meghalaya,Male,1976-03-30 11:31:26,,,,
4063-OEVGJ,2022-09-27,Paid,2022-10-27,Premium,Monthly,2025-04-20,Forgot to cancel trial,67.78,1965,81,1,chakradev,India,Rajasthan,Male,2002-10-14 11:31:26,2026-05-06,N,52.0,1.0
3498-HPGYF,2021-02-05,Paid,2021-03-07,Premium,Monthly,,,58.56,2283,62,0,onkar,Nepal,Kathmandu,Male,1960-11-15 11:31:26,,,,
3123-CMYEU,2025-01-03,Paid,2026-01-03,Premium,Annual,2026-02-06,Poor streaming quality,50.29,1458,71,1,veda,India,Nagaland,Female,1996-10-13 11:31:26,,,,
7235-QJAUI,2024-05-12,Paid,2024-06-11,Standard,Monthly,,,12.12,848,27,0,maanav,India,Telangana,Male,2001-06-08 11:31:26,,,,
5443-GOGXY,2023-10-29,Organic,2023-11-28,Premium,Monthly,,,83.48,3756,14,0,hema,India,Telangana,Female,2002-10-18 11:31:26,2026-07-29,Y,36.0,1.0
8036-QNMLG,2022-05-10,Organic,2023-05-10,Basic,Annual,,,8.17,400,22,0,girish,India,Karnataka,Male,1967-02-14 11:31:26,2025-06-02,N,51.0,1.0
2276-UILKM,2024-04-06,Paid,2024-05-06,Standard,Monthly,2024-06-28,Not enough content,14.43,259,92,1,damyanti,India,Rajasthan,Female,1996-03-14 11:31:26,,,,
0351-IYHWK,2023-06-08,Paid,2024-06-07,Basic,Annual,,,9.24,194,32,0,rachita,India,Delhi,Female,1994-06-16 11:31:26,,,,
6395-TMSWQ,2024-11-12,Organic,2025-11-12,Standard,Annual,2025-12-09,Switched to competitor,14.33,1074,84,1,theodore,India,Nagaland,Male,1985-06-18 11:31:26,,,,
7136-FBUKN,2020-11-03,Refferal,2021-11-03,Standard,Annual,,,13.51,972,14,0,ekiya,India,Delhi,Female,1994-03-24 11:31:26,,,,
5624-IBXDZ,2024-10-10,Organic,2025-10-10,Basic,Annual,,,8.19,253,44,0,advik,India,Meghalaya,Male,1997-04-10 11:31:26,,,,
0941-BIXFH,2023-06-14,Organic,2024-06-13,Standard,Annual,,,11.67,921,17,0,kashvi,Nepal,Kathmandu,Female,1958-03-21 11:31:26,2024-10-06,N,85.0,1.0
5562-FCNOY,2023-07-06,Refferal,2024-07-05,Basic,Annual,,,7.86,322,48,0,mitesh,India,Delhi,Male,1970-02-25 11:31:26,2026-07-27,Y,23.0,2.0
0051-CEZVV,2020-11-06,Refferal,2020-12-06,Standard,Monthly,,,14.27,742,3,0,abhiram,India,Uttar Pradesh,Male,1964-07-18 11:31:26,,,,
1277-MSPHZ,2022-07-31,Paid,2023-07-31,Premium,Annual,2023-05-21,Switched to competitor,80.49,3541,79,1,baghyawati,India,Uttar Pradesh,Female,1991-07-08 11:31:26,,,,
7857-RDZLJ,2022-12-20,Refferal,2023-12-20,Standard,Annual,,,16.75,904,17,0,ansh,Nepal,Kathmandu,Male,1957-03-17 11:31:26,,,,
3155-TWSXV,2025-04-11,Paid,2025-05-11,Basic,Monthly,,,9.34,831,16,0,hitesh,India,Delhi,Male,1962-08-12 11:31:26,,,,
6908-VLGBY,2023-04-10,Refferal,2024-04-09,Basic,Annual,2025-03-04,Too expensive,9.05,181,79,1,yutika,India,Karnataka,Female,1978-09-20 11:31:26,,,,
6341-XNKJA,2024-11-24,Refferal,2024-12-24,Premium,Monthly,2025-07-16,Too expensive,31.69,1711,78,1,falguni,India,Nagaland,Female,1972-12-23 11:31:26,,,,
8919-WAUKV,2025-12-15,Paid,2026-01-14,Standard,Monthly,2026-06-15,Not enough content,13.53,784,91,1,kamala,India,Uttar Pradesh,Female,1984-11-24 11:31:26,2024-09-16,N,54.0,1.0
6655-ANRMR,2023-06-13,Refferal,2024-06-12,Basic,Annual,2025-06-24,Poor streaming quality,8.66,467,79,1,ekavir,India,Delhi,Male,1980-08-07 11:31:26,,,,
1316-SEQMQ,2023-05-07,Refferal,2024-05-06,Basic,Annual,2025-08-11,Switched to competitor,6.51,201,76,1,adya,India,Telangana,Female,1999-09-20 11:31:26,,,,
5760-IJYQD,2022-01-12,Organic,2023-01-12,Premium,Annual,,,82.54,6025,38,0,aradhana,India,Karnataka,Female,1996-04-17 11:31:26,2025-12-08,N,63.0,2.0
7845-IYFDP,2025-11-02,Paid,2025-12-02,Premium,Monthly,2026-03-17,Forgot to cancel trial,84.24,6654,79,1,arya,India,Nagaland,Female,1970-11-17 11:31:26,,,,
5273-IJKDC,2023-04-05,Refferal,2024-04-04,Basic,Annual,2025-11-21,Too expensive,8.81,475,77,1,chasmum,India,Uttar Pradesh,Female,1986-08-15 11:31:26,,,,
2017-YHWKV,2025-06-10,Refferal,2026-06-10,Premium,Annual,2025-12-12,Switched to competitor,36.3,943,74,1,harinakshi,India,Meghalaya,Female,1997-04-09 11:31:26,,,,
2290-BQRNY,2025-05-04,Paid,2026-05-04,Premium,Annual,,,71.43,2428,44,0,azad,India,Karnataka,Male,1961-07-02 11:31:26,,,,
2482-SEYIB,2021-04-17,Paid,2022-04-17,Premium,Annual,,,48.65,827,45,0,chatresh,India,Uttar Pradesh,Male,1992-12-01 11:31:26,2025-11-14,N,68.0,2.0
6709-ERPPS,2025-04-06,Organic,2026-04-06,Premium,Annual,2025-05-22,Poor streaming quality,37.37,2802,90,1,azad,India,Rajasthan,Male,1961-05-02 11:31:26,2025-06-28,Y,16.0,1.0
4388-NEBSX,2022-07-02,Paid,2022-08-01,Basic,Monthly,,,8.93,759,56,0,sai,India,Uttar Pradesh,Male,1987-10-26 11:31:26,2026-08-04,N,59.0,2.0
0225-JNFKM,2022-06-27,Paid,2022-07-27,Premium,Monthly,,,90.57,5796,35,0,ekantika,India,Meghalaya,Female,2008-06-01 11:31:26,,,,
0238-CKRYX,2025-01-11,Organic,2025-02-10,Standard,Monthly,2025-09-22,Poor streaming quality,12.52,212,84,1,jalsa,India,Meghalaya,Female,1974-03-29 11:31:26,,,,
8136-XSXBZ,2022-07-26,Paid,2023-07-26,Standard,Annual,,,16.45,411,6,0,gabriel,India,Rajasthan,Male,1983-01-17 11:31:26,,,,
8320-JCJPT,2022-03-19,Organic,2023-03-19,Premium,Annual,,,25.82,2091,32,0,dipta,India,Meghalaya,Female,1996-10-19 11:31:26,,,,
9443-TWCSK,2021-08-08,Refferal,2022-08-08,Premium,Annual,,,39.14,2583,47,0,sarthak,India,Karnataka,Male,1974-08-03 11:31:26,2025-05-18,N,87.0,1.0
9770-CCIZO,2023-02-28,Paid,2023-03-30,Standard,Monthly,,,13.66,969,38,0,fitan,India,Meghalaya,Male,1990-10-13 11:31:26,2026-06-28,N,56.0,1.0
3875-KQSCK,2021-05-28,Paid,2022-05-28,Standard,Annual,,,14.28,699,49,0,anusha,India,Rajasthan,Female,1969-02-02 11:31:26,,,,
2839-IAWAR,2025-02-09,Refferal,2025-03-11,Standard,Monthly,,,11.77,635,32,0,riya,India,Nagaland,Female,1980-09-21 11:31:26,2024-09-01,N,80.0,1.0
1580-ZWHDU,2021-02-06,Refferal,2022-02-06,Basic,Annual,2024-01-16,Not enough content,8.99,647,78,1,yagnesh,India,Delhi,Male,2005-01-16 11:31:26,,,,
6712-SEHRR,2021-09-01,Organic,2022-09-01,Standard,Annual,,,15.64,484,53,0,aarini,India,Karnataka,Female,1982-11-26 11:31:26,,,,
3858-SSNLA,2024-09-13,Paid,2024-10-13,Premium,Monthly,,,84.69,1439,47,0,chaitanya,India,Nagaland,Male,1983-10-31 11:31:26,2025-10-29,N,74.0,1.0
9751-NYOHY,2023-01-12,Organic,2023-02-11,Standard,Monthly,,,16.24,1185,41,0,meghana,India,Telangana,Female,1990-08-24 11:31:26,2026-04-03,N,72.0,1.0
8037-QEXAT,2024-08-13,Paid,2025-08-13,Standard,Annual,,,13.83,1175,11,0,wazir,India,Delhi,Male,2003-02-13 11:31:26,,,,
6912-IIADE,2021-06-17,Organic,2021-07-17,Basic,Monthly,2022-06-07,Poor streaming quality,9.61,317,77,1,harshil,India,Karnataka,Male,1958-07-24 11:31:26,2025-03-07,Y,34.0,1.0
0948-NOYRG,2023-01-03,Refferal,2024-01-03,Standard,Annual,,,16.63,1080,10,0,varenya,India,Meghalaya,Female,1971-08-25 11:31:26,,,,
9290-LBSTK,2024-02-24,Organic,2025-02-23,Basic,Annual,,,6.31,334,19,0,gagan,India,Karnataka,Male,1977-01-12 11:31:26,2024-09-17,Y,11.0,1.0
8452-XXQZU,2024-10-05,Organic,2025-10-05,Premium,Annual,,,21.91,1073,57,0,hemangini,India,Delhi,Female,1997-04-11 11:31:26,2025-11-11,N,53.0,1.0
0072-VUGQL,2024-03-30,Organic,2024-04-29,Basic,Monthly,2026-08-22,Too expensive,8.9,382,77,1,chanchal,India,Telangana,Female,1989-04-16 11:31:26,2026-03-16,Y,34.0,1.0
0610-ENYTX,2023-01-17,Organic,2023-02-16,Standard,Monthly,2023-05-01,Poor streaming quality,16.62,1096,74,1,owen,India,Rajasthan,Male,1982-08-27 11:31:26,2025-10-02,N,89.0,1.0
2619-GDLLW,2021-04-24,Refferal,2022-04-24,Standard,Annual,,,12.92,943,32,0,gopal,India,Uttar Pradesh,Male,1963-10-06 11:31:26,,,,
7862-GCXLH,2026-04-03,Paid,2026-05-03,Basic,Monthly,2026-07-30,Too expensive,8.94,455,94,1,zilmil,India,Maharashtra,Female,2000-09-24 11:31:26,,,,
2220-FRAXO,2025-08-06,Refferal,2026-08-06,Basic,Annual,,,8.46,372,35,0,radhika,India,Uttar Pradesh,Female,1967-06-28 11:31:26,,,,
0160-EJFVG,2021-11-24,Paid,2022-11-24,Basic,Annual,,,8.92,695,47,0,yashica,India,Rajasthan,Female,1959-04-10 11:31:26,2026-03-07,N,64.0,2.0
7880-NQDNW,2020-12-10,Refferal,2021-12-10,Premium,Annual,2021-03-17,Too expensive,52.49,4409,72,1,lakshit,India,Telangana,Male,2008-07-15 11:31:26,,,,
9483-BOGKB,2025-03-20,Paid,2026-03-20,Standard,Annual,2026-05-07,Too expensive,11.62,650,80,1,dayita,India,Telangana,Female,1979-09-09 11:31:26,,,,
3744-ACNBM,2023-07-01,Paid,2024-06-30,Basic,Annual,2024-06-24,Poor streaming quality,7.48,246,77,1,warjas,India,Nagaland,Male,1971-03-01 11:31:26,2024-12-15,Y,19.0,1.0
6325-JWOKL,2020-12-12,Paid,2021-12-12,Premium,Annual,,,70.67,4028,43,0,anya,India,Delhi,Female,1998-07-05 11:31:26,,,,
4692-XTPUG,2022-04-11,Organic,2022-05-11,Basic,Monthly,,,8.45,642,51,0,rajata,India,Telangana,Female,2001-11-24 11:31:26,2025-07-04,N,88.0,2.0
1399-UAMSO,2020-11-19,Paid,2021-11-19,Premium,Annual,2023-10-25,Switched to competitor,33.57,1342,77,1,vasana,Nepal,Kathmandu,Female,1974-12-06 11:31:26,,,,
2459-EZGHJ,2025-12-15,Paid,2026-12-15,Standard,Annual,,,12.69,926,62,0,ati,India,Meghalaya,Female,1999-12-13 11:31:26,,,,
7464-IKKKO,2021-07-18,Paid,2022-07-18,Standard,Annual,,,13.71,754,65,0,hema,India,Maharashtra,Female,1990-05-31 11:31:26,,,,
3347-XONUO,2023-06-05,Organic,2024-06-04,Basic,Annual,,,9.14,219,5,0,akshay,India,Karnataka,Male,1964-01-31 11:31:26,2026-06-06,N,56.0,2.0
3145-IDZNH,2024-01-17,Refferal,2025-01-16,Basic,Annual,2024-03-19,Forgot to cancel trial,6.52,149,87,1,vamakshi,India,Delhi,Female,2001-07-19 11:31:26,2025-04-16,Y,19.0,2.0
7642-NAZMP,2021-12-17,Organic,2022-01-16,Premium,Monthly,2022-07-28,Forgot to cancel trial,78.17,4924,85,1,omaja,India,Nagaland,Female,1999-05-09 11:31:26,,,,
1632-OVBDN,2022-07-06,Paid,2022-08-05,Premium,Monthly,,,39.74,3536,57,0,christopher,Nepal,Kathmandu,Male,2002-09-11 11:31:26,2024-10-31,N,56.0,1.0
7566-JELVP,2025-08-21,Refferal,2026-08-21,Premium,Annual,,,26.81,2010,13,0,triveni,India,Rajasthan,Female,1985-06-22 11:31:26,2025-05-22,N,86.0,2.0
0218-LIDGL,2024-01-01,Organic,2024-12-31,Premium,Annual,2026-02-26,Poor streaming quality,58.75,3113,70,1,warinder,Nepal,Kathmandu,Male,2000-03-11 11:31:26,,,,
9475-VYLMD,2025-10-04,Paid,2025-11-03,Premium,Monthly,2025-11-28,Forgot to cancel trial,36.8,2244,82,1,avi,India,Uttar Pradesh,Male,,2024-12-04,N,83.0,1.0
4927-BQOVN,2021-08-29,Refferal,2021-09-28,Premium,Monthly,,,75.99,5015,15,0,vasana,India,Maharashtra,Female,1968-10-13 11:31:26,2025-05-21,N,52.0,1.0
4148-KAAYW,2024-10-10,Organic,2025-10-10,Standard,Annual,,,15.03,360,51,0,vasudha,India,Karnataka,Female,1973-11-11 11:31:26,,,,
7321-RZCEI,2026-03-31,Paid,2026-04-30,Premium,Monthly,,,92.56,6386,48,0,praneel,India,Uttar Pradesh,Male,1986-09-28 11:31:26,2025-01-15,N,71.0,1.0
9410-OTNLQ,2020-10-27,Paid,2021-10-27,Basic,Annual,,,9.68,784,52,0,devansh,India,Delhi,Male,1997-04-16 11:31:26,,,,
5601-TONEO,2022-04-02,Paid,2023-04-02,Standard,Annual,2022-10-06,Not enough content,13.17,842,75,1,ayushman,India,Nagaland,Male,1998-07-13 11:31:26,2025-07-27,Y,21.0,2.0
9631-DBIKV,2021-08-15,Paid,2022-08-15,Basic,Annual,2022-11-04,Forgot to cancel trial,9.44,764,76,1,shaurya,India,Meghalaya,Male,1993-05-21 11:31:26,,,,
3684-FCPQJ,2021-11-25,Paid,2021-12-25,Standard,Monthly,,,12.54,326,5,0,pavani,India,Delhi,Female,1972-04-13 11:31:26,,,,
0351-DNCBF,2024-02-09,Paid,2024-03-10,Standard,Monthly,,,15.15,348,28,0,neelima,India,Telangana,Female,1998-07-16 11:31:26,,,,
2353-YSUID,2023-12-18,Paid,2024-12-17,Standard,Annual,,,12.21,427,65,0,frederick,India,Delhi,Male,1964-04-26 11:31:26,,,,
9704-MKKDE,2021-02-18,Paid,2022-02-18,Premium,Annual,,,26.66,1386,22,0,ishwar,India,Nagaland,Male,1958-12-02 11:31:26,2026-05-09,Y,27.0,1.0
4347-OMILT,2025-08-05,Refferal,2025-09-04,Premium,Monthly,2026-07-12,Switched to competitor,30.97,1331,84,1,wishi,Nepal,Kathmandu,Female,1976-08-29 11:31:26,2025-01-26,N,85.0,1.0
6690-SNPEY,2025-06-13,Paid,2025-07-13,Premium,Monthly,,,88.41,5393,26,0,vritti,India,Nagaland,Female,1968-05-29 11:31:26,,,,
0275-BBPUV,2020-09-20,Organic,2021-09-20,Standard,Annual,,,14.42,1110,6,0,liam,India,Rajasthan,Male,1973-11-07 11:31:26,2026-05-20,N,86.0,2.0
5128-DYAAT,2022-07-09,Organic,2022-08-08,Basic,Monthly,2022-08-05,Switched to competitor,6.26,319,83,1,krishna,India,Maharashtra,Female,1963-03-22 11:31:26,,,,
9973-MDBBH,2025-10-06,Organic,2025-11-05,Standard,Monthly,,,14.69,719,21,0,janya,India,Rajasthan,Female,1986-05-25 11:31:26,,,,
7536-CJWMP,2025-11-21,Paid,2026-11-21,Premium,Annual,,,28.62,1116,63,0,falguni,India,Telangana,Female,1959-08-23 11:31:26,,,,
9433-RRIMJ,2023-01-15,Paid,2023-02-14,Standard,Monthly,,,16.24,682,37,0,aarnav,India,Uttar Pradesh,Male,1984-02-26 11:31:26,2026-08-15,N,75.0,2.0
2642-WILUH,2020-10-30,Paid,2020-11-29,Premium,Monthly,2021-03-09,Forgot to cancel trial,45.25,2534,93,1,yashawini,India,Delhi,Female,1977-06-28 11:31:26,2025-09-13,N,60.0,2.0
1981-RATFA,2023-03-29,Paid,2023-04-28,Standard,Monthly,,,15.36,1013,35,0,chavvi,India,Maharashtra,Female,1978-05-06 11:31:26,2025-02-12,N,83.0,1.0
2547-EEMKJ,2024-08-15,Refferal,2025-08-15,Standard,Annual,,,15.81,1122,22,0,abeer,India,Meghalaya,Male,1969-05-21 11:31:26,,,,
2254-WTELB,2026-02-05,Paid,2026-03-07,Standard,Monthly,2026-05-12,Poor streaming quality,11.12,867,84,1,tanvi,Nepal,Kathmandu,Female,1965-11-12 11:31:26,,,,
1969-EBPNS,2022-09-12,Paid,2022-10-12,Premium,Monthly,,,86.46,3631,6,0,ekaja,India,Nagaland,Female,2000-09-05 11:31:26,,,,
7117-INNLU,2024-05-12,Paid,2024-06-11,Premium,Monthly,,,66.01,3696,36,0,kashvi,Nepal,Kathmandu,Female,1962-10-09 11:31:26,,,,
4396-RRWIW,2020-09-23,Refferal,2020-10-23,Premium,Monthly,,,25.43,1525,26,0,chakradev,Nepal,Kathmandu,Male,1998-08-16 11:31:26,,,,
0710-MHPOO,2021-07-26,Paid,2022-07-26,Premium,Annual,,,50.87,813,55,0,niharika,India,Telangana,Female,1964-06-08 11:31:26,2025-07-22,N,63.0,1.0
5834-TEWEK,2026-04-02,Refferal,2027-04-02,Standard,Annual,,,12.99,1104,53,0,amaira,India,Karnataka,Female,1992-11-29 11:31:26,2025-07-26,Y,36.0,2.0
0020-SRESA,2021-09-13,Refferal,2022-09-13,Basic,Annual,2022-01-31,Not enough content,9.22,617,92,1,samaksh,India,Nagaland,Male,1997-03-17 11:31:26,2026-05-20,N,55.0,2.0
4584-VKUBB,2025-08-01,Paid,2026-08-01,Premium,Annual,,,40.56,1135,38,0,aachal,India,Uttar Pradesh,Female,1962-08-31 11:31:26,2026-06-05,Y,39.0,2.0
8185-FVGQU,2023-09-09,Paid,2023-10-09,Premium,Monthly,2026-01-08,Forgot to cancel trial,69.88,2026,76,1,ojas,Nepal,Kathmandu,Male,1993-08-17 11:31:26,2026-02-22,Y,30.0,2.0
7676-VUVLN,2025-03-02,Paid,2026-03-02,Premium,Annual,,,18.42,1270,51,0,hemang,India,Meghalaya,Male,1983-09-20 11:31:26,2024-10-19,N,78.0,1.0
4648-GHXDU,2024-11-13,Paid,2025-11-13,Standard,Annual,2026-04-13,Switched to competitor,12.24,208,91,1,oviya,India,Meghalaya,Female,1962-07-20 11:31:26,,,,
4197-ELSIH,2023-08-06,Paid,2023-09-05,Premium,Monthly,,,56.22,2192,13,0,ayaan,India,Nagaland,Male,1979-11-04 11:31:26,2026-06-17,N,64.0,1.0
3018-YEYGK,2025-09-28,Paid,2026-09-28,Premium,Annual,2026-01-04,Too expensive,69.49,1737,97,1,rajata,India,Meghalaya,Female,1966-08-13 11:31:26,,,,
2624-ZXAHQ,2022-11-03,Paid,2022-12-03,Premium,Monthly,2023-01-24,Switched to competitor,45.96,1424,73,1,dayamai,India,Delhi,Female,1960-12-03 11:31:26,2025-07-27,Y,16.0,1.0
6807-OQEWN,2022-09-27,Refferal,2023-09-27,Standard,Annual,,,14.85,831,18,0,anusha,India,Karnataka,Female,1999-09-19 11:31:26,,,,
9772-KMMII,2024-05-13,Paid,2025-05-13,Standard,Annual,,,15.87,301,41,0,harita,India,Karnataka,Female,2005-06-16 11:31:26,2026-01-18,N,74.0,1.0
4838-PMAJZ,2021-06-07,Paid,2022-06-07,Basic,Annual,,,9.7,484,65,0,ishani,India,Meghalaya,Female,1995-02-21 11:31:26,,,,
0287-LUJFG,2022-01-04,Paid,2023-01-04,Standard,Annual,2023-09-24,Poor streaming quality,16.71,1102,71,1,oliver,Nepal,Kathmandu,Male,1985-11-11 11:31:26,2024-11-12,N,73.0,1.0
7090-CHXRF,2024-11-16,Paid,2024-12-16,Premium,Monthly,,,30.37,1305,62,0,william,Nepal,Kathmandu,Male,1991-03-06 11:31:26,,,,
3493-TQRPN,2024-12-19,Refferal,2025-12-19,Basic,Annual,,,8.09,582,15,0,jagrati,India,Karnataka,Female,2002-11-11 11:31:26,2026-02-28,N,56.0,1.0
4149-GCODT,2022-08-31,Paid,2022-09-30,Premium,Monthly,2024-03-24,Switched to competitor,52.66,4634,72,1,oeshi,India,Karnataka,Female,1998-07-30 11:31:26,,,,
9597-PSSNI,2023-07-14,Paid,2024-07-13,Standard,Annual,2025-06-01,Forgot to cancel trial,11.48,998,90,1,kiaan,India,Uttar Pradesh,Male,1991-09-20 11:31:26,,,,
3582-QACTI,2022-03-26,Organic,2022-04-25,Standard,Monthly,,,11.21,381,37,0,udyati,India,Karnataka,Female,1967-02-23 11:31:26,,,,
4252-ROSYL,2022-10-12,Paid,2022-11-11,Basic,Monthly,2024-10-31,Poor streaming quality,7.06,120,76,1,azad,India,Nagaland,Male,1986-09-26 11:31:26,2025-07-17,N,74.0,1.0
8654-EWONV,2023-09-01,Organic,2024-08-31,Standard,Annual,2025-11-01,Switched to competitor,12.04,710,89,1,yamini,India,Karnataka,Female,1994-04-01 11:31:26,,,,
3346-TBKMF,2023-05-05,Organic,2024-05-04,Premium,Annual,,,71.05,4973,13,0,darsh,India,Nagaland,Male,1966-08-20 11:31:26,,,,
8305-HTXNZ,2023-03-28,Refferal,2023-04-27,Basic,Monthly,,,8.04,160,10,0,madhav,India,Telangana,Male,1967-04-06 11:31:26,2025-05-17,N,76.0,1.0
7200-NITHL,2021-09-20,Refferal,2021-10-20,Premium,Monthly,,,19.61,1274,65,0,bachittar,India,Nagaland,Male,1991-09-28 11:31:26,2026-05-29,N,68.0,1.0
3101-WNLNR,2021-02-05,Refferal,2022-02-05,Standard,Annual,2023-04-04,Not enough content,12.5,875,82,1,caleb,India,Telangana,Male,,2026-06-08,N,75.0,1.0
9042-RCXDR,2026-02-23,Organic,2026-03-25,Premium,Monthly,2026-07-25,Poor streaming quality,79.12,6883,92,1,maanas,India,Maharashtra,Male,1973-02-10 11:31:26,,,,
8165-SXCGI,2021-04-07,Refferal,2021-05-07,Standard,Monthly,,,15.99,287,7,0,brinda,India,Nagaland,Female,1998-12-15 11:31:26,2025-03-10,N,70.0,1.0
4376-SRXBS,2023-06-29,Refferal,2023-07-29,Basic,Monthly,,,8.31,698,56,0,ethan,India,Karnataka,Male,1963-12-09 11:31:26,2026-05-22,Y,17.0,1.0
0315-SFGFG,2022-04-28,Paid,2022-05-28,Premium,Monthly,,,63.43,4313,8,0,advay,India,Nagaland,Male,1992-12-25 11:31:26,,,,
5235-NNQAS,2023-05-13,Paid,2023-06-12,Premium,Monthly,2026-05-02,Forgot to cancel trial,61.45,2519,90,1,ekaja,India,Delhi,Female,2008-08-02 11:31:26,,,,
0686-BUZOU,2023-03-11,Organic,2023-04-10,Basic,Monthly,,,7.98,359,54,0,shivansh,India,Uttar Pradesh,Male,1969-12-16 11:31:26,2025-12-05,N,67.0,1.0
8338-YFTHD,2021-09-22,Refferal,2022-09-22,Premium,Annual,2022-10-30,Switched to competitor,21.24,467,89,1,mugdha,India,Meghalaya,Female,1983-08-11 11:31:26,2024-09-06,Y,37.0,1.0
4786-QTLPV,2025-06-09,Refferal,2026-06-09,Standard,Annual,2026-01-02,Too expensive,14.63,1009,96,1,jack,Nepal,Kathmandu,Male,1959-03-19 11:31:26,,,,
4613-XYMUU,2023-01-02,Refferal,2023-02-01,Basic,Monthly,2025-10-21,Not enough content,6.49,545,90,1,oliver,India,Telangana,Male,1998-10-07 11:31:26,2025-12-06,N,83.0,2.0
2458-IPEBI,2023-06-07,Organic,2024-06-06,Premium,Annual,,,19.95,1356,63,0,omisha,India,Delhi,Female,1985-11-04 11:31:26,2025-12-20,N,51.0,1.0
0705-NQPIZ,2023-04-09,Organic,2023-05-09,Basic,Monthly,2024-01-08,Poor streaming quality,8.23,353,75,1,tristan,India,Meghalaya,Male,1961-02-22 11:31:26,2025-10-09,N,68.0,1.0
3780-RIQWR,2021-08-16,Refferal,2022-08-16,Basic,Annual,,,9.43,235,50,0,michael,India,Uttar Pradesh,Male,1969-06-03 11:31:26,,,,
6062-MBNWV,2021-12-10,Organic,2022-01-09,Standard,Monthly,2024-10-20,Forgot to cancel trial,15.27,519,96,1,leena,India,Telangana,Female,1980-05-11 11:31:26,2025-05-19,N,68.0,1.0
4834-SFFHA,2025-01-23,Paid,2026-01-23,Standard,Annual,,,16.12,983,63,0,mitali,Nepal,Kathmandu,Female,1963-12-26 11:31:26,,,,
0547-TPPPZ,2021-06-28,Organic,2022-06-28,Basic,Annual,,,8.78,526,24,0,arjun,India,Nagaland,Male,1974-04-03 11:31:26,2025-03-16,N,53.0,1.0
2240-ANJOH,2024-03-12,Paid,2025-03-12,Standard,Annual,,,12.12,327,19,0,fiyaz,India,Delhi,Male,1989-11-04 11:31:26,2024-12-16,Y,33.0,1.0
7428-PNFAL,2021-09-07,Refferal,2021-10-07,Standard,Monthly,2024-02-20,Too expensive,16.56,612,73,1,mekhala,India,Telangana,Female,1965-08-28 11:31:26,2024-12-27,N,89.0,1.0
5250-FMIVY,2021-07-25,Paid,2022-07-25,Standard,Annual,,,12.87,733,57,0,faraj,India,Delhi,Male,1970-11-29 11:31:26,,,,
8733-FABDM,2020-11-15,Paid,2021-11-15,Basic,Annual,,,9.65,183,48,0,devika,Nepal,Kathmandu,Female,1990-01-21 11:31:26,,,,
7107-ICHDN,2023-12-10,Organic,2024-01-09,Premium,Monthly,,,64.61,2584,42,0,nathan,India,Nagaland,Male,1981-08-31 11:31:26,,,,
2469-AJCZJ,2022-02-18,Refferal,2022-03-20,Standard,Monthly,,,11.66,932,56,0,urvi,India,Meghalaya,Female,1973-08-14 11:31:26,2025-01-02,N,68.0,1.0
8068-XFZQA,2024-06-18,Refferal,2025-06-18,Standard,Annual,,,12.79,1125,32,0,anay,India,Maharashtra,Male,1966-03-22 11:31:26,,,,
7158-EWXGH,2021-06-27,Paid,2021-07-27,Standard,Monthly,2022-10-24,Forgot to cancel trial,13.12,432,86,1,orinder,India,Maharashtra,Male,1983-09-15 11:31:26,,,,
9147-CKGLC,2023-09-28,Paid,2024-09-27,Standard,Annual,,,14.19,964,16,0,vanya,India,Maharashtra,Female,1969-07-25 11:31:26,,,,
8896-LBYEN,2023-09-15,Paid,2024-09-14,Standard,Annual,2024-10-03,Not enough content,13.27,809,87,1,finn,India,Uttar Pradesh,Male,1980-02-26 11:31:26,,,,
2711-GSDNN,2025-12-05,Refferal,2026-01-04,Standard,Monthly,,,14.8,296,40,0,divya,India,Maharashtra,Female,1965-01-08 11:31:26,,,,
4588-MCWXU,2025-12-28,Refferal,2026-12-28,Standard,Annual,,,13.44,954,15,0,tanmayi,Nepal,Kathmandu,Female,1969-08-17 11:31:26,,,,
4050-METIT,2026-02-01,Paid,2026-03-03,Basic,Monthly,2026-06-11,Not enough content,8.65,752,74,1,eta,India,Meghalaya,Female,1967-06-04 11:31:26,2026-06-30,N,62.0,1.0
7025-KDQSQ,2020-08-30,Paid,2020-09-29,Basic,Monthly,2022-10-14,Switched to competitor,8.32,640,83,1,garima,India,Delhi,Female,1996-11-10 11:31:26,,,,
3717-MRFHU,2022-07-17,Paid,2022-08-16,Standard,Monthly,,,16.92,795,13,0,zehaan,India,Uttar Pradesh,Male,1965-06-27 11:31:26,,,,
8835-YKDBE,2023-05-13,Paid,2024-05-12,Standard,Annual,,,11.85,628,5,0,manbir,India,Uttar Pradesh,Male,1980-05-22 11:31:26,2026-07-12,N,87.0,2.0
6408-HUPFF,2025-03-27,Paid,2026-03-27,Basic,Annual,,,7.81,273,62,0,ethan,India,Telangana,Male,1966-02-15 11:31:26,2026-02-04,Y,23.0,1.0
1511-KLEDS,2022-08-02,Paid,2023-08-02,Standard,Annual,2025-02-08,Poor streaming quality,12.67,1140,95,1,vaishnavi,India,Uttar Pradesh,Female,1981-07-14 11:31:26,,,,
9800-CLLDV,2024-11-04,Organic,2024-12-04,Standard,Monthly,,,15.24,1310,40,0,dayita,India,Maharashtra,Female,1976-06-29 11:31:26,,,,
7764-NTRJK,2021-06-09,Organic,2022-06-09,Premium,Annual,,,50.82,1067,25,0,anusha,India,Uttar Pradesh,Female,1965-12-21 11:31:26,,,,
7573-FHXNU,2022-05-29,Refferal,2022-06-28,Standard,Monthly,,,14.87,401,27,0,devika,India,Uttar Pradesh,Female,1980-02-08 11:31:26,,,,
2526-XSPBL,2024-03-09,Paid,2024-04-08,Premium,Monthly,,,50.07,3104,11,0,suhani,India,Telangana,Female,1991-01-27 11:31:26,,,,
6603-AULJG,2023-03-15,Paid,2023-04-14,Basic,Monthly,2025-11-14,Forgot to cancel trial,9.17,146,85,1,januja,India,Nagaland,Female,1977-06-13 11:31:26,,,,
9514-RSNKX,2022-07-07,Refferal,2023-07-07,Basic,Annual,,,6.09,322,21,0,chakradhar,India,Karnataka,Male,1980-02-06 11:31:26,,,,
7096-CSIMV,2023-12-29,Refferal,2024-01-28,Basic,Monthly,2025-12-02,Forgot to cancel trial,6.79,325,70,1,indali,India,Delhi,Female,1988-07-10 11:31:26,,,,
1939-EKPLT,2025-02-16,Paid,2025-03-18,Standard,Monthly,,,11.32,826,4,0,janya,India,Uttar Pradesh,Female,1983-04-15 11:31:26,,,,
5274-HETDG,2021-10-06,Paid,2022-10-06,Premium,Annual,,,81.06,6809,5,0,maya,India,Delhi,Female,1993-09-22 11:31:26,,,,
1875-SBYXO,2023-09-25,Paid,2023-10-25,Standard,Monthly,2025-09-12,Not enough content,11.77,447,74,1,benjamin,India,Maharashtra,Male,,2025-07-12,Y,18.0,1.0
6576-EQDWA,2026-04-01,Paid,2027-04-01,Standard,Annual,,,12.97,830,23,0,chameli,India,Maharashtra,Female,1966-03-10 11:31:26,2025-06-05,Y,19.0,1.0
5301-APWKN,2022-06-19,Organic,2022-07-19,Premium,Monthly,,,40.44,2466,63,0,yatan,India,Uttar Pradesh,Male,1973-11-16 11:31:26,,,,
4751-LPPZK,2026-01-23,Refferal,2026-02-22,Premium,Monthly,2026-05-26,Not enough content,55.11,3802,87,1,yashodhara,India,Karnataka,Female,1968-03-22 11:31:26,,,,
0884-WKNNN,2022-12-03,Paid,2023-12-03,Basic,Annual,2025-10-21,Forgot to cancel trial,8.16,473,76,1,pranit,India,Karnataka,Male,1998-01-04 11:31:26,,,,
4123-YZPQB,2022-10-06,Paid,2022-11-05,Basic,Monthly,,,6.65,452,49,0,tanay,India,Uttar Pradesh,Male,,,,,
5118-QDAGD,2020-09-15,Paid,2021-09-15,Premium,Annual,,,88.39,2032,42,0,quincy,India,Maharashtra,Male,2006-03-04 11:31:26,2025-04-30,N,54.0,2.0
5158-WMEIS,2025-08-31,Refferal,2026-08-31,Premium,Annual,,,60.92,4020,10,0,udant,India,Telangana,Male,1973-09-21 11:31:26,,,,
0794-FQFAT,2021-11-16,Paid,2022-11-16,Basic,Annual,2022-12-08,Poor streaming quality,9.23,359,92,1,caleb,Nepal,Kathmandu,Male,1996-12-18 11:31:26,,,,
1684-UVYXO,2024-11-25,Refferal,2024-12-25,Basic,Monthly,,,6.11,122,16,0,vamakshi,India,Delhi,Female,1974-10-27 11:31:26,,,,
8425-KAEHA,2025-04-04,Paid,2026-04-04,Basic,Annual,,,8.14,634,42,0,sarthak,India,Meghalaya,Male,1969-02-01 11:31:26,,,,
1957-JWQEN,2021-07-30,Paid,2021-08-29,Basic,Monthly,2023-11-28,Forgot to cancel trial,6.37,375,99,1,mitali,India,Meghalaya,Female,1996-04-06 11:31:26,2026-06-08,N,71.0,2.0
6516-WIVMO,2021-06-10,Refferal,2022-06-10,Premium,Annual,2022-09-03,Forgot to cancel trial,81.14,4543,90,1,sarthak,India,Karnataka,Male,1963-03-16 11:31:26,2025-10-24,N,72.0,1.0
5823-BNIOX,2021-06-18,Paid,2021-07-18,Premium,Monthly,,,63.45,5329,58,0,caleb,India,Maharashtra,Male,1961-03-14 11:31:26,,,,
4586-VKDKT,2023-05-14,Refferal,2024-05-13,Basic,Annual,,,9.17,192,37,0,max,India,Meghalaya,Male,1968-08-05 11:31:26,,,,
8240-WIAZF,2021-01-06,Refferal,2022-01-06,Standard,Annual,,,15.22,1095,40,0,oliver,India,Uttar Pradesh,Male,1987-09-12 11:31:26,,,,
3675-DFGSN,2021-02-22,Refferal,2021-03-24,Premium,Monthly,,,26.4,1478,22,0,raghav,India,Maharashtra,Male,1963-10-09 11:31:26,,,,
5079-QNJDH,2024-04-23,Organic,2024-05-23,Premium,Monthly,2026-02-01,Not enough content,61.53,1661,92,1,samarth,India,Karnataka,Male,2004-08-06 11:31:26,2025-03-08,N,78.0,2.0
3986-QYUAH,2024-09-20,Refferal,2025-09-20,Premium,Annual,2025-10-13,Switched to competitor,41.27,1031,75,1,vedhika,India,Uttar Pradesh,Female,1994-10-17 11:31:26,,,,
4116-GXNLW,2021-10-13,Organic,2021-11-12,Standard,Monthly,2024-09-01,Not enough content,14.4,561,72,1,ekapad,India,Telangana,Male,2001-09-08 11:31:26,,,,
9480-RANYV,2022-04-20,Refferal,2022-05-20,Premium,Monthly,2024-07-11,Poor streaming quality,35.12,2914,94,1,rayaan,India,Karnataka,Male,1998-10-26 11:31:26,2025-08-14,N,74.0,1.0
5469-UNNED,2025-06-08,Paid,2026-06-08,Basic,Annual,,,6.84,321,58,0,nidhi,India,Telangana,Female,1995-06-07 11:31:26,,,,
2698-PQGDY,2023-06-24,Organic,2024-06-23,Basic,Annual,,,7.0,469,42,0,nidra,Nepal,Kathmandu,Female,1982-07-30 11:31:26,2026-02-12,N,77.0,1.0
1552-FZQNT,2020-10-16,Paid,2021-10-16,Standard,Annual,2022-06-14,Too expensive,12.77,868,80,1,isaac,India,Maharashtra,Male,1991-11-06 11:31:26,2024-08-22,N,53.0,1.0
4864-GWAEM,2022-05-13,Paid,2023-05-13,Premium,Annual,,,57.66,3632,53,0,lekha,India,Maharashtra,Female,1988-09-16 11:31:26,,,,
3674-MSXEU,2021-05-08,Paid,2022-05-08,Basic,Annual,,,9.13,301,30,0,vrishti,India,Uttar Pradesh,Female,1963-02-27 11:31:26,,,,
2612-HSPVM,2023-01-14,Paid,2024-01-14,Premium,Annual,,,31.3,813,49,0,mitali,India,Meghalaya,Female,2001-12-29 11:31:26,2026-01-05,Y,20.0,2.0
6434-NGBJE,2020-10-19,Organic,2021-10-19,Premium,Annual,,,49.44,889,24,0,jason,India,Telangana,Male,1991-10-28 11:31:26,2026-03-03,Y,10.0,1.0
8211-KTMMC,2026-05-10,Organic,2026-06-09,Premium,Monthly,2026-07-24,Forgot to cancel trial,75.61,6804,80,1,yatin,Nepal,Kathmandu,Male,1970-03-25 11:31:26,,,,
2254-YIWJY,2024-01-30,Organic,2024-02-29,Basic,Monthly,2026-07-03,Switched to competitor,6.54,143,78,1,bahadurjit,India,Meghalaya,Male,2007-06-15 11:31:26,,,,
1436-TYTQT,2023-12-24,Organic,2024-01-23,Premium,Monthly,,,43.26,1514,12,0,radhika,India,Maharashtra,Female,2007-09-18 11:31:26,,,,
8013-BCKTK,2025-08-18,Paid,2025-09-17,Premium,Monthly,2026-05-06,Forgot to cancel trial,67.27,1950,94,1,urmi,India,Delhi,Female,1965-02-03 11:31:26,,,,
5993-ZROEJ,2026-03-28,Organic,2027-03-28,Standard,Annual,,,14.53,639,6,0,wazir,India,Rajasthan,Male,1976-06-17 11:31:26,2026-04-11,N,79.0,1.0
4394-VULZB,2023-08-02,Paid,2023-09-01,Premium,Monthly,,,45.74,3110,4,0,ridhi,India,Telangana,Female,1963-08-10 11:31:26,,,,
1247-MORQW,2025-07-01,Paid,2026-07-01,Premium,Annual,,,71.44,5572,15,0,abhiram,India,Uttar Pradesh,Male,1997-04-12 11:31:26,2024-12-18,N,77.0,2.0
6110-UUCHJ,2023-04-16,Refferal,2023-05-16,Premium,Monthly,2025-01-11,Not enough content,68.08,5037,98,1,nathaniel,India,Meghalaya,Male,2006-04-19 11:31:26,,,,
5689-YVSUF,2022-09-10,Paid,2023-09-10,Standard,Annual,2024-01-02,Too expensive,13.54,1029,97,1,ekanta,India,Telangana,Female,2008-07-20 11:31:26,,,,
3532-PCSUH,2022-03-16,Paid,2022-04-15,Basic,Monthly,,,7.99,607,25,0,avi,India,Uttar Pradesh,Male,1998-04-19 11:31:26,,,,
4361-BLZOQ,2024-04-18,Refferal,2025-04-18,Standard,Annual,2024-08-14,Poor streaming quality,13.46,511,83,1,shaurya,India,Rajasthan,Male,2000-03-27 11:31:26,,,,
6876-YEUUN,2020-12-01,Refferal,2021-12-01,Premium,Annual,,,56.74,4482,63,0,pranav,India,Nagaland,Male,1972-08-19 11:31:26,2025-03-22,Y,23.0,1.0
7352-ELZZP,2023-08-05,Organic,2024-08-04,Basic,Annual,,,8.98,224,59,0,brinda,India,Uttar Pradesh,Female,1958-01-08 11:31:26,,,,
4516-KMCBL,2025-01-12,Paid,2025-02-11,Premium,Monthly,2025-08-01,Too expensive,48.0,1632,97,1,hemani,India,Delhi,Female,1974-08-25 11:31:26,2025-11-01,Y,34.0,1.0
5676-SQMLQ,2023-10-06,Paid,2024-10-05,Basic,Annual,,,9.71,223,62,0,fiyaz,India,Maharashtra,Male,1956-11-29 11:31:26,,,,
4597-VLNMU,2025-05-23,Refferal,2025-06-22,Standard,Monthly,,,12.58,817,54,0,nisha,Nepal,Kathmandu,Female,1991-06-24 11:31:26,2026-01-03,Y,33.0,1.0
1573-KKORV,2022-03-14,Paid,2023-03-14,Standard,Annual,,,11.16,680,4,0,matthew,India,Delhi,Male,1970-06-04 11:31:26,,,,
6241-VPGOX,2021-03-10,Organic,2022-03-10,Premium,Annual,2022-12-23,Not enough content,69.78,2023,91,1,pratyush,India,Meghalaya,Male,2006-10-17 11:31:26,,,,
6045-JWCZK,2025-05-15,Paid,2026-05-15,Premium,Annual,,,20.98,1363,24,0,qushi,India,Nagaland,Female,1972-11-20 11:31:26,,,,
8229-SZLJM,2021-06-04,Paid,2022-06-04,Standard,Annual,,,14.75,1106,56,0,abha,India,Karnataka,Female,1976-10-25 11:31:26,2026-03-13,Y,11.0,2.0
9197-JBJMC,2022-08-05,Refferal,2023-08-05,Premium,Annual,2025-07-12,Not enough content,43.14,1294,71,1,samesh,India,Telangana,Male,1993-07-27 11:31:26,2026-06-17,N,87.0,1.0
3059-EGEWG,2021-11-21,Refferal,2021-12-21,Standard,Monthly,,,14.54,727,55,0,charan,India,Telangana,Male,1964-05-18 11:31:26,,,,
1079-OTOJW,2021-11-28,Paid,2022-11-28,Premium,Annual,2024-11-26,Switched to competitor,76.48,6500,83,1,zayan,India,Nagaland,Male,1963-05-11 11:31:26,2026-06-07,N,62.0,2.0
8491-SLFZE,2025-07-02,Refferal,2026-07-02,Premium,Annual,,,54.93,4833,13,0,zansi,India,Rajasthan,Female,1976-09-19 11:31:26,,,,
4289-STYPT,2023-01-14,Refferal,2024-01-14,Premium,Annual,2025-09-27,Too expensive,72.29,5638,71,1,deepa,India,Karnataka,Female,1969-07-20 11:31:26,2026-06-21,Y,35.0,1.0
2654-CNAFE,2025-05-06,Organic,2025-06-05,Basic,Monthly,,,9.36,430,8,0,dalbir,India,Karnataka,Male,1976-12-29 11:31:26,,,,
8456-PFMGF,2023-05-24,Organic,2023-06-23,Premium,Monthly,,,40.69,2685,35,0,adweta,India,Uttar Pradesh,Female,2004-02-27 11:31:26,,,,
9625-ATMRL,2024-08-11,Refferal,2024-09-10,Standard,Monthly,,,16.8,655,61,0,nimrat,India,Uttar Pradesh,Female,1959-10-11 11:31:26,,,,
5052-YFWLQ,2025-05-02,Refferal,2026-05-02,Standard,Annual,,,12.55,1079,44,0,ekiya,India,Rajasthan,Female,1967-08-01 11:31:26,,,,
5940-UXAND,2025-01-10,Paid,2025-02-09,Premium,Monthly,,,76.95,5001,47,0,yutika,India,Maharashtra,Female,1997-05-03 11:31:26,2025-04-28,N,71.0,1.0
8124-ZIYTO,2020-10-20,Paid,2020-11-19,Standard,Monthly,,,16.51,561,10,0,max,India,Nagaland,Male,1968-04-17 11:31:26,,,,
8523-OUGZK,2021-11-30,Paid,2021-12-30,Premium,Monthly,,,47.11,800,34,0,dhriti,India,Telangana,Female,1964-08-28 11:31:26,2026-05-09,Y,13.0,1.0
6172-HOETJ,2024-08-04,Refferal,2024-09-03,Basic,Monthly,,,6.64,491,10,0,ekavir,Nepal,Kathmandu,Male,1981-01-22 11:31:26,,,,
1020-JXQHZ,2021-05-11,Paid,2022-05-11,Standard,Annual,,,12.63,770,61,0,nikita,Nepal,Kathmandu,Female,1999-09-08 11:31:26,,,,
1858-GFXYT,2026-04-12,Paid,2027-04-12,Premium,Annual,,,56.73,4254,33,0,dhruv,India,Delhi,Male,1981-06-08 11:31:26,,,,
0877-IYZWN,2024-08-10,Organic,2024-09-09,Premium,Monthly,,,34.34,2781,19,0,unnati,India,Uttar Pradesh,Female,1990-05-31 11:31:26,2026-03-17,Y,23.0,1.0
6577-HJGVA,2020-09-29,Refferal,2021-09-29,Premium,Annual,,,59.49,4997,34,0,balvan,India,Meghalaya,Male,1976-02-19 11:31:26,2025-08-09,N,62.0,1.0
2693-AAJLQ,2020-11-18,Paid,2021-11-18,Premium,Annual,,,84.31,5901,46,0,upasna,India,Nagaland,Female,1967-09-24 11:31:26,2024-11-07,N,71.0,1.0
0525-UJXNI,2023-05-03,Paid,2024-05-02,Premium,Annual,2026-04-30,Not enough content,39.99,2399,83,1,ayushman,India,Uttar Pradesh,Male,1959-11-25 11:31:26,,,,
3662-VFKWR,2020-11-19,Organic,2020-12-19,Standard,Monthly,,,14.34,659,4,0,jonathan,Nepal,Kathmandu,Male,1965-01-03 11:31:26,,,,
5284-BECAX,2024-06-22,Paid,2024-07-22,Premium,Monthly,,,73.56,5884,36,0,nidhi,India,Telangana,Female,1986-07-19 11:31:26,2026-02-23,Y,30.0,1.0
4486-IEIKF,2025-12-05,Refferal,2026-12-05,Premium,Annual,2026-06-04,Too expensive,78.91,4813,77,1,david,India,Nagaland,Male,1957-07-28 11:31:26,,,,
0765-ZXQUU,2024-01-06,Paid,2024-02-05,Standard,Monthly,2025-02-19,Not enough content,13.96,949,96,1,harshil,India,Maharashtra,Male,1968-11-22 11:31:26,2025-01-14,Y,11.0,1.0
3861-QMTLJ,2020-10-21,Refferal,2021-10-21,Premium,Annual,,,71.17,4554,5,0,pushti,India,Nagaland,Female,1988-03-22 11:31:26,2024-12-05,N,86.0,1.0
1494-QJPJC,2026-02-03,Paid,2026-03-05,Premium,Monthly,,,50.59,3136,20,0,maya,India,Rajasthan,Female,1983-05-10 11:31:26,,,,
9789-WXTXV,2022-08-30,Refferal,2022-09-29,Premium,Monthly,,,28.0,504,43,0,owen,Nepal,Kathmandu,Male,1962-08-26 11:31:26,2026-05-08,N,87.0,1.0
4428-ECTLU,2023-07-17,Paid,2024-07-16,Premium,Annual,,,44.95,1887,21,0,jai,India,Meghalaya,Male,1958-11-18 11:31:26,2024-10-09,N,59.0,1.0
7486-FMQKB,2023-09-05,Organic,2023-10-05,Standard,Monthly,,,14.19,794,43,0,advika,India,Uttar Pradesh,Female,1988-12-19 11:31:26,,,,
9347-IICHK,2026-03-07,Paid,2026-04-06,Premium,Monthly,,,20.43,1082,22,0,gopal,India,Uttar Pradesh,Male,1982-06-05 11:31:26,,,,
5943-TXBWJ,2025-10-27,Paid,2025-11-26,Standard,Monthly,,,13.56,772,20,0,harinakshi,India,Rajasthan,Female,2008-03-06 11:31:26,2025-09-17,N,61.0,1.0
9880-KGBWG,2025-12-13,Paid,2026-12-13,Premium,Annual,2026-01-04,Too expensive,79.8,5825,81,1,chavvi,India,Maharashtra,Female,1988-06-15 11:31:26,2026-06-24,N,57.0,1.0
2906-XPAQL,2022-09-29,Paid,2022-10-29,Standard,Monthly,,,14.75,944,4,0,wazir,India,Meghalaya,Male,1965-11-22 11:31:26,2025-10-25,N,87.0,1.0
6930-KLYID,2024-07-05,Paid,2025-07-05,Standard,Annual,2024-10-10,Forgot to cancel trial,13.49,566,72,1,urvi,India,Rajasthan,Female,1973-09-30 11:31:26,,,,
1219-SODZB,2021-09-04,Organic,2021-10-04,Premium,Monthly,,,82.4,5932,61,0,damyanti,India,Maharashtra,Female,1996-09-17 11:31:26,2025-05-25,N,62.0,2.0
1448-LAOFN,2023-08-05,Paid,2024-08-04,Basic,Annual,,,6.91,559,19,0,jalsa,India,Meghalaya,Female,1960-09-08 11:31:26,,,,
4017-NHPVW,2021-04-14,Refferal,2022-04-14,Premium,Annual,2022-08-02,Switched to competitor,82.89,2901,70,1,samar,India,Maharashtra,Male,1986-11-08 11:31:26,2026-08-10,Y,31.0,1.0
6531-BCFJR,2023-04-26,Paid,2024-04-25,Premium,Annual,,,83.28,5663,11,0,diya,India,Karnataka,Female,1964-12-08 11:31:26,2025-09-04,N,50.0,1.0
1471-CNBXQ,2025-01-07,Organic,2026-01-07,Premium,Annual,,,88.79,6836,24,0,yug,India,Karnataka,Male,1985-07-16 11:31:26,,,,
1478-LTYAU,2023-11-03,Organic,2023-12-03,Premium,Monthly,2026-03-18,Switched to competitor,63.58,1144,75,1,maanas,India,Telangana,Male,1976-10-12 11:31:26,2024-09-19,N,58.0,1.0
6152-UKKWJ,2023-06-23,Paid,2023-07-23,Standard,Monthly,2026-03-29,Not enough content,11.55,392,72,1,omisha,India,Uttar Pradesh,Female,1983-03-25 11:31:26,,,,
4197-BTHWO,2022-04-08,Organic,2022-05-08,Basic,Monthly,,,8.66,753,41,0,reyansh,India,Karnataka,Male,1999-09-27 11:31:26,,,,
2502-JGNVL,2024-08-02,Refferal,2024-09-01,Basic,Monthly,2026-01-25,Too expensive,8.4,420,96,1,nimrat,India,Rajasthan,Female,,2026-04-27,N,59.0,1.0
4786-PQGHH,2023-10-28,Refferal,2023-11-27,Standard,Monthly,,,11.08,398,49,0,isaiah,India,Meghalaya,Male,1999-11-01 11:31:26,2026-05-08,N,84.0,2.0
2686-FUSNJ,2025-07-25,Paid,2025-08-24,Premium,Monthly,,,30.94,1577,26,0,girindra,India,Delhi,Male,1977-12-18 11:31:26,2026-06-06,N,84.0,1.0
0916-VVZQV,2026-01-14,Refferal,2026-02-13,Premium,Monthly,,,89.24,5532,58,0,wazir,India,Uttar Pradesh,Male,2002-07-17 11:31:26,,,,
7235-TGQAK,2021-09-01,Paid,2021-10-01,Premium,Monthly,,,87.87,5008,43,0,qarin,India,Uttar Pradesh,Male,1996-12-10 11:31:26,,,,
1523-UDOGB,2024-07-02,Organic,2024-08-01,Standard,Monthly,,,15.04,767,24,0,xalak,India,Karnataka,Female,1965-01-12 11:31:26,2025-06-06,N,70.0,1.0
4621-UWCRU,2021-04-28,Paid,2021-05-28,Standard,Monthly,,,11.95,776,47,0,brijesh,Nepal,Kathmandu,Male,1976-11-06 11:31:26,2025-06-05,Y,30.0,1.0
9683-OPIOC,2024-11-25,Organic,2025-11-25,Premium,Annual,,,87.78,2018,30,0,charan,India,Uttar Pradesh,Male,2003-08-23 11:31:26,,,,
7103-MRNLM,2021-01-03,Organic,2022-01-03,Premium,Annual,,,67.1,1476,7,0,hamsini,India,Karnataka,Female,2006-01-25 11:31:26,,,,
5524-YHSRY,2022-08-02,Organic,2022-09-01,Basic,Monthly,2025-06-29,Switched to competitor,9.93,853,94,1,hardik,India,Rajasthan,Male,2005-06-03 11:31:26,2025-10-29,N,75.0,1.0
7418-JRSJI,2021-05-05,Paid,2021-06-04,Basic,Monthly,,,7.52,323,55,0,tamanna,India,Nagaland,Female,1982-06-15 11:31:26,,,,
5786-MBKZJ,2024-10-21,Organic,2025-10-21,Premium,Annual,,,89.68,4663,49,0,unnati,India,Meghalaya,Female,1962-04-02 11:31:26,,,,
0841-HOWWT,2025-01-13,Paid,2025-02-12,Standard,Monthly,,,11.02,440,14,0,liam,India,Delhi,Male,2007-08-18 11:31:26,,,,
2120-LDZLM,2024-12-26,Paid,2025-12-26,Standard,Annual,,,15.64,344,63,0,laban,Nepal,Kathmandu,Male,2008-06-26 11:31:26,,,,
8462-FSODG,2022-09-07,Refferal,2022-10-07,Premium,Monthly,,,75.35,5199,61,0,ryan,India,Maharashtra,Male,2008-08-16 11:31:26,,,,
3477-LQUAH,2026-04-25,Refferal,2026-05-25,Premium,Monthly,2026-07-20,Poor streaming quality,86.91,6518,71,1,tanmayi,Nepal,Kathmandu,Female,2004-04-17 11:31:26,,,,
5177-RXHEG,2022-03-29,Organic,2022-04-28,Premium,Monthly,2023-04-25,Not enough content,81.99,3935,74,1,yashodhara,India,Delhi,Female,1976-03-01 11:31:26,,,,
9653-NCWWY,2021-04-04,Paid,2021-05-04,Basic,Monthly,2021-06-09,Forgot to cancel trial,9.72,301,99,1,utkarsh,India,Nagaland,Male,1997-09-05 11:31:26,,,,
5867-RPVKJ,2023-06-14,Paid,2024-06-13,Premium,Annual,,,29.71,1960,65,0,jeremiah,India,Uttar Pradesh,Male,2006-03-05 11:31:26,,,,
2704-VAKYC,2024-04-01,Organic,2025-04-01,Basic,Annual,,,9.86,335,20,0,jack,India,Uttar Pradesh,Male,1991-05-24 11:31:26,2024-11-27,N,52.0,1.0
2571-UHWCO,2024-11-17,Paid,2025-11-17,Premium,Annual,,,48.64,2383,33,0,chandran,India,Uttar Pradesh,Male,,2026-04-19,Y,16.0,1.0
5111-BAPHF,2024-07-15,Refferal,2024-08-14,Basic,Monthly,,,9.22,709,14,0,zaid,India,Meghalaya,Male,1987-07-21 11:31:26,,,,
7502-XDMFN,2022-11-02,Refferal,2023-11-02,Standard,Annual,,,13.11,917,46,0,gaurav,India,Telangana,Male,1984-05-19 11:31:26,,,,
4613-SWBDC,2021-07-07,Organic,2021-08-06,Standard,Monthly,2023-03-11,Too expensive,11.33,838,73,1,omisha,India,Karnataka,Female,1995-11-14 11:31:26,,,,
3607-SDMKX,2025-01-03,Paid,2026-01-03,Basic,Annual,,,6.19,544,26,0,chasmum,India,Delhi,Female,1984-11-27 11:31:26,,,,
4318-DFHVS,2025-03-12,Organic,2026-03-12,Standard,Annual,2026-08-14,Not enough content,16.51,1469,89,1,yatin,India,Telangana,Male,1976-04-06 11:31:26,,,,
4475-PIKJH,2022-04-29,Paid,2022-05-29,Standard,Monthly,,,16.49,824,61,0,harrison,India,Telangana,Male,1979-08-13 11:31:26,2025-08-19,N,60.0,1.0
4191-TFDRS,2022-02-21,Paid,2023-02-21,Premium,Annual,,,80.74,6943,15,0,zayyan,India,Karnataka,Male,,2025-04-29,Y,28.0,1.0
9754-RNFKF,2026-02-11,Refferal,2026-03-13,Premium,Monthly,2026-04-21,Not enough content,90.63,4440,98,1,aditya,India,Maharashtra,Male,2005-01-12 11:31:26,,,,
1839-FLHDS,2026-05-02,Refferal,2027-05-02,Standard,Annual,,,15.74,424,26,0,anamika,India,Delhi,Female,1960-08-06 11:31:26,2026-05-26,N,73.0,1.0
2832-XBSCK,2022-11-04,Refferal,2023-11-04,Standard,Annual,,,11.26,450,37,0,dhriti,India,Telangana,Female,1967-04-13 11:31:26,2025-04-07,Y,36.0,1.0
1984-MEBKB,2023-03-08,Paid,2024-03-07,Premium,Annual,,,31.32,2380,3,0,riya,India,Karnataka,Female,1965-08-12 11:31:26,2024-09-16,N,66.0,1.0
3344-JQPYF,2023-11-02,Refferal,2023-12-02,Premium,Monthly,2025-07-28,Switched to competitor,46.58,1863,99,1,gaurang,India,Karnataka,Male,1963-05-16 11:31:26,,,,
6179-ZCFHW,2025-09-21,Paid,2025-10-21,Basic,Monthly,2026-05-25,Not enough content,7.09,304,89,1,nidra,India,Karnataka,Female,1982-10-31 11:31:26,2025-07-01,N,62.0,2.0
3458-YGLQB,2024-10-02,Paid,2025-10-02,Standard,Annual,,,14.05,885,8,0,nimrat,India,Maharashtra,Female,1996-11-28 11:31:26,2025-08-12,N,83.0,2.0
3370-BTBWO,2024-06-07,Organic,2025-06-07,Standard,Annual,2025-12-05,Poor streaming quality,14.6,671,76,1,yatan,Nepal,Kathmandu,Male,1978-12-19 11:31:26,,,,
7518-IMDCC,2023-05-17,Refferal,2023-06-16,Basic,Monthly,,,9.08,726,10,0,vrinda,India,Nagaland,Female,1977-01-30 11:31:26,,,,
6826-JQVAB,2023-07-21,Paid,2023-08-20,Premium,Monthly,,,88.06,2994,20,0,gaurangi,India,Meghalaya,Female,1958-05-11 11:31:26,,,,
4652-YGIBO,2022-02-25,Paid,2023-02-25,Premium,Annual,,,28.86,952,17,0,shivani,India,Nagaland,Female,1976-09-07 11:31:26,,,,
9823-DHXTR,2024-03-08,Refferal,2024-04-07,Standard,Monthly,,,14.8,947,26,0,saanvi,India,Meghalaya,Female,1994-05-02 11:31:26,,,,
7779-PPINV,2025-01-16,Paid,2025-02-15,Premium,Monthly,,,72.51,2175,42,0,patrick,India,Meghalaya,Male,1982-03-22 11:31:26,,,,
4313-CSKIL,2022-06-25,Organic,2023-06-25,Standard,Annual,,,12.05,759,10,0,meghana,India,Meghalaya,Female,1960-07-30 11:31:26,,,,
2345-JWDRG,2024-01-12,Organic,2024-02-11,Basic,Monthly,,,9.7,601,10,0,amrita,India,Uttar Pradesh,Female,2002-03-05 11:31:26,2024-11-22,N,80.0,1.0
5051-VYYTT,2022-08-23,Refferal,2022-09-22,Premium,Monthly,,,27.22,1714,53,0,rajeshri,India,Nagaland,Female,,,,,
1818-TDYFW,2025-01-13,Paid,2025-02-12,Basic,Monthly,,,9.59,460,26,0,amara,India,Nagaland,Female,1996-07-26 11:31:26,2025-11-20,N,86.0,1.0
3816-VJBXZ,2021-03-13,Paid,2021-04-12,Basic,Monthly,,,6.72,342,25,0,sachi,India,Rajasthan,Female,1988-10-23 11:31:26,,,,
5237-XVDVI,2026-05-05,Organic,2027-05-05,Premium,Annual,,,51.58,2321,32,0,orinder,India,Uttar Pradesh,Male,2008-07-11 11:31:26,2025-06-18,N,59.0,1.0
0057-QLPWJ,2024-06-09,Refferal,2024-07-09,Basic,Monthly,,,6.5,487,20,0,baghyawati,Nepal,Kathmandu,Female,1973-08-20 11:31:26,,,,
6167-FHMGA,2021-12-26,Refferal,2022-12-26,Premium,Annual,,,88.11,5022,17,0,krishna,India,Telangana,Female,1961-07-10 11:31:26,,,,
1093-NOIIE,2024-01-17,Organic,2024-02-16,Standard,Monthly,,,15.57,1339,14,0,nachiket,India,Karnataka,Male,1998-02-23 11:31:26,,,,
7388-AGCCP,2025-08-19,Refferal,2026-08-19,Standard,Annual,,,14.96,1122,45,0,bachittar,India,Uttar Pradesh,Male,1958-01-15 11:31:26,,,,
2844-RFHKC,2022-07-30,Organic,2023-07-30,Premium,Annual,2023-11-26,Switched to competitor,22.03,1762,90,1,dakshesh,India,Rajasthan,Male,1980-01-12 11:31:26,,,,
9740-JCTQI,2023-09-25,Paid,2023-10-25,Basic,Monthly,,,9.32,708,53,0,aishani,India,Rajasthan,Female,1969-11-12 11:31:26,2024-09-17,Y,37.0,1.0
6281-JMROB,2023-11-26,Refferal,2024-11-25,Standard,Annual,,,14.3,386,45,0,udyati,India,Rajasthan,Female,1962-01-23 11:31:26,2026-06-10,N,51.0,1.0
8456-ZXVIC,2020-10-02,Paid,2021-10-02,Standard,Annual,2021-05-17,Too expensive,12.48,848,93,1,kiaan,India,Meghalaya,Male,1988-03-02 11:31:26,,,,
2183-WKOFY,2024-01-07,Paid,2024-02-06,Premium,Monthly,2025-03-12,Forgot to cancel trial,86.02,4301,84,1,vrinda,India,Nagaland,Female,1993-06-20 11:31:26,2026-08-11,Y,12.0,1.0
8055-OPICZ,2023-12-01,Paid,2023-12-31,Standard,Monthly,2025-10-12,Switched to competitor,16.14,581,95,1,saanvi,India,Meghalaya,Female,1979-07-25 11:31:26,,,,
0956-MWCZI,2023-12-06,Refferal,2024-01-05,Standard,Monthly,2025-05-26,Switched to competitor,13.44,1128,92,1,ojasvi,India,Maharashtra,Female,1970-02-06 11:31:26,,,,
1594-STMBC,2021-03-19,Organic,2022-03-19,Premium,Annual,2021-08-12,Forgot to cancel trial,44.17,2517,72,1,yash,India,Meghalaya,Male,1979-05-21 11:31:26,,,,
1417-AHSRD,2022-07-27,Paid,2023-07-27,Basic,Annual,,,9.39,788,50,0,harshil,India,Delhi,Male,1987-04-27 11:31:26,,,,
7724-QHUIL,2025-04-21,Refferal,2026-04-21,Basic,Annual,,,8.24,197,49,0,zayan,India,Rajasthan,Male,1995-03-25 11:31:26,2025-12-21,Y,24.0,2.0
9953-SGYLC,2022-09-23,Organic,2022-10-23,Standard,Monthly,2024-09-17,Switched to competitor,12.97,674,88,1,netra,India,Rajasthan,Female,1974-01-07 11:31:26,2025-07-05,N,77.0,1.0
7749-DPUVY,2024-04-16,Refferal,2024-05-16,Premium,Monthly,2026-06-25,Forgot to cancel trial,75.93,4631,98,1,yadavi,India,Karnataka,Female,2001-12-24 11:31:26,2026-08-03,N,79.0,1.0
0738-GJRXK,2025-06-20,Organic,2026-06-20,Basic,Annual,,,9.13,383,63,0,baljiwan,India,Nagaland,Male,1990-03-04 11:31:26,,,,
8117-VFALZ,2022-04-16,Paid,2022-05-16,Premium,Monthly,,,37.87,1817,13,0,hredhaan,India,Telangana,Male,1991-03-06 11:31:26,2024-09-24,N,68.0,1.0
